post_id,likes,comment_likes_sum,sentiment_positive,sentiment_negative,sentiment_neutral,avg_comment_sentiment,num_comments,sentiment_weighted_engagement
648666020229291857,80,0,0.2212750022775597,0.1382585653165976,0.6404664282666312,0.083016436960962,18,1.4942958652973175
650621903649775301,70,0,0.1825028078754743,0.1620284261306127,0.6554687833786011,0.0204743817448616,12,0.2456925809383392
697757907640524549,72,0,0.161613870698672,0.1331750624454938,0.7052110685751989,0.0284388082531782,13,0.369704507291317
970274811593035557,57,0,0.7414189279079437,0.0577020039781928,0.200879064699014,0.6837169239297509,3,2.0511507717892528
1001399460116499932,54,1,0.7058827877044678,0.0574489942130943,0.2366682272404432,0.6484337934913734,3,1.9453013804741204
1018908836400078258,51,0,0.1364110022996153,0.1452466841467789,0.7183423018455505,-0.0088356818471636,14,-0.1236995458602905
1028438503605790555,349,0,0.5754303637271126,0.2330404846385742,0.1915291591236988,0.3423898790885384,6,2.0543392745312303
1066297649684145742,400,0,0.4320319785177708,0.114164476878941,0.4538035356005033,0.3178675016388297,3,0.9536025049164892
1091486379590319243,61,0,0.6391344619790713,0.0635902218706905,0.2972753346214692,0.5755442401083807,6,3.4532654406502843
1116603045095083820,45,0,0.2260867208242416,0.0451550893485546,0.7287582159042358,0.180931631475687,1,0.180931631475687
1116754340949295087,151,0,0.8415350930690766,0.0431531009422615,0.115311815790832,0.798381992126815,10,7.98381992126815
1130785539713263474,413,0,0.7265945598483086,0.0168630901857146,0.2565423542899744,0.7097314696625939,7,4.968120287638158
1146019945738528633,423,0,0.6046350540518761,0.0726407883614301,0.3227241538614034,0.5319942656904459,10,5.319942656904459
1158995721195298525,501,0,0.979964405298233,0.0046724108979105,0.0153631642460823,0.9752919944003224,2,1.9505839888006449
1172148572263670995,383,0,0.6324775243798891,0.2666123925397793,0.1009100700418154,0.3658651318401098,3,1.0975953955203297
1186453400387616727,143,0,0.6425805572668711,0.1686765360273421,0.1887429133802652,0.473904021239529,6,2.8434241274371743
1200436594258509726,93,0,0.33,0.33,0.34,0.0,1,0.0
1204265236341918721,72,0,0.9649234414100648,0.0058222659863531,0.0292543265968561,0.9591011754237116,1,0.9591011754237116
1206028048399535811,104,0,0.8102356386184693,0.0860473649622872,0.1037170121353119,0.724188273656182,4,2.896753094624728
1212750265486924672,147,0,0.7609016950925191,0.1144186997304981,0.1246795937294761,0.646482995362021,6,3.878897972172126
1227661244946390910,460,0,0.98105479989733,0.0051161060442349,0.0138291003448622,0.9759386938530952,7,6.831570856971666
1228311132017204418,375,0,0.970808446407318,0.0045880343532189,0.0246034860610961,0.9662204120540993,2,1.9324408241081985
1233990109389589918,54,0,0.918039619922638,0.0054982523433864,0.0764621570706367,0.9125413675792516,1,0.9125413675792516
1234863730754012206,29,0,0.9609277248382568,0.0107925739139318,0.0282797161489725,0.950135150924325,1,0.950135150924325
1235719385748554909,40,0,0.9738020300865172,0.0082926210016012,0.0179053992033004,0.965509409084916,1,0.965509409084916
1236644832234470590,117,0,0.7569448333150811,0.0797057337976164,0.1633494227462344,0.6772390995174646,9,6.095151895657182
1240679301869422370,43,0,0.7192175090312958,0.0835101883858442,0.1972722802311182,0.6357073206454515,2,1.271414641290903
1247521416356250925,86,0,0.9750867784023284,0.0041887459810823,0.0207245224155485,0.9708980324212462,2,1.9417960648424923
1250236335768331821,310,0,0.7256208807229996,0.0325379036366939,0.2418411942198872,0.6930829770863056,2,1.3861659541726112
1251286576870105930,723,0,0.7840502497243383,0.0388814215517292,0.1770683220106487,0.7451688281726092,24,17.88405187614262
1254737561200734401,376,0,0.9066844383875527,0.0048535373061895,0.0884619994709889,0.9018309010813632,3,2.70549270324409
1254904892612321439,838,0,0.8143599101617222,0.0318563737471898,0.1537837206146546,0.7825035364145324,21,16.43257426470518
1255436980641799765,470,0,0.9698799252510072,0.0067413512733764,0.023378726793453,0.9631385739776306,4,3.8525542959105215
1256757746101601356,241,0,0.8514638265967369,0.0530211295170011,0.0955150499544106,0.7984426970797358,16,12.775083153275771
1259841922212251527,351,0,0.7659403403103351,0.0265097549192917,0.2075499212431411,0.7394305853910433,24,17.74633404938504
1260301796096296444,363,0,0.7705779314041138,0.0547502161934971,0.1746718384325504,0.7158277152106166,5,3.579138576053083
1269692098380777442,389,0,0.9872803837060928,0.0037159568164497,0.0090036769397556,0.9835644268896432,4,3.934257707558572
1272655730590317687,68,0,0.5028270445764065,0.3485829476558137,0.1485899966210127,0.1542440969205927,4,0.6169763876823708
1275621784520705589,326,0,0.7656655311584473,0.0092093735001981,0.2251250538975,0.7564561576582491,2,1.5129123153164985
1275971174641739527,98,0,0.8561846613883972,0.0159510727971792,0.1278642416000366,0.840233588591218,1,0.840233588591218
1278458621257794562,451,0,0.903826941728592,0.0372869705706834,0.058886084254831,0.8665399711579085,10,8.665399711579084
1278721367997643800,369,0,0.7742176298052073,0.0320606815221253,0.1937216849764809,0.7421569482830819,16,11.87451117252931
1279876603107549014,72,0,0.8894044458866119,0.0138465195195749,0.0967490524053573,0.875557926367037,2,1.751115852734074
1282228079682756751,401,0,0.8757323901293178,0.0509887177873558,0.0732788858454053,0.824743672341962,24,19.79384813620709
1282290868807878094,153,0,0.5399767072995504,0.2214919105063503,0.2385313699704905,0.3184847967932001,6,1.9109087807592005
1283952970240960048,195,0,0.8238630280229781,0.0435343004369901,0.1326026712813311,0.7803287275859879,9,7.022958548273891
1287158133910974301,85,0,0.873076781630516,0.0219873745227232,0.1049358015879988,0.8510894071077928,4,3.404357628431171
1288645676280147562,281,0,0.6857001160581907,0.0322429041843861,0.2820569525162379,0.6534572118738046,6,3.920743271242827
1290435366637888861,875,0,0.9102446185424924,0.008406101920021,0.0813492751137043,0.9018385166224712,24,21.64412439893931
1290673929933086064,502,0,0.7480394158305393,0.1181104338805501,0.1338501571574145,0.6299289819499891,18,11.338721675099803
1290720096872086511,124,0,0.8206670475006104,0.0859389413776807,0.0933940234035253,0.7347281061229296,4,2.9389124244917184
1291736773764214750,238,0,0.4622322097420692,0.0351340322289615,0.5026337437331676,0.4270981775131076,5,2.1354908875655383
1294320821955035623,423,0,0.7023885298520327,0.0982150947675108,0.1993963637699683,0.6041734350845218,15,9.062601526267828
1297779648415741533,249,0,0.6304291213452816,0.0874324676170945,0.2821383991787831,0.5429966537281871,15,8.144949805922806
1298205290503712888,533,0,0.8334806859493256,0.0450148560882856,0.1215044586608807,0.78846582986104,15,11.8269874479156
1302023772769748657,973,0,0.8999280185699463,0.0299823193450768,0.0700896514678994,0.8699456992248694,15,13.04918548837304
1302611594014106075,133,0,0.9698563814163208,0.0082123326137661,0.0219313185662031,0.9616440488025546,1,0.9616440488025546
1311872670698129041,538,0,0.3175530486057202,0.4536051603903373,0.2288418021798134,-0.1360521117846171,6,-0.8163126707077026
1312774480670369021,172,0,0.7556257256323641,0.042327510186217,0.2020467726479877,0.713298215446147,11,7.846280369907618
1313087516350255126,183,0,0.8069999610260129,0.0318265332124428,0.1611735127028077,0.77517342781357,16,12.40277484501712
1314337895934745987,120,0,0.9762110710144044,0.0039519034326076,0.019836988300085,0.9722591675817966,1,0.9722591675817966
1314347994628173722,156,0,0.5792612489064535,0.1149716052599251,0.3057671546811859,0.4642896436465283,3,1.392868930939585
1315321858606581142,135,0,0.7206289160251618,0.1297946271672845,0.1495764732221141,0.5908342888578773,8,4.726674310863018
1316134763627461242,154,0,0.8080093026161194,0.0264329234603792,0.1655577799305319,0.7815763791557402,5,3.9078818957787007
1323767604024695379,988,0,0.8326596500476201,0.027827478457087,0.1395128604940449,0.8048321715905331,24,19.315972118172795
1323878588889554975,93,0,0.450973279128472,0.1360176169686019,0.4130091108878453,0.3149556621598701,3,0.9448669864796102
1331258696440821690,592,0,0.9692572504281998,0.0052384887239895,0.0255042279604822,0.9640187617042102,4,3.8560750468168408
1333420618628267464,126,0,0.8650488650798798,0.0495937690045684,0.0853573691751808,0.8154550960753113,8,6.52364076860249
1333598421927760960,215,0,0.836007641851902,0.0467247582762502,0.1172676163446158,0.7892828835756518,8,6.314263068605214
1334968071169210212,136,0,0.8347965469583869,0.0129225762211717,0.1522808689624071,0.8218739707372151,8,6.574991765897721
1337062765231367230,350,0,0.738974079489708,0.0300552058964967,0.2309707034379244,0.7089188735932112,5,3.544594367966056
1337123230426738151,135,0,0.8415391770998637,0.0592493005748838,0.0992115422710776,0.7822898765249798,6,4.693739259149879
1344044306227204248,921,0,0.7442019307799637,0.0561254500904275,0.1996726076335956,0.6880764806895362,24,16.513835536548868
1345416135172019534,204,4,0.8105162637574332,0.014897472956883,0.1745862649487597,0.7956187908005502,7,5.569331535603851
1345944777815895847,775,0,0.9311844110488892,0.0099688032176345,0.058846793975681,0.9212156078312546,10,9.212156078312546
1348384071986695557,954,0,0.8604592954119047,0.0297549430494351,0.1097857554753621,0.8307043523624694,24,19.936904456699267
1350349159563344661,124,0,0.7975004723999235,0.0668650429002526,0.1356344874161813,0.7306354294996709,18,13.151437730994076
1351570880962070035,720,0,0.8030133170173281,0.0360545605230367,0.1609321291673751,0.7669587564942915,21,16.10613388638012
1354943470712575140,802,0,0.7642238329545311,0.0455801625387824,0.1901960042232404,0.7186436704157487,23,16.52880441956222
1356090494988225545,181,0,0.7400957391478798,0.1038357725756412,0.1560685071145946,0.6362599665722386,11,6.998859632294625
1359283484506242716,980,0,0.7264270625295847,0.0870833145288507,0.1864896179103981,0.6393437480007339,23,14.70490620401688
1360432617426461655,273,3,0.901411513487498,0.0079718571052783,0.0906166330807738,0.8934396563822197,9,8.040956907439977
1361428569515776509,1044,0,0.73061527342846,0.0240986302572612,0.2452861056663096,0.7065166431711987,24,16.956399436108768
1364316361367481417,1029,0,0.8228409275536736,0.0233735906239599,0.153785472237505,0.7994673369297137,24,19.18721608631313
1364361421983158733,299,0,0.8010971507761213,0.0599376420857798,0.138965217706023,0.7411595086903415,18,13.340871156426148
1368820514827467289,195,0,0.33,0.33,0.34,0.0,1,0.0
1370332709797551735,200,0,0.537401981651783,0.0275981684681028,0.4349998533725738,0.5098038131836802,2,1.0196076263673604
1371245727326359777,284,0,0.7606352418661118,0.0365757523769778,0.2027890094156776,0.7240594894891339,7,5.068416426423937
1372032121317948078,374,6,0.8171300888061523,0.0116985058179125,0.1711713760159909,0.8054315829882398,10,8.054315829882398
1375049237259937002,91,0,0.5658180490136147,0.0480838816147297,0.3860980118624866,0.5177341673988849,2,1.0354683347977698
1376106555313106323,122,0,0.788666158914566,0.0262697460517908,0.1850641095079481,0.7623964128627753,6,4.574378477176651
1376337033266354562,306,0,0.6220293776988983,0.0516818480957299,0.3262887714579701,0.5703475296031684,10,5.703475296031684
1379056100523817347,110,0,0.2126084221154451,0.2708854963630438,0.5165060740709305,-0.0582770742475986,4,-0.2331082969903946
1379278850085498258,320,0,0.8621771306792895,0.0506150571846713,0.087207808488359,0.8115620734946182,24,19.477489763870835
1381875760705293053,334,0,0.7564550428881365,0.0375568186409552,0.2059881318009951,0.7188982242471812,17,12.22126981220208
1383036465852584319,724,0,0.7228737790137529,0.1601873016704551,0.1169389274648644,0.5626864773432978,11,6.189551250776276
1384173567554173596,274,0,0.6418165236711502,0.0965516367927193,0.261631827428937,0.5452648868784309,5,2.726324434392154
1386459573728957102,892,0,0.831307830005884,0.0288975243419408,0.1397946491912007,0.8024103056639433,20,16.048206113278866
1388968291221778729,824,0,0.8707327887726327,0.0122084336180705,0.1170587687908361,0.8585243551545622,24,20.60458452370949
1389053869090171353,274,8,0.7926288267970085,0.0509356310265138,0.1564355334453284,0.7416931957704946,8,5.933545566163957
1391401815254063707,268,0,0.7878678573880877,0.0999182778796447,0.112213861372854,0.6879495795084429,7,4.815647056559101
1393249918860481602,75,0,0.8902251323064169,0.0221597848770519,0.0876151043921709,0.8680653474293649,3,2.6041960422880948
1393968174638121781,674,2,0.8376923149282282,0.0143733987034383,0.1479342766529457,0.8233189162247899,22,18.113016156945378
1394052207016242639,828,0,0.8889631070941686,0.0224205411861961,0.0886163600627332,0.8665425659079725,24,20.79702158179134
1394122106946252329,207,0,0.6373620309432347,0.0642219975388919,0.2984159752819687,0.5731400334043428,6,3.438840200426057
1395252685825745364,670,0,0.6023136138916015,0.0106658326461911,0.3870205443352461,0.5916477812454104,5,2.958238906227052
1395806449430440345,52,0,0.3799238704144955,0.1354847615497419,0.4845913743367419,0.2444391088647535,16,3.911025741836056
1398418204590468857,923,3,0.7234564058762043,0.065217770448653,0.2113258302041019,0.6582386354275513,24,15.797727250261232
1399352025037116075,145,0,0.8431303330262502,0.0642615167765567,0.0926081498091419,0.7788688162496934,6,4.673212897498161
1403287643039309232,255,0,0.7507837812105814,0.0152464346804966,0.2339697709927956,0.7355373465300848,3,2.2066120395902544
1403772046395886124,263,0,0.7734575479680842,0.0948476174177432,0.1316948370906439,0.6786099305503409,11,7.46470923605375
1405179694227373025,75,0,0.8372826251983643,0.0696568871699273,0.0930605059787631,0.7676257380284369,5,3.838128690142185
1405648982604877385,936,14,0.7576465121563524,0.0913640575052704,0.1509894366733109,0.6662824546510819,24,15.990778911625966
1406211509134876943,433,8,0.9564678706228732,0.0082701835926854,0.0352619304321706,0.9481976870301878,16,15.171162992483003
1406688574052626718,115,0,0.899015220105648,0.0453465732187032,0.0556382078980095,0.8536686468869448,8,6.829349175095558
1410993446098078110,324,4,0.955195352435112,0.0073146766517311,0.0374899548478424,0.9478806757833808,4,3.791522703133524
1411793622621408952,91,3,0.5525103605985642,0.2289605538528412,0.2185291061773896,0.3235498067457228,5,1.6177490337286144
1412599920439817827,863,45,0.8232606793017615,0.0704128646908239,0.1063264589455156,0.7528478146109375,21,15.809804106829688
1412794178144781655,275,0,0.6801704716682434,0.0462980107580208,0.2735315155817402,0.6338724609102226,9,5.704852148192003
1414079957118720519,210,0,0.9819104472796122,0.0047658456799884,0.0133236818946897,0.9771446015996238,3,2.9314338047988717
1414726326711875453,351,6,0.9524422721429304,0.005497815256769,0.0420599007471041,0.9469444568861616,11,10.416389025747776
1414945166912917515,64,16,0.7375198194526491,0.0712425953710806,0.191237586467926,0.6662772240815684,21,13.991821705712937
1415081321604913627,824,8,0.8185128241280714,0.0249808223227349,0.1565063418494537,0.7935320018053366,24,19.04476804332808
1415478692641862442,383,7,0.9046947726836572,0.0141767668895996,0.0811284580626166,0.8905180057940575,13,11.576734075322747
1415996493580281426,159,0,0.2317636543512344,0.1715000234171748,0.5967362952232361,0.0602636309340596,2,0.1205272618681192
1416098377426714837,133,0,0.6482620504684746,0.0091595394187606,0.3425784183200449,0.6391025110497139,8,5.112820088397712
1416372620861667412,891,18,0.7951304659495751,0.0464056901047782,0.158463849776114,0.7487247758447969,24,17.969394620275125
1418300233858704414,262,0,0.8598756343126297,0.0114431765396147,0.1286811577156186,0.8484324577730149,4,3.39372983109206
1420645777374279256,387,8,0.8013191969948821,0.0661497354012681,0.1325310695101507,0.735169461593614,16,11.762711385497823
1421344653756056973,83,0,0.910969614982605,0.010805804375559,0.0782245989888906,0.9001638106070459,5,4.500819053035229
1421942753822443473,371,0,0.7654200209812685,0.0408674205060709,0.1937125681645491,0.7245526004751975,11,7.970078605227173
1425528682584166081,201,0,0.7383748406916857,0.0523334364313632,0.2092917242739349,0.6860414042603225,8,5.48833123408258
1426265989788394299,382,12,0.8229459843310442,0.030734294662252,0.1463197239911691,0.7922116896687922,22,17.42865717271343
1426539596821160824,737,1,0.7094185002479289,0.1286961295973095,0.1618853671020931,0.5807223706506193,9,5.226501335855573
1427783382893312659,308,2,0.7149201135201888,0.0951283762917261,0.1899515045366504,0.6197917372284626,11,6.817709109513088
1428255212523244849,334,0,0.7380853868027528,0.035551063263944,0.2263635614390174,0.7025343235388087,12,8.430411882465705
1429473580802030329,94,0,0.3867798082381487,0.2621815528571606,0.3510386297777295,0.1245982553809881,5,0.6229912769049406
1429758973233404911,103,5,0.6370539172490438,0.1036260582651529,0.2593200265036689,0.5334278589838909,9,4.800850730855018
1429949142826083870,242,0,0.8348264056531822,0.0382034608080764,0.126970138236442,0.7966229448451058,17,13.5425900623668
1430006921838130501,160,0,0.3941871001943946,0.1678983928496018,0.4379144889116287,0.2262887073447927,4,0.9051548293791712
1430605548021301292,152,10,0.7566374814510346,0.0787705112409524,0.1645920121127909,0.6778669702100821,11,7.456536672310904
1432598321881783826,293,6,0.6147229412694772,0.1391463781779425,0.2461306594684719,0.4755765630915347,9,4.280189067823812
1432944689803368308,177,16,0.5187545210052105,0.1285722147746544,0.3526732548237556,0.390182306230556,21,8.193828430841677
1433671955566950968,200,11,0.4319763762969524,0.2211023330956232,0.3469212942260007,0.2108740432013292,24,5.0609770368319005
1434454980542958361,591,0,0.4261973416308562,0.0823571455230315,0.491445508810381,0.3438401961078246,6,2.063041176646948
1435093283062852045,252,0,0.598338882252574,0.1734573033250247,0.2282038112791876,0.4248815789275492,12,5.098578947130591
1436479906200838166,319,0,0.946623146533966,0.005814928561449,0.0475619472563266,0.940808217972517,1,0.940808217972517
1436834070947942555,294,0,0.7244691904385885,0.113108311832572,0.1624224596222241,0.6113608786060164,3,1.834082635818049
1437021644743847033,122,3,0.768914435505867,0.0920976626034826,0.138987895604223,0.6768167729023844,4,2.7072670916095376
1437226985695813636,112,0,0.7923098397254944,0.090405708393082,0.1172844611946493,0.7019041313324124,4,2.807616525329649
1438662391423749843,393,0,0.7375545687973499,0.0369500977452844,0.2254953344352543,0.7006044710520655,10,7.006044710520655
1438922406940817507,387,10,0.8802623042464256,0.0337802918158316,0.0859574072264755,0.846482012430594,24,20.315568298334256
1442830092917402081,104,5,0.7988671787579854,0.0610987120571856,0.1400341067401071,0.7377684667007998,6,4.426610800204799
1443053848012527603,146,1,0.5500428986549378,0.2209270799346268,0.2290300197030107,0.3291158187203109,3,0.9873474561609328
1445238915626703948,271,0,0.8188764250278473,0.0485124924650881,0.1326110770646482,0.7703639325627591,8,6.162911460502073
1445852750676359748,362,5,0.6524026933854277,0.1097213869330219,0.237875926433639,0.5426813064524058,11,5.969494370976463
1446623130101379179,400,9,0.7203299474917974,0.1506306659659215,0.1290393900638446,0.5696992815258758,24,13.672782756621018
1446927542912258285,273,2,0.739770756491593,0.1158341866412333,0.1443950495496392,0.6239365698503596,7,4.3675559889525175
1447333941871062648,1078,32,0.8520163542901477,0.0270669269375503,0.1209167207513625,0.8249494273525974,24,19.798786256462336
1447920419251190795,147,5,0.9722562757405367,0.0051568015478551,0.0225869190709834,0.9670994741926816,11,10.638094216119498
1451532730990795969,296,2,0.8989646097024282,0.0140313652654488,0.0870040035806596,0.8849332444369793,15,13.27399866655469
1453857009677632746,234,3,0.4721852623422941,0.1675173419507013,0.3602974061585135,0.3046679203915927,9,2.7420112835243344
1457921000191955431,278,1,0.6233231799602509,0.0798966853804886,0.2967801292575895,0.5434264945797622,10,5.434264945797622
1458392778727508481,297,17,0.7734122866690158,0.0485084284255281,0.1780792869310826,0.7249038582434878,20,14.498077164869756
1460132020013036924,388,10,0.7927750000746354,0.0398954028634192,0.1673295961660535,0.7528795972112161,23,17.31623073585797
1462519522287313036,237,9,0.8575812176295688,0.0515705710614011,0.0908482149012741,0.8060106465681678,21,16.926223577931523
1464639620553409366,97,0,0.7494355032179091,0.1147849807370868,0.1357795154758625,0.6346505224808223,9,5.7118547023274
1464843059589870064,329,5,0.5650454403625594,0.0149044043177531,0.4200501541296641,0.5501410360448062,18,9.902538648806512
1466095402779830212,487,7,0.845236297386388,0.0171729804521116,0.1375907220256825,0.8280633169342764,24,19.873519606422636
1468334174196719793,215,0,0.6870658645209144,0.0681100383258479,0.2448240884152405,0.6189558261950665,17,10.52224904531613
1470472051949008065,84,7,0.7614749394522773,0.1132488744343734,0.1252761859839989,0.6482260650179038,9,5.834034585161135
1470725803078897137,243,0,0.3234921075900396,0.1516650616998474,0.5248428477843602,0.1718270458901921,6,1.0309622753411531
1471021014225552837,319,15,0.6100041047359507,0.0848628150454411,0.3051330769589792,0.5251412896905094,24,12.603390952572228
1472026645401296869,207,4,0.4850717981656392,0.0939253740685267,0.4210028503504064,0.3911464240971125,9,3.5203178168740124
1477447491808207918,274,0,0.33197728427127,0.1564363785926252,0.511586347380653,0.1755409056786447,8,1.4043272454291582
1480053141637924171,104,1,0.4127881587935346,0.3514114471072597,0.2358003903073924,0.0613767116862748,7,0.4296369818039238
1480529176360281014,340,3,0.8191815723691668,0.0520733280133988,0.1287451014135565,0.767108244355768,7,5.369757710490376
1480647898709846533,461,10,0.9434537713726362,0.0057643295537369,0.0507818984333425,0.9376894418188992,24,22.50454660365358
1482078099691700981,899,17,0.5443357320005695,0.1884272454159024,0.2672370159284522,0.3559084865846671,24,8.54180367803201
1483532241308256259,384,9,0.9418583959341048,0.0115283027989789,0.0466133092607682,0.930330093135126,24,22.327922235243022
1484312147290642437,244,10,0.885912970751524,0.0318371280981227,0.0822499092121143,0.8540758426534012,16,13.66521348245442
1485121836035265820,109,1,0.9084984133460304,0.0373221872391348,0.0541793809153817,0.8711762261068956,11,9.582938487175852
1485428092561598175,316,2,0.6066964182853699,0.0973981704879552,0.2959054064303636,0.5092982477974146,10,5.092982477974147
1486623278662529968,216,0,0.9839958250522614,0.0034482614137232,0.0125559277366846,0.980547563638538,2,1.961095127277076
1487186865714779815,174,0,0.8509825739860535,0.0696482063587755,0.0793692300394177,0.7813343676272779,5,3.90667183813639
1487286099583694970,320,11,0.8345534978894626,0.0529198508265921,0.1125266578168991,0.7816336470628705,17,13.2877720000688
1490634357940108928,203,2,0.8469134933607919,0.0544444759536002,0.0986420234345964,0.7924690174071917,7,5.547283121850342
1490743587918194305,309,0,0.3769925006106496,0.0704991176805924,0.5525084040313959,0.3064933829300571,8,2.451947063440457
1490818834873422786,510,0,0.547999754964628,0.1652357004176486,0.2867645437710664,0.3827640545469793,11,4.210404600016773
1492303604538141934,689,14,0.6733284708236654,0.0489760562552449,0.2776954677018026,0.6243524145684205,24,14.984457949642092
1493200120149484428,57,0,0.2258107782900333,0.1722972350753844,0.6018919479846955,0.0535135432146489,2,0.1070270864292979
1493608660734060850,222,4,0.7635229724630093,0.1367849285535824,0.0996921014087274,0.6267380439094268,12,7.520856526913121
1494325871041074678,435,0,0.7614962396863848,0.0392604921170277,0.1992432616045698,0.722235747569357,16,11.555771961109713
1495261694241507919,166,0,0.9223388234774272,0.0087950384865204,0.0688661324481169,0.9135437849909068,3,2.74063135497272
1495711841903669101,297,0,0.5187282153734795,0.0927444116864353,0.3885273830592632,0.4259838036870441,13,5.537789447931573
1496683405365209937,368,2,0.7699077228705088,0.0412946802874406,0.1887976055343946,0.7286130425830682,3,2.1858391277492046
1497175188164648682,174,1,0.4668124997615814,0.169761662799865,0.3634258192777634,0.2970508369617164,2,0.5941016739234328
1498858240086357830,258,0,0.598181133766969,0.0950131114680941,0.3068057651259005,0.5031680222988749,6,3.0190081337932497
1499512136669122654,355,6,0.5676302459023216,0.1848095361668278,0.247560221105814,0.3828207097354937,11,4.211027807090432
1500826078196790837,92,3,0.8476034078598023,0.0703722888920456,0.0820243178233504,0.7772311189677567,5,3.886155594838783
1501913311359276013,102,0,0.9383938550949096,0.0109888959676027,0.0506172766909003,0.9274049591273068,5,4.637024795636535
1504485799042585051,294,0,0.9657217264175416,0.0080567688370744,0.026221513437728,0.9576649575804672,3,2.872994872741401
1506226826211580861,392,0,0.5194797515869141,0.0486545030559812,0.4318657533398696,0.4708252485309328,14,6.59155347943306
1506776194204224108,289,4,0.7515584280093511,0.0233302635606378,0.2251113111463686,0.7282281644487133,6,4.36936898669228
1507197900793454833,267,0,0.8016059291362763,0.0877422299631871,0.1106518413079902,0.7138636991730891,8,5.710909593384713
1507876460512502793,308,1,0.8134553474187851,0.0858957367413677,0.100648934058845,0.7275596106774174,4,2.910238442709669
1509614980075592030,587,6,0.7660289253625605,0.0108596122461474,0.2231114666081137,0.755169313116413,9,6.796523818047717
1511777793627659247,500,11,0.8520563294490179,0.0147931426763534,0.1331505132062981,0.8372631867726644,12,10.047158241271973
1513994692143342665,33,0,0.9780580401420592,0.007639876101166,0.0143020683899521,0.9704181640408932,1,0.9704181640408932
1514935284712694743,366,2,0.5620794002215068,0.0914010334749602,0.3465195809718635,0.4706783667465465,9,4.236105300718918
1517643391592382818,388,1,0.6756112221479416,0.0771737224273383,0.2472150471359491,0.5984374997206032,5,2.992187498603016
1521113725233604317,137,0,0.8315312299728393,0.0716992868892848,0.0967694875150919,0.7598319430835545,5,3.799159715417773
1522856223438220570,419,11,0.672110555938312,0.1105916443833017,0.2172978025887693,0.5615189115550103,14,7.861264761770144
1525361988367336907,347,4,0.6978087196871638,0.1062525992561131,0.1959386694151908,0.5915561204310507,8,4.732448963448405
1525555585461237527,484,12,0.8901945231482387,0.0104018223743575,0.0994036599683265,0.8797927007738812,24,21.115024818573147
1526064162277685673,412,0,0.7062952373590734,0.0283051659353077,0.26539958268404,0.6779900714237657,18,12.203821285627782
1526266447108603980,183,0,0.1142894327640533,0.056068830192089,0.829641729593277,0.0582206025719642,2,0.1164412051439285
1526491099374605818,326,0,0.9722318947315216,0.0041744790505617,0.0235935724340379,0.9680574156809598,2,1.93611483136192
1528822401507350842,239,3,0.9824792345364888,0.0049698958173394,0.0125508780280749,0.9775093387191496,3,2.9325280161574483
1530254461262402004,371,12,0.7437287460152919,0.057665351849909,0.1986059036392432,0.686063394165383,13,8.918824124149978
1531901124561567991,999,13,0.6773426395375282,0.0662375927437096,0.2564197604544461,0.6111050467938185,20,12.22210093587637
1533374428468061356,82,0,0.8769775629043579,0.0052371867932379,0.117785207927227,0.87174037611112,1,0.87174037611112
1533890851300979834,159,0,0.5944891655445099,0.1667438759095967,0.2387669515609741,0.4277452896349132,2,0.8554905792698264
1534226070874057870,107,6,0.8256411092281342,0.0384537257412448,0.1359051549956202,0.7871873834868893,10,7.871873834868893
1534354723548057073,155,4,0.695926143527031,0.1316234561684541,0.1724504120042547,0.5643026873585768,8,4.514421498868614
1535617286176824313,50,0,0.9011054039001464,0.0027001954149454,0.0961944535374641,0.898405208485201,1,0.898405208485201
1535788984005130302,119,3,0.8502787152926127,0.014452412414054,0.1352688533564408,0.8358263028785586,6,5.014957817271352
1535931705398095293,231,1,0.9654334187507628,0.0091622167965397,0.0254043359309434,0.9562712019542232,4,3.825084807816893
1537153192856728963,164,9,0.9431908006469408,0.0089246146768952,0.0478845861119528,0.9342661859700456,24,22.42238846328109
1538699509336754748,91,3,0.4461485989093781,0.1388386651575565,0.4150127322077751,0.3073099337518215,5,1.5365496687591076
1539362344499570931,93,2,0.8433549801508585,0.0461857070913538,0.1104593181516975,0.7971692730595047,12,9.566031276714057
1540272376860028480,121,2,0.9637019753456116,0.006652743415907,0.0296452842652797,0.9570492319297046,5,4.785246159648523
1545052722485772864,72,8,0.924558861689134,0.0076467160939831,0.0677944300696253,0.9169121455951508,11,10.08603360154666
1545575190434471584,253,0,0.5874221380732276,0.0661313356340608,0.3464465236257423,0.5212908024391667,11,5.734198826830834
1545840457530201595,182,8,0.9525961329539616,0.010419336768488,0.0369845308984319,0.9421767961854736,24,22.612243108451366
1548843433720632626,537,7,0.7722366707324981,0.050572734481655,0.1771905931793153,0.7216639362508431,10,7.216639362508431
1548852609648110330,124,0,0.8959388562167684,0.0450033498733925,0.0590577962963531,0.8509355063433759,24,20.42245215224102
1549077837783374416,313,0,0.491036096173856,0.0984842589435478,0.4104796385185586,0.3925518372303082,9,3.5329665350727737
1550662965140114008,228,1,0.8008486223220825,0.0862391862133517,0.11291219484061,0.7146094361087307,4,2.858437744434923
1550765552422560316,259,1,0.8576560815175375,0.0094219989453752,0.1329219279189904,0.8482340825721622,3,2.5447022477164865
1550893209268474979,156,0,0.9750489021341006,0.0073604547748497,0.0175906360770265,0.9676884473592507,24,23.22452273662202
1552043703500162629,381,2,0.5089738611131907,0.0458604786545038,0.4451656605427463,0.4631133824586868,12,5.557360589504242
1552365692282572533,174,0,0.8926561500380435,0.0449109528337915,0.0624328908029322,0.8477451972042521,24,20.34588473290205
1553091102947530765,123,0,0.9842671155929564,0.0037261330289766,0.0120067493990063,0.98054098256398,2,1.96108196512796
1553446533175786935,207,3,0.9744700640439988,0.0067043589660897,0.0188255817629396,0.9677657050779088,4,3.871062820311636
1554086740482119386,110,2,0.9333945512771606,0.0069825798273086,0.0596229024231433,0.926411971449852,1,0.926411971449852
1555219930247611071,178,16,0.8451086569825809,0.0363791819289326,0.1185121548796693,0.8087294750536481,24,19.40950740128756
1556150589515398812,132,3,0.9600762724876404,0.0076303877867758,0.0322933833425243,0.9524458847008646,3,2.8573376541025937
1557298826012054271,159,5,0.3563555009414752,0.08488288761427,0.5587616275871793,0.2714726133272052,24,6.515342719852924
1557731194504895399,1092,13,0.8897156479458014,0.0259482835729916,0.0843360632813225,0.8637673643728098,12,10.365208372473717
1557736953435498811,412,9,0.4159586108289659,0.1399020981043577,0.4441392922308296,0.2760565127246082,8,2.208452101796865
1558045108020340507,95,0,0.9471386671066284,0.004238381749019,0.0486229518428444,0.9429002853576094,2,1.8858005707152188
1559992187318554729,121,0,0.6839081843694051,0.0215878932115932,0.2945039353022973,0.6623202911578119,3,1.986960873473436
1561224451001918287,135,3,0.7097610350946586,0.1124826552336,0.1777563192695379,0.5972783798610585,9,5.375505418749526
1563021187268482692,430,8,0.8096192525625229,0.0486421769876033,0.1417385706827044,0.7609770755749196,10,7.609770755749196
1563334940165343770,254,1,0.7861035507917404,0.0903131445916369,0.1235832982137799,0.6957904062001035,4,2.783161624800414
1564115051130996287,697,0,0.6384135289834096,0.0212376177525864,0.3403488701352706,0.6171759112308232,13,8.023286846000701
1564582671013853334,283,7,0.675072214433125,0.0436019998742267,0.2813257841127259,0.6314702145588983,7,4.420291501912288
1566010865843517649,303,0,0.5395286846905947,0.0462874654913321,0.4141838438808918,0.4932412191992625,8,3.945929753594101
1566740170677308961,26,0,0.33,0.33,0.34,0.0,1,0.0
1567332840864124166,26,0,0.0807110071182251,0.0714970603585243,0.847791850566864,0.0092139467597007,1,0.0092139467597007
1569599262105320885,240,0,0.0696139335632324,0.038375835865736,0.8920101523399353,0.0312380976974964,1,0.0312380976974964
1569779929091292709,175,0,0.9505212065577506,0.0189902297151275,0.030488559109314,0.9315309768426232,24,22.35674344422296
1570387299686272822,58,17,0.3713393821499565,0.2451266126233068,0.3835340053114024,0.1262127695266496,22,2.7766809295862918
1570404418787157029,326,0,0.8291930854320526,0.0084756959695369,0.162331260740757,0.8207173894625157,2,1.6414347789250314
1571207532196955330,249,4,0.9657185723384222,0.0060019886004738,0.0282794393909474,0.9597165837379484,24,23.03319800971076
1571440774910587543,184,5,0.8321359604597092,0.0064925642102025,0.1613714608363807,0.8256433962495067,10,8.256433962495066
1571960141664956679,241,3,0.976356878876686,0.0047353334957733,0.0189077779650688,0.9716215453809128,4,3.886486181523651
1572255796803526079,123,2,0.8880719989538193,0.0181542000500485,0.0937737855128943,0.8699177989037707,4,3.479671195615083
1573000410594145102,151,0,0.6569301867485047,0.1671725601982325,0.175897281691432,0.4897576265502721,2,0.9795152531005442
1573700703310239561,154,3,0.7643692819277446,0.0729896275512874,0.1626410990580916,0.6913796543764571,6,4.148277926258743
1576357750845616352,67,32,0.5075997645920143,0.1896525414885642,0.3027476959178845,0.3179472231034499,24,7.6307333544828
1576391560676577918,112,1,0.33,0.33,0.34,0.0,2,0.0
1577189980376112052,220,0,0.8151739222208659,0.0556884770725543,0.129137600791951,0.7594854451483115,15,11.392281677224672
1577444406688859049,718,13,0.9029585728925816,0.0295802202059284,0.0674612123387701,0.8733783526866532,17,14.847431995673103
1577741974268906128,135,0,0.655885853767395,0.1676172462385148,0.1764969132654369,0.4882686075288802,2,0.9765372150577604
1578483032355454332,533,18,0.9339891889095304,0.0226244129203259,0.0433863988686353,0.9113647759892046,20,18.227295519784093
1579191147373198618,180,1,0.581853042046229,0.1570745302985111,0.2610724133749802,0.4247785117477178,3,1.2743355352431536
1579723876307767702,209,0,0.2205269569158554,0.1980471210181713,0.5814259481430054,0.022479835897684,2,0.0449596717953681
1580692104072603694,112,1,0.7287366092205048,0.0136935035698115,0.2575698643922806,0.7150431056506932,2,1.4300862113013864
1581808095280825113,160,0,0.1815632432699203,0.0547685828059911,0.7636681795120239,0.1267946604639291,2,0.2535893209278583
1582303783454994887,114,2,0.7046989456812541,0.1140394606379171,0.1812615997344255,0.590659485043337,3,1.7719784551300108
1582769781651314826,109,0,0.7291713015238445,0.1124275369942188,0.158401185075442,0.6167437645296255,3,1.8502312935888767
1583496568224229763,103,0,0.9646556377410888,0.0062125343829393,0.0291318334639072,0.9584431033581496,1,0.9584431033581496
1583619627753440549,555,6,0.9125275286761196,0.0127567485482855,0.0747157267548821,0.8997707801278342,11,9.897478581406176
1584059549407777785,1975,1,0.6807370619022328,0.0700703799910843,0.2491925624596036,0.6106666819111485,23,14.045333683956414
1585696532487807057,184,0,0.931683773174882,0.0142059476056601,0.0541102763575812,0.9174778255692216,24,22.01946781366132
1586822355607222769,249,0,0.3818388804793358,0.0367021858692169,0.5814589858055115,0.3451366946101188,2,0.6902733892202377
1587068140697624336,373,10,0.4946908468753099,0.0839390350936446,0.4213701184093952,0.4107518117816653,16,6.572028988506645
1588566483843010794,161,0,0.9856842756271362,0.0036929335910826,0.0106227993965148,0.9819913420360536,4,3.927965368144214
1589312703212743117,128,3,0.8195572135349115,0.130931423472551,0.049511353795727,0.6886257900623605,6,4.131754740374163
1590687277197031132,373,5,0.4281862616539002,0.2766315894511839,0.295182154327631,0.1515546722027162,6,0.9093280332162976
1591288577475423024,363,6,0.7279489377886057,0.0492142752534709,0.2228367867833003,0.6787346625351347,8,5.429877300281078
1591366902663333799,71,4,0.9765728712081908,0.0041171163553372,0.019310032017529,0.9724557548528536,5,4.862278774264269
1591443062045947797,174,0,0.8253749152645469,0.026042747311294,0.1485823530626172,0.7993321679532528,24,19.183972030878067
1592123417364507416,685,2,0.6782805478572845,0.1576948207554717,0.1640246327842275,0.5205857271018127,6,3.123514362610877
1593309879026611001,191,0,0.8693237265256735,0.0230907390778884,0.1075855283697064,0.8462329874477851,26,22.00205767364241
1593315051367287116,196,7,0.6425456062952678,0.1129634397942572,0.2444909513493379,0.5295821665010104,6,3.1774929990060627
1594254161688190041,200,0,0.897221565246582,0.0062050786800682,0.0965733602643013,0.8910164865665138,1,0.8910164865665138
1595060023130536495,214,0,0.792693544626236,0.0907175688585266,0.1165888905897736,0.7019759757677093,4,2.8079039030708373
1595965924920639002,65,1,0.9482644399007162,0.0077341206682225,0.0440014234433571,0.9405303192324936,3,2.821590957697481
1596482584455184908,348,2,0.7077801127359271,0.1150566578342113,0.1771632419154048,0.5927234549017157,8,4.741787639213726
1596593811038345261,439,17,0.8969546130299568,0.0452304582775104,0.0578149219986517,0.8517241547524463,16,13.62758647603914
1596694102978777883,226,3,0.8119521103799343,0.0360266926387945,0.1520212100197871,0.7759254177411398,6,4.655552506446838
1596833187677332051,53,2,0.932074248790741,0.0085112825036048,0.0594144687056541,0.923562966287136,2,1.847125932574272
1597170924720648012,98,2,0.5205331975221634,0.1780254798568785,0.3014413100481034,0.3425077176652848,4,1.3700308706611397
1597241181383708897,35,0,0.943273663520813,0.0087969237938523,0.047929473221302,0.9344767397269608,1,0.9344767397269608
1597302491429552891,254,8,0.7108124345541,0.0503553094458766,0.2388322527986019,0.6604571251082234,8,5.283657000865787
1597925096742552363,457,0,0.4231583131104708,0.3410717179859057,0.2357699508592486,0.082086595124565,4,0.3283463804982602
1598816332337713346,83,0,0.974075198173523,0.0094609158113598,0.0164638683199882,0.9646142823621632,1,0.9646142823621632
1600257888566287409,104,2,0.9331879317760468,0.0096635862719267,0.0571484789252281,0.92352434550412,2,1.84704869100824
1600980842719740943,159,1,0.9810553789138794,0.0056384182535111,0.0133061669766902,0.9754169606603682,1,0.9754169606603682
1601471518474050169,100,3,0.8628543742497762,0.0615656806109473,0.0755799512316783,0.8012886936388289,6,4.807732161832973
1601728108443080852,421,14,0.7750067636370659,0.0427517352132674,0.182241499204846,0.7322550284237984,17,12.448335483204572
1602258781206255109,348,6,0.7884250477382115,0.0705868913685636,0.1409880645519921,0.7178381563696478,7,5.024867094587535
1602303893790733932,287,0,0.2615832109004259,0.1001773823518306,0.6382394172251225,0.1614058285485953,4,0.6456233141943812
1602921089138049257,89,1,0.5131216430664063,0.1715245660953223,0.3153537791967392,0.3415970769710839,2,0.6831941539421678
1602960658697837046,256,0,0.3976121880114078,0.0877641432452946,0.5146236680448055,0.3098480447661131,4,1.2393921790644526
1603204089087477969,320,9,0.700610081354777,0.0171030319244083,0.2822868935763836,0.6835070494303687,9,6.151563444873318
1603805262078365547,78,0,0.9368669390678406,0.0047605093568563,0.0583725422620773,0.9321064297109842,1,0.9321064297109842
1604388104030906762,509,13,0.6982062229743371,0.0348335557903807,0.2669602325186133,0.6633726671839563,13,8.623844673391432
1604536714955941115,110,0,0.9753634929656982,0.0063592256046831,0.0182772297412157,0.9690042673610152,1,0.9690042673610152
1604721669746145884,95,3,0.4734463604291281,0.2231427852809429,0.3034108654658,0.2503035751481851,3,0.7509107254445553
1604856273979118327,96,0,0.9799620807170868,0.0042910133488476,0.015746861230582,0.9756710673682392,2,1.9513421347364783
1605149765618816133,78,3,0.7422724854946137,0.0885710118850693,0.1691565011069178,0.6537014736095443,4,2.6148058944381773
1605163041723340333,179,0,0.33,0.33,0.34,0.0,1,0.0
1605254302211992527,448,5,0.7928497587717497,0.0641357561172201,0.1430144754396035,0.7287140026545296,13,9.473282034508884
1605515494742302975,205,0,0.9686694145202636,0.007731305406196,0.0235992820234969,0.9609381091140676,24,23.062514618737623
1605832757584592462,84,0,0.4511776522795359,0.1294315235130489,0.4193908200164636,0.321746128766487,3,0.9652383862994612
1605977831832427337,67,3,0.8346273541450501,0.0227286105044186,0.1426440354436636,0.8118987436406314,5,4.059493718203157
1607482771327121895,322,12,0.9682255652215744,0.0058159473507354,0.0259584886953234,0.9624096178708392,9,8.661686560837552
1609061166238940745,280,3,0.6810554417542048,0.0544080546218901,0.2645364968052932,0.6266473871323147,7,4.386531709926203
1609291275797148475,322,1,0.6418640075836863,0.1134972103126347,0.2446387749857136,0.5283667972710516,7,3.6985675808973615
1609442546433222272,112,5,0.6114479073385398,0.2116880665750553,0.1768640168507894,0.3997598407634844,6,2.398559044580906
1609563944413755740,54,3,0.7776355298927852,0.0663395134758736,0.1560249448567629,0.7112960164169115,7,4.979072114918381
1610183619284828097,278,5,0.7687898799777031,0.0933316070004366,0.1378785080742091,0.6754582729772665,4,2.701833091909066
1610256360972516103,51,1,0.33,0.33,0.34,0.0,1,0.0
1610517891765827772,75,1,0.8686274290084839,0.0311158266849815,0.1002567655717333,0.8375116023235023,3,2.512534806970507
1611085271273510559,60,0,0.9581698775291444,0.0141169806011021,0.0277131265029311,0.9440528969280422,2,1.8881057938560843
1611097073229468092,244,5,0.9660079072822224,0.0075603124092925,0.0264317740008912,0.95844759487293,22,21.085847087204456
1611727601978546630,697,0,0.953468382358551,0.010176820680499,0.0363548025488853,0.943291561678052,1,0.943291561678052
1611753258216767583,532,0,0.7756532423198224,0.0120452827773988,0.2123014520853758,0.7636079595424234,5,3.818039797712117
1611784516468177812,104,2,0.9746196468671164,0.0066803881588081,0.0186999545743068,0.967939258708308,3,2.9038177761249244
1611914167404914564,80,0,0.33,0.33,0.34,0.0,2,0.0
1612054182632976160,284,1,0.5708559655717441,0.1021094847736614,0.327034556972129,0.4687464807980827,7,3.281225365586579
1612259985084266131,224,2,0.6908202173880168,0.0869803275540471,0.2221994698260511,0.6038398898339697,7,4.226879228837788
1612617008863782275,105,3,0.505446914264134,0.2366696809318715,0.2578834118055446,0.2687772333322625,7,1.8814406333258376
1612632073166927723,117,1,0.981282204389572,0.0036478205583989,0.0150700351223349,0.9776343838311732,2,1.9552687676623464
1613607647440689072,461,1,0.9854613542556764,0.0024676184402778,0.0120710139162838,0.9829937358153984,2,1.9659874716307968
1613985701584494042,220,0,0.8978077881783246,0.0359861323200554,0.0662060892659549,0.8618216558582693,24,20.683719740598463
1616762864474107395,117,1,0.8060283660888672,0.0419934762176126,0.151978176087141,0.7640348898712546,2,1.5280697797425091
1617592296881229391,98,4,0.4296377400898685,0.2741748361297262,0.2961874233341465,0.1554629039601422,12,1.8655548475217076
1617984902240891200,197,1,0.9393489956855774,0.0067368154413998,0.0539141744375228,0.9326121802441776,1,0.9326121802441776
1618292964517543379,528,0,0.520021477714181,0.041905167279765,0.4380733571015298,0.4781163104344159,4,1.912465241737664
1619117979163756904,65,0,0.5712510794401169,0.020334203436505,0.4084147186949849,0.5509168760036118,2,1.1018337520072237
1620221305704740342,243,2,0.5391953504937036,0.058915575556457,0.4018890589156321,0.4802797749372465,7,3.3619584245607257
1621048613034320665,159,2,0.850695702234904,0.0603651067040239,0.0889392077860733,0.79033059553088,6,4.74198357318528
1621593767747179164,924,4,0.4176230770535767,0.0866528183105401,0.4957240947987884,0.3309702587430365,8,2.6477620699442923
1621774065910890519,109,5,0.1808430639095604,0.7029270350933075,0.1162299335002899,-0.522083971183747,5,-2.6104198559187357
1622016164559433551,86,5,0.3105421239713376,0.4666591872410341,0.2227986861629919,-0.1561170632696964,11,-1.717287695966661
1622026939173135349,171,11,0.9462209137586448,0.0135961748802891,0.0401829062208819,0.9326247388783556,26,24.248243210837245
1622060736322499533,627,0,0.8506128138303757,0.051979809582699,0.0974073874717578,0.7986330042476766,8,6.389064033981413
1622104013250106517,310,2,0.783409309796989,0.0467049775668419,0.1698856894113123,0.736704332230147,8,5.893634657841176
1622276592763382741,429,8,0.925645669301351,0.0154368926693374,0.058917429142942,0.9102087766320134,6,5.4612526597920805
1622585302354539765,245,3,0.8211366426944733,0.085422672603745,0.0934406868554651,0.7357139700907283,4,2.942855880362913
1622618034266869603,158,3,0.7715540528297424,0.0191813064739108,0.2092646695673465,0.7523727463558316,3,2.257118239067495
1622779959565283277,170,0,0.8639419078826904,0.03516835719347,0.1008897721767425,0.8287735506892204,1,0.8287735506892204
1623034158992171347,454,4,0.5811523327231407,0.1030717740549395,0.3157758916955855,0.4780805586682011,9,4.3027250280138105
1623532525254527660,81,0,0.9290014505386353,0.0037306966260075,0.0672678351402282,0.9252707539126276,1,0.9252707539126276
1624086907394073121,55,0,0.9514656066894532,0.0024531155358999,0.0460812412202358,0.9490124911535532,1,0.9490124911535532
1624868688907799580,121,0,0.7570746429264545,0.0527705463464371,0.1901548187015578,0.7043040965800174,4,2.817216386320069
1625377318900131374,190,4,0.6270706860721111,0.0501800788531545,0.3227492310293018,0.5768906072189566,8,4.615124857751653
1625396942287617538,150,5,0.8402538724740346,0.0613647672844429,0.0983813567490627,0.7788891051895916,6,4.67333463113755
1625474271001683349,837,4,0.6257913503795862,0.151680245809257,0.2225283920764923,0.4741111045703292,5,2.370555522851646
1625484666642749732,93,0,0.1979190902411937,0.237888396680355,0.5641925466060639,-0.0399693064391613,2,-0.0799386128783226
1626921646801707816,268,6,0.8613223135471344,0.0067478735665125,0.1319298138841986,0.8545744399806219,7,5.982021079864353
1626993222146357159,52,0,0.1024047955870628,0.0556831620633602,0.8419119715690613,0.0467216335237026,1,0.0467216335237026
1627360945546174031,294,0,0.5626762214427193,0.0776487880890878,0.3596749974725147,0.4850274333536314,24,11.640658400487156
1627571990674981002,171,7,0.8361058073043823,0.0415550512187182,0.1223391446433961,0.7945507560856641,10,7.94550756085664
1627728616773314581,159,3,0.8848723471164703,0.0194770381009827,0.0956506083408991,0.8653953090154877,6,5.192371854092926
1628921024265841322,256,27,0.400330613826712,0.0849970485564942,0.5146723289632549,0.3153335652702178,24,7.568005566485226
1629197825539547458,343,6,0.6540311457514763,0.0593233781792223,0.2866454938575625,0.594707767572254,10,5.947077675722539
1629799513455468813,404,0,0.741227818859948,0.0209379774621791,0.2378341944681273,0.720289841397769,9,6.48260857257992
1629804222667900705,410,2,0.7073300869762897,0.0890179900933678,0.2036519224776162,0.618312096882922,18,11.129617743892595
1630498195765382152,105,1,0.973558783531189,0.0076289898715913,0.018812209367752,0.9659297936595976,1,0.9659297936595976
1631517876158372712,67,1,0.0752455368638038,0.0057827732525765,0.918971598148346,0.0694627636112272,1,0.0694627636112272
1631790049845412504,326,3,0.637956234626472,0.0379999615252018,0.3240437898784876,0.5999562731012702,4,2.399825092405081
1633835332422557933,297,3,0.7135998906940222,0.0513903139706235,0.2350098106730729,0.6622095767233986,8,5.297676613787189
1634109593599961488,86,2,0.5420006823539735,0.2233343282217781,0.234665010223786,0.3186663541321953,3,0.955999062396586
1634238694242588910,192,0,0.7531925123929977,0.088743389348189,0.1580640999662379,0.6644491230448087,24,15.946778953075407
1635543562282188137,133,0,0.9769723415374756,0.0046774945221841,0.0183501634746789,0.9722948470152916,1,0.9722948470152916
1636455607949568379,74,0,0.9672968983650208,0.0076705854541311,0.0250324929753939,0.9596263129108896,3,2.8788789387326688
1637376695545750060,182,5,0.9087950233312754,0.037197190044591,0.0540077933583122,0.8715978332866843,13,11.330771832726896
1637727013672546893,170,2,0.9808233380317688,0.0042720572091639,0.0149046275764703,0.9765512808226048,2,1.9531025616452096
1637977344121694200,120,6,0.1966050043702125,0.1814001718536019,0.6219948291778564,0.0152048325166106,5,0.0760241625830531
1638166031539969598,77,2,0.6086379289627075,0.0411249998336037,0.3502370646844308,0.5675129291291038,3,1.7025387873873117
1639432297161084230,83,0,0.33,0.33,0.34,0.0,1,0.0
1639597289269138799,135,0,0.6069711924592655,0.1261932421227296,0.266835567591091,0.4807779503365357,6,2.884667702019214
1640182066505916929,519,0,0.5398313226029277,0.2797848728802055,0.1803838039115071,0.2600464497227222,5,1.3002322486136109
1640736762657270040,514,4,0.8576601285735767,0.0419402261600286,0.1003996461443603,0.815719902413548,24,19.57727765792515
1640868875447658197,212,0,0.3298459947109222,0.0893197432160377,0.5808342695236206,0.2405262514948845,1,0.2405262514948845
1641328849298313231,731,0,0.7700206964462996,0.0345958288334077,0.195383469350636,0.7354248676128918,16,11.76679788180627
1641695874328609949,173,2,0.4604651895165443,0.1988334022276103,0.3407013994082808,0.261631787288934,4,1.046527149155736
1641897718790817855,354,3,0.9618379672368368,0.0062838081891338,0.0318781851480404,0.9555541590477028,3,2.866662477143109
1642974958673349140,1474,1,0.4747228178143501,0.150208993967995,0.3750681877613068,0.3245138238463551,25,8.112845596158877
1644457223054922365,53,0,0.4604353349506855,0.0864363570082932,0.4531283110678196,0.3739989779423922,5,1.8699948897119607
1644495753652865625,624,6,0.8720870607495307,0.0392981713367626,0.0886147509869188,0.8327888894127682,20,16.655777788255364
1645714353877230528,238,1,0.7017635852098465,0.0384863105136901,0.2597501203417778,0.6632772746961564,2,1.3265545493923128
1645917004208398644,83,0,0.9812061488628387,0.0061861851718276,0.0126076713204383,0.9750199636910112,2,1.950039927382022
1645975372830688292,57,0,0.8513884544372559,0.0045383349061012,0.1440731436014175,0.8468501195311546,1,0.8468501195311546
1646293837280251753,268,1,0.5762746758460999,0.1355252688452601,0.2882000685334206,0.4407494070008397,5,2.2037470350041986
1646675891677248960,143,3,0.6912415822347006,0.0730658990796655,0.2356925221780935,0.618175683155035,3,1.854527049465105
1647153408807566191,594,20,0.7861094491481782,0.0427441311227157,0.1711464328141883,0.7433653180254624,20,14.867306360509248
1647298220676921113,73,0,0.33,0.33,0.34,0.0,2,0.0
1647427463272547161,42,0,0.33,0.33,0.34,0.0,1,0.0
1649051001343593672,230,12,0.2236254326999187,0.0274735980007487,0.7489009745186195,0.19615183469917,24,4.707644032780081
1649846946755470251,251,0,0.7626843274065427,0.0562674837479634,0.1810481879141714,0.7064168436585793,14,9.88983581122011
1650183600552030444,49,0,0.6302819335460663,0.1695241969637572,0.2001938913762569,0.460757736582309,2,0.921515473164618
1651681169446346406,843,4,0.7050709780305624,0.0248303268162999,0.2700986913405359,0.6802406512142625,8,5.4419252097141
1652573024412655125,84,0,0.9237313866615297,0.0131034022197127,0.0631651654839515,0.9106279844418168,1,0.9106279844418168
1653007611468211226,104,1,0.9313547313213348,0.0034999713534489,0.0651452951133251,0.927854759967886,2,1.855709519935772
1653246143449004238,214,2,0.3214149521663785,0.0140661841724067,0.6645188271068037,0.3073487679939717,4,1.2293950719758868
1654010177941574293,647,39,0.9212824077833266,0.008574614085124,0.0701429890468716,0.9127077936982028,21,19.166863667662252
1655288108784336265,279,14,0.6200693007490852,0.1323363129616799,0.2475944022698835,0.4877329877874052,11,5.365062865661457
1655835579147811674,220,1,0.4514523998896281,0.1303084433451295,0.4182391725977262,0.3211439565444986,3,0.9634318696334958
1655867993391877774,230,8,0.874767617781957,0.0393013660151821,0.0859310239056746,0.8354662517667748,12,10.025595021201298
1655993548958503599,116,3,0.7456416245301565,0.116385455528895,0.1379729255288839,0.6292561690012614,6,3.775537014007568
1656066959269380960,262,0,0.6084559659163157,0.047401816273729,0.3441422233978907,0.5610541496425867,3,1.68316244892776
1657585677279424349,303,1,0.961747944355011,0.0052882100765903,0.0329638582964738,0.9564597342784206,3,2.869379202835262
1657664846102947677,72,0,0.8935243785381317,0.0202110395766794,0.0862645339220762,0.8733133389614522,2,1.7466266779229045
1658750206735265219,369,3,0.4449562285840511,0.1829686085507273,0.3720751428417861,0.2619876200333237,4,1.047950480133295
1658890972341419786,212,6,0.7426189317022052,0.1002161281103534,0.1571649462410382,0.6424028035918516,7,4.496819625142962
1661990695470288316,155,0,0.4806594550609588,0.0730507895350456,0.4462897777557373,0.4076086655259132,1,0.4076086655259132
1662263948252388342,335,2,0.7762512166425586,0.0641836109478026,0.1595651521533727,0.7120676056947559,8,5.696540845558047
1663328001209019314,638,18,0.9279583640396596,0.0102376860333606,0.0618039610795676,0.9177206780062988,20,18.354413560125977
1664376215987623283,451,6,0.8037999887019396,0.0247795000614132,0.1714204992167651,0.7790204886405263,8,6.2321639091242105
1664725355807862586,173,16,0.8981066349272927,0.0485286819554554,0.0533646775487189,0.8495779529718371,24,20.38987087132409
1665110710089599150,83,0,0.8069779318571091,0.0846056795958429,0.108416398325935,0.7223722522612661,4,2.8894890090450644
1665283771007385381,208,0,0.7832967936992645,0.0084842145442962,0.2082189656794071,0.7748125791549683,2,1.5496251583099363
1666873987194734522,1013,4,0.822804624071488,0.0270405899769125,0.1501547730026337,0.7957640340945755,13,10.344932443229482
1667776959995592461,207,0,0.33,0.33,0.34,0.0,1,0.0
1667828643751142424,144,0,0.33,0.33,0.34,0.0,1,0.0
1668435409125125567,76,4,0.7318328323215246,0.0546693764533847,0.2134977795835584,0.6771634558681399,8,5.417307646945119
1668455665254832707,499,0,0.9786712527275084,0.0020254384726285,0.0193033665418624,0.97664581425488,1,0.97664581425488
1668482104814222031,270,3,0.8760043978691101,0.0105009053368121,0.1134946823585778,0.865503492532298,4,3.462013970129192
1669236472055885943,173,0,0.9172308444976808,0.0114089176058769,0.0713602304458618,0.9058219268918036,1,0.9058219268918036
1669331929878314447,336,0,0.9720288664102554,0.0061518203001469,0.0218193163163959,0.9658770461101084,4,3.863508184440434
1669598940713815546,424,0,0.7544085264205933,0.0198107016272842,0.2257807802408933,0.7345978247933089,10,7.34597824793309
1669781555383148470,826,0,0.5939131006598473,0.0623931484296917,0.3436937956139445,0.5315199522301555,2,1.063039904460311
1671241360769806501,66,0,0.4261256859699885,0.1368950058768193,0.4369792851805687,0.2892306800931692,3,0.8676920402795076
1671450505634868657,308,8,0.5083754491060972,0.1927907376084476,0.2988338093273341,0.3155847114976495,8,2.5246776919811964
1672608173034209611,335,0,0.7070183412233989,0.1137658298388123,0.1792158615340789,0.5932525113845865,3,1.7797575341537597
1673494796729367656,324,3,0.5552182625979185,0.0512565163662657,0.3935252167284488,0.5039617462316528,4,2.015846984926611
1673747873073038128,111,2,0.7097053175850918,0.0303234788182338,0.259971212407476,0.679381838766858,19,12.908254936570302
1673770717518070579,654,0,0.9432544708251952,0.0047172685153782,0.052028302103281,0.9385372023098172,1,0.9385372023098172
1674053648622901607,821,16,0.9412403280536332,0.0200260265846736,0.0387336509302258,0.9212143014689596,24,22.109143235255036
1674762351544589855,242,1,0.7645153856277466,0.1124789810025443,0.1230056342234214,0.6520364046252022,3,1.9561092138756069
1674798170592119705,395,0,0.5576844470841544,0.0365638721601239,0.4057516919981156,0.5211205749240305,14,7.2956880489364275
1675558906539105942,75,6,0.6768692446251711,0.0083914569501454,0.3147392595807711,0.6684777876750255,6,4.010866726050153
1676731934862270025,110,0,0.33,0.33,0.34,0.0,1,0.0
1679223177015712983,94,0,0.33,0.33,0.34,0.0,1,0.0
1679815999867375810,624,0,0.0639331564307212,0.1458617746829986,0.7902050018310547,-0.0819286182522773,1,-0.0819286182522773
1679968587119805335,668,0,0.4909550584852695,0.0719647379592061,0.4370802100747823,0.4189903205260634,2,0.8379806410521269
1681365053255091190,168,3,0.6572960102558136,0.1669329360220581,0.175771039519459,0.4903630742337554,2,0.9807261484675108
1682385026754230182,725,10,0.6212355311621319,0.0388791980221867,0.3398852758109569,0.5823563331399452,11,6.405919664539397
1682890482739235475,313,6,0.8103879693150521,0.0711809807953735,0.1184310568356886,0.7392069885196785,12,8.870483862236142
1683649637327360900,447,14,0.9757376779680668,0.0063018722702627,0.0179604460768725,0.969435805697804,23,22.29702353104949
1684411223502530522,159,0,0.1426091895500819,0.1257195283100009,0.7316712824503581,0.0168896612400809,3,0.0506689837202429
1685577236993902586,323,23,0.9789560493968782,0.0048738548343646,0.0161700852969217,0.9740821945625135,21,20.455726085812785
1686428835988317048,203,0,0.7827852016687393,0.0487312041711993,0.1684835941018536,0.73405399749754,8,5.87243197998032
1686670330625306947,112,3,0.980891207853953,0.004091712180525,0.0150170767058928,0.976799495673428,3,2.930398487020284
1687007620849667030,465,1,0.6971861098794376,0.0392590648286482,0.2635548312085516,0.6579270450507894,17,11.18475976586342
1687675941624753690,195,0,0.6574172163009644,0.1665118608716875,0.1760709160752594,0.4909053554292768,2,0.9818107108585536
1687747470095788209,439,0,0.5532034287850062,0.0360552510246634,0.410741325881746,0.5171481777603427,9,4.654333599843085
1687771995264337588,489,2,0.6309158205986023,0.0172520076739601,0.3518321514129638,0.6136638129246421,2,1.2273276258492842
1687821038833184215,121,24,0.7337429580092429,0.0607309145821879,0.2055261341606577,0.6730120434270551,24,16.152289042249322
1687956610758896884,877,5,0.7148695876048161,0.0504211403121455,0.2347092814858143,0.6644484472926706,13,8.637829814804718
1688049289776980853,381,1,0.685278335571289,0.0740861961003393,0.2406354710757732,0.6111921394709497,5,3.055960697354749
1688171485901771042,389,4,0.8657122679551442,0.0626832698735719,0.071604436909159,0.8030289980815724,6,4.818173988489434
1688712378621688955,116,0,0.979574978351593,0.0035820240154862,0.016843045130372,0.9759929543361068,1,0.9759929543361068
1688875242994059657,404,13,0.8875772698471943,0.0396984945691656,0.0727242400171235,0.8478787752780287,24,20.34909060667269
1689246377726664756,294,7,0.7801781708747149,0.0540798153285868,0.165742006637156,0.726098355546128,8,5.808786844369024
1689328101828165734,255,11,0.8691423010031383,0.037667962639903,0.0931897155729433,0.8314743383632351,15,12.472115075448528
1689391817617735949,161,0,0.33,0.33,0.34,0.0,1,0.0
1690004076656739751,606,1,0.7214111685752869,0.0046243942342698,0.2739644348621368,0.716786774341017,1,0.716786774341017
1690851741073050257,251,15,0.9270786970853806,0.0099113563424907,0.0630099345464259,0.9171673407428896,20,18.3433468148578
1690909735749328230,683,4,0.5745200831443071,0.0298074528109282,0.395672470331192,0.5447126303333789,4,2.178850521333516
1692784571776848301,368,24,0.8406294921040535,0.0708278871496441,0.0885426167833308,0.7698016049544094,24,18.475238518905822
1693638503845238003,244,0,0.1089910641312599,0.0492775067687034,0.8417313694953918,0.0597135573625564,1,0.0597135573625564
1693677302607288566,186,0,0.7041036659479142,0.1069043385024581,0.1889919920904295,0.597199327445456,7,4.180395292118192
1693781638713404275,1771,15,0.5447234334237874,0.1209409950929693,0.3343355984333903,0.4237824383308179,16,6.780519013293088
1695794158340893333,32,0,0.946632444858551,0.0046127256937325,0.0487548857927322,0.9420197191648184,1,0.9420197191648184
1695927983782904788,105,5,0.5300540631158012,0.2002655423831727,0.2696803960310561,0.3297885207326284,7,2.308519645128399
1696615630679233552,395,18,0.924570694565773,0.0073004760604817,0.0681288124993443,0.9172702185052912,20,18.345404370105825
1698006033338487638,327,5,0.7032537440293365,0.0326086849602008,0.2641375865497523,0.6706450590691356,27,18.107416594866663
1699469698497899613,68,0,0.9231675863265992,0.0099951446754857,0.0668372854124754,0.9131724416511132,4,3.652689766604453
1699508527931079262,74,0,0.33,0.33,0.34,0.0,1,0.0
1699526575433532362,552,6,0.6010567513108254,0.0983410133735742,0.3006022617127746,0.5027157379372511,8,4.021725903498009
1699594078999331059,91,13,0.9154482471942902,0.0360107913926582,0.0485409746420654,0.8794374558016319,22,19.347624027635906
1699686848562994840,214,1,0.4490938171123464,0.0483300054232434,0.5025761741174696,0.400763811689103,24,9.618331480538473
1699943045855580300,1010,17,0.9186572324145924,0.0312496701953932,0.050093098077923,0.8874075622191991,22,19.52296636882238
1700481058849472322,164,1,0.7384393135178834,0.125602571083776,0.1359581120125949,0.6128367424341074,24,14.708081818418576
1701831528637609050,80,1,0.989190936088562,0.0019136184128001,0.0088954903185367,0.987277317675762,1,0.987277317675762
1702264655252204805,131,2,0.9204082829611642,0.0102311234056417,0.0693605942651629,0.9101771595555224,7,6.371240116888657
1703265196363058723,120,3,0.8878215915816171,0.0515436179762972,0.0606347848874117,0.8362779736053199,7,5.853945815237239
1704132513974009183,145,8,0.7923232414722443,0.0370506825237535,0.1706260691005736,0.7552725589484908,20,15.105451178969815
1704289122262460735,392,0,0.6631466575463613,0.1725577958347276,0.1642955655169984,0.4905888617116337,6,2.943533170269802
1704510492007746989,329,7,0.8554416140488216,0.0309271252428048,0.1136312578645135,0.8245144888060167,14,11.543202843284234
1704520372832855746,143,0,0.5649469718337059,0.0480940989218652,0.3869589660316705,0.5168528729118407,2,1.0337057458236814
1704609109357091404,430,0,0.4891350958496332,0.0370226777158677,0.4738422147929668,0.4521124181337654,2,0.9042248362675308
1704669147052210859,215,21,0.7517785850815152,0.1179072131224624,0.1303142012696227,0.6338713719590526,23,14.579041555058213
1704691644860981493,178,0,0.7052191021707324,0.1144490394130763,0.1803318602012263,0.590770062757656,9,5.316930564818904
1704695042750482523,108,0,0.7087863186995188,0.02087231244271,0.2703414062658946,0.6879140062568089,3,2.0637420187704265
1705169612561432435,89,0,0.2855119407176971,0.0132207721471786,0.7012672424316406,0.2722911685705185,1,0.2722911685705185
1705819505168910341,165,1,0.6058349096775055,0.1697933431342244,0.2243717555701732,0.4360415665432811,2,0.8720831330865622
1705936426392276478,345,19,0.9227849693047372,0.0239754844001053,0.0532395361608972,0.898809484904632,19,17.077380213188007
1707517865413780793,215,19,0.846965298312051,0.0553490677575713,0.0976856428500087,0.7916162305544796,21,16.62394084164407
1708221916055593132,94,0,0.8210554275512696,0.0711697105169296,0.1077748570889234,0.7498857170343399,5,3.7494285851717
1708265327958982317,1088,0,0.4944992773234844,0.1270025471846262,0.3784981795276205,0.3674967301388581,6,2.204980380833149
1708330293943047347,368,17,0.8915085934268103,0.0324347216930861,0.0760566817886299,0.8590738717337243,18,15.463329691207036
1708346641093588843,72,2,0.9600373208522796,0.0047126653371378,0.0352499736472964,0.9553246555151418,2,1.910649311030284
1709661573156377466,314,1,0.4556938360134761,0.0261455988511443,0.5181605120499929,0.4295482371623317,3,1.2886447114869952
1710432930425153678,158,3,0.8247606310844422,0.0769465667977929,0.0982927989512682,0.7478140642866492,5,3.739070321433246
1711041765072533660,936,19,0.8795630353375485,0.041230965606182,0.0792060117149039,0.8383320697313664,19,15.92830932489596
1711069113010281670,797,2,0.5858766981214285,0.1089538018964231,0.3051694841496646,0.4769228962250054,4,1.9076915849000216
1711184212880648092,80,2,0.9736105600992838,0.0032240874134004,0.0231653604035576,0.9703864726858834,3,2.9111594180576503
1711348234091683679,163,2,0.6937015838623047,0.1417927294205874,0.1645056926310062,0.5519088544417172,5,2.7595442722085863
1711742555291885681,219,9,0.5728386079333723,0.1317772867530584,0.2953841016464866,0.4410613211803138,16,7.056981138885021
1711913727506049860,574,9,0.9237428296605746,0.0334435210617569,0.0428136566894439,0.8902993085988177,24,21.367183406371623
1712553522551360807,191,1,0.6575956428050995,0.1677056043036282,0.1746987910754978,0.4898900385014713,2,0.9797800770029426
1712597504057206006,409,6,0.9686188016619,0.0059015897069392,0.0254796034257326,0.9627172119549608,7,6.739020483684726
1713199462732425959,153,0,0.1262173950672149,0.0067241410724818,0.8670583963394165,0.1194932539947331,1,0.1194932539947331
1713233322937986077,286,2,0.7735916492342949,0.0941237599577289,0.1322845970652997,0.679467889276566,8,5.435743114212528
1713372502660682597,456,19,0.8444424070011486,0.0489627111910588,0.1065948957882144,0.7954796958100897,22,17.500553307821974
1714075137231458277,45,0,0.3899264335632324,0.0062444917857646,0.603829026222229,0.3836819417774677,1,0.3836819417774677
1714604649069249448,95,4,0.6246228454794203,0.0624307423191411,0.3129464272356458,0.5621921031602791,7,3.935344722121954
1714615245005539630,173,0,0.7359083443880081,0.0124023328535258,0.2516893267165869,0.7235060115344822,2,1.4470120230689645
1714658451671639924,103,4,0.874371694624424,0.0470107751223258,0.0786175280995667,0.8273609195020981,8,6.618887356016785
1714666836246445019,683,0,0.9663524627685548,0.0064415438100695,0.0272060614079237,0.9599109189584852,1,0.9599109189584852
1715344050229682230,130,2,0.4866210377216339,0.1166403224288175,0.3967386192828417,0.3699807152928163,3,1.109942145878449
1715501044808525866,1259,2,0.3179532467786755,0.084896236258958,0.5971505272069147,0.2330570105197174,7,1.631399073638022
1715652889602245622,614,10,0.9064187005810116,0.0443249922549433,0.049256295532636,0.8620937083260682,23,19.82815529149957
1715872433440608383,295,2,0.6538728260993958,0.1677088155038655,0.1784183542057872,0.4861640105955302,2,0.9723280211910604
1716408352455457971,110,2,0.4560773944854736,0.2499360620882362,0.2939865487813949,0.2061413323972374,4,0.8245653295889497
1716940338226114171,239,5,0.9472333192825316,0.0078407985690448,0.044925863854587,0.9393925207134868,7,6.575747644994408
1717594529685477717,132,1,0.4533893819650014,0.1796774547298749,0.3669331186016401,0.2737119272351265,3,0.8211357817053795
1718559848741778207,459,0,0.6791573060913519,0.0850114513362165,0.2358312300948256,0.5941458547551354,22,13.071208804612978
1719041232493287522,119,24,0.8843075208153043,0.0212950127806869,0.0943974590975613,0.8630125080346174,21,18.12326266872697
1719902782045423460,215,1,0.308343716955278,0.426283975248225,0.2653723135590553,-0.1179402582929469,8,-0.9435220663435756
1720422675974894107,906,25,0.8995799484036184,0.0267336007110266,0.0736864606324921,0.872846347692592,22,19.202619649237025
1720739788493153743,785,0,0.6488452325016261,0.0577162019608335,0.2934385723931094,0.5911290305407925,18,10.640322549734265
1720757876204355818,212,5,0.8137360459566116,0.1108928804949391,0.0753710975591093,0.7028431654616725,8,5.62274532369338
1720816006403848298,400,15,0.9140298116207124,0.0277566898247459,0.0582134925154969,0.8862731217959663,16,14.18036994873546
1721371600051616910,51,1,0.3882776284217835,0.1720380899123847,0.4396842849254608,0.2162395385093987,2,0.4324790770187974
1721610692718633535,50,0,0.7740587592124939,0.0408738292753696,0.1850674599409103,0.7331849299371243,1,0.7331849299371243
1721929517804739582,1238,19,0.8202142324230888,0.0434385508823801,0.1363472086512907,0.7767756815407086,22,17.08906499389559
1721943165340752842,91,0,0.607672610282898,0.1734951361641288,0.2188322414457798,0.4341774741187691,2,0.8683549482375383
1721982701428361033,373,0,0.5747728557139635,0.0882986094616353,0.336928495708853,0.4864742462523281,4,1.9458969850093129
1722205371191024220,182,6,0.6719177425238821,0.0457219957912133,0.282360255734788,0.6261957467326688,9,5.635761720594019
1722698442385403114,1058,20,0.8913646403948466,0.0383889644907321,0.0702463878675674,0.8529756759041144,24,20.471416221698743
1722985825251076794,217,10,0.7398441386222839,0.0645326877499206,0.1956231658409039,0.6753114508723633,9,6.07780305785127
1723450203163189247,115,2,0.9385208785533904,0.0038621143903583,0.0576170310378074,0.9346587641630322,2,1.8693175283260643
1723522670257907932,740,0,0.4516096762816111,0.0609615539738701,0.4874287800408072,0.390648122307741,9,3.515833100769669
1724098498074262892,1094,22,0.7302002146840095,0.0368018230772577,0.2329979673959314,0.6933983916067519,20,13.867967832135037
1724103597351513589,711,24,0.8975152138868968,0.0315971965257388,0.0708875946320283,0.8659180173611579,24,20.78203241666779
1724823933504393736,201,2,0.370521180331707,0.0642537971337636,0.5652249579628309,0.3062673831979434,3,0.91880214959383
1724940752217255770,328,2,0.7341410415172577,0.0909894915688783,0.1748694883808493,0.6431515499483794,10,6.431515499483794
1725476320220859346,376,6,0.6183258903771639,0.1412683648674283,0.2404057381488382,0.4770575255097355,16,7.632920408155769
1725524124398193452,416,4,0.7818212022100176,0.0558265509709183,0.1623522290906736,0.7259946512390992,7,5.081962558673695
1725646446944606948,180,7,0.6903824140131474,0.0870092293294146,0.222608349090442,0.6033731846837327,8,4.8269854774698615
1725805206250142968,952,0,0.936772882938385,0.0115801259720077,0.0516470175546904,0.9251927569663772,6,5.551156541798264
1725834123525812778,348,4,0.9727416187524796,0.0055255931220017,0.0217327924910932,0.9672160256304778,4,3.8688641025219113
1725999352764019157,116,2,0.7025131837526958,0.1213115891969452,0.1761752330263456,0.5812015945557505,3,1.7436047836672517
1726169656523038264,837,4,0.4594166651368141,0.0815112657312836,0.4590720715267317,0.3779053994055305,7,2.6453377958387136
1726536757115239251,776,1,0.7744711740658834,0.0406172741562701,0.1849115618432943,0.7338538999096132,13,9.540100698824972
1726784729628115165,167,5,0.2637323721498251,0.0929517337617775,0.643315878411134,0.1707806383880476,6,1.0246838303282857
1727056258802878736,306,24,0.8775952757894993,0.0631057119497563,0.0592990162673716,0.8144895638397429,24,19.54774953215383
1727752184130537880,733,14,0.8012166248049055,0.0395802165594484,0.159203152049865,0.7616364082454571,14,10.6629097154364
1728434565658101340,153,7,0.790686710410648,0.0755361028677887,0.1337771651976638,0.7151506075428592,9,6.436355467885733
1729190966097469417,127,0,0.33,0.33,0.34,0.0,1,0.0
1729339632700368266,236,6,0.7544093831131855,0.0964426564013895,0.1491479626391083,0.657966726711796,24,15.791201441083103
1729961950577611534,438,4,0.7879761933641775,0.0550937893461169,0.1569300224286105,0.7328824040180605,14,10.260353656252846
1730190981158151353,362,1,0.6634013205766678,0.0244894688948988,0.3121091732755303,0.6389118516817689,2,1.2778237033635378
1730443687286269070,390,0,0.9522755980491638,0.0065726612694561,0.0411517299711704,0.9457029367797076,5,4.728514683898538
1730599970301426202,290,9,0.9416040493683382,0.0071273193038492,0.0512686187655411,0.934476730064489,22,20.55848806141876
1730624537873341399,1123,17,0.9683154986964332,0.0061676557460385,0.0255168413019014,0.9621478429503946,18,17.318661173107103
1730819538668113947,600,0,0.4445953071117401,0.0314455777406692,0.5239591598510742,0.4131497293710708,1,0.4131497293710708
1732008274071146482,101,1,0.1780305057764053,0.0916788280010223,0.7302906513214111,0.086351677775383,2,0.172703355550766
1732103230789531332,137,0,0.9806835055351256,0.0052647528937086,0.0140517237596213,0.9754187526414172,2,1.9508375052828344
1732135794510832288,939,0,0.8358553147315979,0.0563003363693133,0.1078443550691008,0.7795549783622846,8,6.236439826898277
1732355525147660480,299,15,0.943487575352192,0.0195159213004323,0.0369964879223456,0.9239716540517596,24,22.17531969724223
1732643937618917045,247,0,0.9532174468040466,0.0053437715396285,0.0414387434720993,0.947873675264418,1,0.947873675264418
1732913350408383288,592,0,0.7030758942498101,0.0724914410172237,0.224432670113941,0.6305844532325864,9,5.6752600790932775
1732981484954291781,179,2,0.4253866076469421,0.0837980844080448,0.4908153265714645,0.3415885232388973,2,0.6831770464777946
1733023358913711648,70,0,0.9760905802249908,0.0072916503995656,0.016617773566395,0.9687989298254251,2,1.9375978596508503
1733548961786832593,76,0,0.7670898735523224,0.0067713935859501,0.2261387333273887,0.7603184799663723,2,1.5206369599327445
1733723974264137532,185,0,0.755737628142039,0.1147493888220439,0.1295129890119036,0.640988239319995,3,1.9229647179599847
1734206489026806722,1316,0,0.6621228928367296,0.0244439986223975,0.3134330877413352,0.6376788942143321,3,1.9130366826429963
1734445248882897932,37,0,0.0841742008924484,0.2549546845257282,0.6608710686365763,-0.1707804836332798,3,-0.5123414508998394
1734986638360136225,813,3,0.3666367024679979,0.1471866131247952,0.4861766829714178,0.2194500893432026,6,1.3167005360592157
1735057699894247126,288,1,0.6318058501929045,0.0912207007058896,0.2769734365865588,0.5405851494870149,8,4.324681195896119
1735190681385980993,116,0,0.2553071081638336,0.0534093230962753,0.6912835836410522,0.2018977850675583,1,0.2018977850675583
1735217813062426819,142,1,0.8415582552552223,0.0166970278369262,0.1417447226898124,0.824861227418296,12,9.898334729019552
1735464958315091547,435,2,0.3061499930471182,0.3375552745088935,0.3562947430610657,-0.0314052814617753,5,-0.1570264073088765
1735936221529920575,186,3,0.7158721415201823,0.0616055497930695,0.2225223036420842,0.6542665917271128,6,3.925599550362677
1736471423830292674,1005,7,0.5754797149300576,0.1014387652749816,0.3230815199812253,0.4740409496550758,15,7.110614244826138
1737133513534031189,151,2,0.5598735851049423,0.1937696766504086,0.2463567341119051,0.3661039084545336,4,1.4644156338181349
1737272051645017681,327,4,0.7496881857514381,0.1480301013798453,0.1022817161865532,0.6016580843715928,4,2.4066323374863714
1737305516965002967,158,0,0.4404161081711451,0.1191443501102427,0.4404395310084025,0.3212717580609023,3,0.9638152741827072
1737964325060818892,88,0,0.506452739238739,0.0128920432180166,0.480655163526535,0.4935606960207224,1,0.4935606960207224
1738089398167115737,324,19,0.9274203119178612,0.009571834418845,0.0630078500835225,0.9178484774990162,24,22.02836345997639
1738468559698374351,793,20,0.6958915094818388,0.0818030378022896,0.2223054514186722,0.6140884716795492,14,8.597238603513688
1738789647124966392,746,6,0.6873561764756838,0.0237790343041221,0.2888647766473393,0.6635771421715617,6,3.9814628530293694
1738871422530727593,108,0,0.654428580403328,0.0941658412106335,0.2514055896550417,0.5602627391926944,5,2.801313695963472
1738981265052603760,246,10,0.7726806674762206,0.040826755801893,0.1864925742454149,0.7318539116743275,11,8.050393028417602
1739950989389021701,370,12,0.7681884220764041,0.0379687183732166,0.1938428629729896,0.7302197037031875,20,14.604394074063748
1740020669193574073,74,1,0.6567399287223816,0.1674460514541715,0.175814007949084,0.48929387726821,2,0.97858775453642
1741400209048328345,219,2,0.9594040513038636,0.0066237503973146,0.0339721577862898,0.9527803009065487,3,2.8583409027196467
1741495337505713192,123,0,0.8557861049969991,0.004749185560892,0.1394646757592757,0.851036919436107,3,2.553110758308321
1742474853183961766,660,19,0.9082818392912548,0.0342543569603003,0.0574638087154987,0.8740274823309543,24,20.976659575942904
1742580291694077268,126,0,0.726233055194219,0.0422978022446235,0.2314691140005985,0.6839352529495955,3,2.0518057588487864
1743488533883923981,236,0,0.286800558368365,0.0349592268466949,0.6782402197519938,0.25184133152167,3,0.7555239945650101
1743723578300102365,243,2,0.6181115070078522,0.1598522370343562,0.2220362530183047,0.458259269973496,8,3.666074159787968
1743891620857855548,247,19,0.7043840604890947,0.065372296227952,0.2302436420175692,0.6390117642611427,23,14.697270578006282
1744439274287018800,132,0,0.9465905129909516,0.0058130163233727,0.0475964993238449,0.9407774966675788,2,1.8815549933351576
1744622555546848638,412,15,0.8532252770000034,0.0610799715251454,0.0856947513649033,0.792145305474858,18,14.258615498547442
1745821634357797496,74,0,0.6546502196788788,0.1682509334851056,0.1770988866500556,0.4863992861937731,2,0.9727985723875464
1745829000235545643,224,4,0.6514885718056134,0.1837990918715617,0.164712337287409,0.4676894799340516,7,3.273826359538361
1745832898294436552,657,0,0.7310606425338322,0.0801887209961811,0.1887506235349509,0.6508719215376509,9,5.857847293838859
1745947722802598598,387,0,0.795027058995687,0.0415956944957948,0.1633772275596857,0.7534313644998922,13,9.794607738498598
1746055503917477794,1147,5,0.8543652363798835,0.027609982760623,0.1180247599259018,0.8267552536192604,11,9.094307789811864
1746101201227527820,446,0,0.8585668790588775,0.0267461929439256,0.1146869424326966,0.831820686114952,24,19.963696466758847
1746681503393582753,552,0,0.7667618954181671,0.0552286230508859,0.1780094724893569,0.7115332723672813,12,8.538399268407375
1746925755501035982,437,0,0.7528338711708784,0.1691364222788252,0.0780297243036329,0.5836974488920532,4,2.334789795568213
1747353697408804720,187,13,0.9227888797010694,0.0158656956711118,0.061345429492316,0.9069231840299576,14,12.696924576419406
1748007440227550955,155,3,0.9562828143437704,0.0071483888508131,0.0365688167512416,0.9491344254929572,3,2.847403276478872
1748171587084206016,285,0,0.834671139717102,0.0083999256603419,0.1569289527833461,0.8262712140567601,2,1.65254242811352
1748362315098255067,731,11,0.8047297980104174,0.0653968985924231,0.1298732802804027,0.7393328994179943,7,5.17533029592596
1748615710592037423,442,15,0.7069477893272414,0.1568182271280481,0.1362339861737564,0.5501295621991934,24,13.20310949278064
1748885686095979218,758,19,0.8936318698194291,0.0289896178638769,0.0773785039865308,0.8646422519555522,18,15.56356053519994
1749014384664962212,515,18,0.8004684636467382,0.053928725090564,0.1456028122552915,0.7465397385561741,19,14.184255032567307
1749156088815019973,379,23,0.9332941466321548,0.0077937338889266,0.0589121277250039,0.925500412743228,24,22.21200990583748
1749334635581433907,144,1,0.9526978731155396,0.003661710768938,0.0436404370702803,0.9490361623466016,2,1.898072324693203
1749615153667709161,223,5,0.5146903440356254,0.0774683356285095,0.4078413190320134,0.4372220084071159,5,2.18611004203558
1749701901630577194,156,1,0.6336068594455719,0.171125567946583,0.1952675991505384,0.4624812914989888,2,0.9249625829979776
1749911813048467654,169,0,0.6673370182514191,0.0833126490470022,0.2493503574281931,0.5840243692044169,5,2.9201218460220844
1749957133167502730,147,0,0.8969927728176117,0.0199078191071748,0.0830993875861167,0.8770849537104368,2,1.7541699074208736
1750060450233334298,321,1,0.9507862329483032,0.0127013931050896,0.036512404680252,0.9380848398432136,1,0.9380848398432136
1750258163457466501,706,0,0.7511756668488184,0.0282054631970822,0.2206188659183681,0.7229702036517361,6,4.337821221910417
1750515175843102954,270,18,0.8837067448347806,0.0306860510481055,0.0856072094043095,0.8530206937866751,24,20.472496650880203
1750863612875721993,923,13,0.9811121433973312,0.0054362761904485,0.013451581262052,0.9756758672068828,20,19.513517344137654
1750909156591654071,741,0,0.7069532771905264,0.0106127611361444,0.2824339388559262,0.696340516054382,3,2.089021548163146
1751010375347530390,150,0,0.7508375406265259,0.0654468400403857,0.1837156377732753,0.6853907005861402,5,3.426953502930701
1751302832025246458,128,0,0.5485859885811806,0.0343318674713373,0.4170821961015463,0.5142541211098433,2,1.0285082422196865
1751565402151166068,338,6,0.8176355299850305,0.0283368847255284,0.1540276130350927,0.789298645259502,6,4.735791871557012
1752013823220354668,306,4,0.9767700731754304,0.0056034397566691,0.0176265069749206,0.9711666334187612,4,3.8846665336750448
1752276935800652532,372,16,0.882993594010671,0.0421930724064198,0.0748133267855478,0.8408005216042511,18,15.13440938887652
1752342523726008596,133,1,0.6773089518149694,0.0386797740745047,0.2840112720926602,0.6386291777404646,3,1.9158875332213936
1753084960933195245,488,14,0.7708837122266943,0.066606268950484,0.1625100295753641,0.7042774432762102,11,7.747051876038313
1753164113355451901,152,2,0.456454873085022,0.0251214681193232,0.5184236466884613,0.4313334049656987,2,0.8626668099313974
1753460528300950506,270,20,0.8531293186793724,0.0315050964823846,0.1153655812245172,0.8216242221969878,24,19.718981332727708
1753690132774152371,310,3,0.4520527878403664,0.1795019821356982,0.3684452269971371,0.2725508057046681,4,1.0902032228186729
1754128557054863302,752,3,0.9123769402503968,0.0098812773823738,0.0777417678385972,0.902495662868023,5,4.512478314340115
1754184999399244058,134,3,0.7187068313360214,0.008009220007807,0.2732839309610426,0.7106976113282144,4,2.8427904453128576
1754253956409117779,474,2,0.6613383746147156,0.1328198907958964,0.2058417462309202,0.5285184838188192,3,1.5855554514564574
1754933693343090545,549,7,0.894939124584198,0.0063508384794528,0.0987100316477673,0.888588286104745,7,6.220118002733216
1755253882046898944,222,7,0.7374000768959522,0.0738942790627479,0.1887056451588869,0.6635057978332043,10,6.635057978332043
1755492313978495359,550,0,0.8010966095786828,0.0153171243146061,0.1835862734856513,0.7857794852640766,13,10.215133308432996
1755676877841084315,31,2,0.4654911563793818,0.1390891514159739,0.3954196867719293,0.3264020049634079,3,0.9792060148902236
1755936257995135303,709,16,0.8945041739239412,0.0441861216932096,0.0613096909060636,0.8503180522307315,17,14.455406887922436
1755976333397055035,130,0,0.8158454895019531,0.0067137579899281,0.1774407513439655,0.809131731512025,2,1.61826346302405
1756605868672301239,431,0,0.7002404807011287,0.0928196802533542,0.2069398540630936,0.6074208004477745,6,3.644524802686647
1756787125829018171,713,5,0.6185131464004516,0.0891266854796558,0.2923601817637682,0.5293864609207958,5,2.646932304603979
1756883006167290691,912,0,0.9097945654392242,0.0336572781220699,0.0565481421196212,0.8761372873171543,24,21.027294895611703
1756935218895108144,549,1,0.6602815896272659,0.0556136771105229,0.2841047417372465,0.6046679125167429,5,3.0233395625837147
1757166612816745007,312,2,0.9436001181602478,0.0114299373235553,0.0449699712917208,0.9321701808366925,2,1.864340361673385
1757610648042683179,707,4,0.6381810266375542,0.1191217927113175,0.2426971763670444,0.5190592339262367,5,2.595296169631183
1758400340720705446,353,13,0.4611961725468819,0.2258144795407469,0.3129893502764976,0.2353816930061349,13,3.0599620090797544
1758484746725669180,747,3,0.8144411337375641,0.0859806433250196,0.0995782011095434,0.7284604904125445,4,2.913841961650178
1758709990515719847,452,14,0.684928179199879,0.089262733021751,0.2258090769069699,0.5956654461781279,13,7.743650800315662
1758771090929169930,358,9,0.9278956280435836,0.029500997303985,0.0426033806561359,0.8983946307395984,14,12.577524830354378
1758822851233111331,424,0,0.7734687221050263,0.0940546631859615,0.1324766101688146,0.6794140589190647,4,2.717656235676259
1758895425962971630,1263,5,0.5500395968556404,0.0553993580896141,0.3945610294384615,0.4946402387660263,14,6.924963342724368
1758902589313099627,327,11,0.9647090666823916,0.0103909872187715,0.0248999552697771,0.95431807946362,18,17.177725430345163
1759057978344127214,1234,0,0.8564678836427628,0.0290728614411394,0.1144592462092017,0.8273950222016234,24,19.857480532838963
1759589371260207118,120,0,0.0917445942759513,0.0539071634411811,0.854348212480545,0.0378374308347702,2,0.0756748616695404
1759853301825025236,308,10,0.973885158697764,0.0060360822244547,0.0200787748520572,0.9678490764733092,12,11.614188917679712
1760123375927173360,124,0,0.9640055000782012,0.005407586460933,0.0305869644507765,0.9585979136172682,2,1.9171958272345364
1760295217929765431,827,19,0.9387660684368826,0.0241727366353469,0.0370611979439854,0.9145933318015356,22,20.121053299633783
1760540391155113300,711,3,0.8163360986709595,0.0738873614314943,0.1097765405029058,0.7424487372394651,5,3.7122436861973256
1761013844643418335,880,15,0.9288563763011584,0.0224309856546196,0.0487126330066133,0.9064253906465388,22,19.941358594223857
1761027805519033122,280,0,0.4002722005049388,0.0274425816411773,0.5722852150599161,0.3728296188637614,3,1.1184888565912845
1761066340998480329,118,2,0.7901151403784752,0.1019044107524678,0.1079804494511336,0.6882107296260074,4,2.752842918504029
1761083365603025145,144,2,0.7475857734680176,0.0124638122506439,0.239950455725193,0.7351219612173736,2,1.4702439224347472
1761508112684973271,537,13,0.918716718753179,0.0095809130871202,0.0717023578472435,0.9091358056660588,24,21.819259335985407
1761680414601382207,162,5,0.8792789152264595,0.0479780053335707,0.0727430930314585,0.8313009098928887,8,6.65040727914311
1761775338722341652,117,2,0.6559950494766236,0.1683271734137088,0.1756777796708047,0.4876678760629147,2,0.9753357521258296
1762458543900033308,1113,12,0.66243122114585,0.1162356381039493,0.2213331312399644,0.5461955830419006,13,7.100542579544708
1762558772783645716,282,5,0.8561857455968857,0.0435881799141255,0.1002260793590297,0.8125975656827601,12,9.751170788193122
1762579015207994260,196,0,0.6950175613164902,0.036850430847456,0.2681319943318764,0.6581671304690341,3,1.9745013914071023
1763385877320394249,98,0,0.6034324397146702,0.108133824756369,0.2884337311051786,0.4952986149583012,4,1.9811944598332047
1763619150607871628,257,0,0.9557870924472808,0.0100393100292421,0.0341736075934022,0.9457477824180388,4,3.782991129672155
1763689251737761159,144,2,0.8895466327667236,0.0068286822643131,0.1036247001029551,0.8827179505024105,2,1.765435901004821
1763951855718972732,289,9,0.718718536734581,0.107866916783154,0.1734145343285054,0.610851619951427,10,6.10851619951427
1764335810647086383,344,10,0.7140181629525291,0.0575652451482084,0.2284165950036711,0.6564529178043207,9,5.908076260238886
1764371707563608935,408,1,0.5770537133018175,0.0537381630080441,0.369208129743735,0.5233155502937734,3,1.5699466508813202
1764674707766849986,1347,20,0.7882801905545321,0.0489122830475257,0.1628075210005045,0.7393679075070064,22,16.26609396515414
1765279541536215637,117,0,0.4657734417915344,0.2439608210325241,0.2902657446265221,0.2218126207590103,2,0.4436252415180206
1765309071726317214,733,16,0.9772782041912988,0.005725849730273,0.0169959455018951,0.9715523544610256,21,20.402599443681535
1766200323686525051,80,6,0.9804648160934448,0.0058437736782555,0.0136914091805617,0.9746210424151892,6,5.847726254491136
1766370726062207937,292,17,0.7713391250489574,0.0565531329300842,0.1721077290314593,0.7147859921188731,19,13.580933850258589
1766503806907741379,264,15,0.9133378751575948,0.0064927256316877,0.0801694022375159,0.9068451495259068,16,14.50952239241451
1766732438821641259,325,1,0.7488486063480377,0.09119635946583,0.1599550433829427,0.6576522468822077,4,2.6306089875288308
1767269714609305152,687,16,0.8994690190255642,0.0270739651849726,0.0734570151055231,0.8723950538405916,16,13.958320861449463
1768066831001891101,368,1,0.7639632225036621,0.0135199502110481,0.2225167751312255,0.750443272292614,1,0.750443272292614
1768264631829461204,337,23,0.506332721322154,0.195914708362737,0.2977525677733744,0.3104180129594169,24,7.450032311026007
1768990631701324422,192,0,0.8106359365582466,0.0540548212692374,0.135309240615461,0.7565811152890092,16,12.105297844624149
1768999899998588365,167,3,0.8662788569927216,0.0067970317710811,0.1269241368087629,0.8594818252216404,6,5.156890951329842
1769111381954857870,769,2,0.6815101329088211,0.0749112802408635,0.2435785770714283,0.6065988526679575,5,3.032994263339788
1769566700390130181,183,5,0.8203912675380707,0.0205098972073756,0.1590988332172855,0.7998813703306951,8,6.3990509626455605
1769837559775335888,229,3,0.6484532553553581,0.0810666584260761,0.2704800648912787,0.567386596929282,5,2.8369329846464097
1770214540807402040,271,0,0.9409462894712176,0.0134352152235805,0.0456184921786189,0.927511074247637,7,6.492577519733459
1770945204251982384,622,7,0.7714923090594156,0.0566831326471375,0.1718245764874986,0.714809176412278,7,5.003664234885946
1771132988601766107,991,1,0.2892682552337646,0.0912719666957855,0.6194597482681274,0.1979962885379791,1,0.1979962885379791
1771231861851583434,442,20,0.8928938333554701,0.0387677118876441,0.0683384531059048,0.8541261214678261,22,18.790774672292173
1771234468536194406,626,24,0.9484673482894896,0.0205726762086153,0.0309599729686975,0.9278946720808744,25,23.19736680202186
1771310598820022489,427,0,0.8591788908697309,0.0325656505266115,0.1082554603332564,0.8266132403431194,21,17.358878047205508
1771630681191333768,511,16,0.9072924000566656,0.0381134757069362,0.0545941257815469,0.8691789243497293,11,9.560968167847022
1771780741174986145,414,17,0.9484863980192886,0.0212246644222422,0.030288935254671,0.9272617335970464,19,17.617972938343883
1771878018013259158,114,2,0.8581717312335968,0.0148467398248612,0.1269815042614936,0.8433249914087355,2,1.686649982817471
1772012435903737440,119,0,0.973701556523641,0.0072238400268057,0.0190745949124296,0.9664777164968352,3,2.899433149490505
1772269277706804525,457,0,0.929706868648529,0.0274864698089659,0.0428066589037577,0.9022203988395632,15,13.533305982593449
1773326682750286404,145,0,0.8639419078826904,0.03516835719347,0.1008897721767425,0.8287735506892204,1,0.8287735506892204
1773924852147703791,240,3,0.7557614699999492,0.1139723155399163,0.1302662113557259,0.6417891544600328,3,1.9253674633800983
1774430806006485796,185,0,0.134482204914093,0.085009790956974,0.7805079221725464,0.0494724139571189,1,0.0494724139571189
1775614164213797742,348,8,0.7331772989034653,0.0989103196905521,0.1679123977749892,0.6342669792129132,23,14.588140521897005
1775655899585360398,723,8,0.764149603843689,0.0709696843534369,0.1648806995898485,0.693179919490252,11,7.624979114392772
1775878282328164910,33,0,0.5955063700675964,0.0236889943480491,0.3808045983314514,0.5718173757195473,1,0.5718173757195473
1776303994278712429,58,0,0.5348831452429295,0.0062964865937829,0.4588203523308038,0.5285866586491466,2,1.0571733172982931
1776903694353230340,472,20,0.9531036352027544,0.0190882325159724,0.027808127423579,0.9340154026867822,22,20.548338859109208
1777675822368071295,712,0,0.9781241416931152,0.0086176162585616,0.0132582103833556,0.9695065254345536,1,0.9695065254345536
1778266435492045229,166,0,0.33,0.33,0.34,0.0,1,0.0
1778447531144172168,710,3,0.6516901950041453,0.0621428719411293,0.2861669460932414,0.5895473230630159,3,1.7686419691890478
1778490928752214636,108,0,0.638047382235527,0.0213081578258425,0.3406444331631064,0.6167392244096845,2,1.233478448819369
1778509361224984729,15,1,0.1327851377427578,0.1977224200963974,0.6694924533367157,-0.0649372823536396,2,-0.1298745647072792
1778670545418344182,161,7,0.9858200086487664,0.0043080397622866,0.0098719533222417,0.9815119688864796,9,8.833607719978318
1778984886556845157,314,3,0.297612384557724,0.1325883834064007,0.5697992531458537,0.1650240011513233,3,0.4950720034539699
1779031362448342189,261,0,0.4369526014725367,0.1444019001349807,0.4186454825599988,0.292550701337556,3,0.8776521040126681
1779954729658794151,443,5,0.6719348135590554,0.1590160301296661,0.1690491388489803,0.5129187834293892,6,3.077512700576335
1779966426849857974,91,1,0.9757728576660156,0.0081114284694194,0.0161157408729195,0.967661429196596,2,1.9353228583931923
1779986586522195117,312,1,0.6072215735912323,0.0175487271820505,0.3752296939492225,0.5896728464091817,3,1.7690185392275453
1780168293961727735,258,3,0.9679386218388876,0.0053449718592067,0.0267164253940184,0.9625936499796808,3,2.8877809499390423
1780467274386401229,302,4,0.5740468955785036,0.1358975064952392,0.2900555927166715,0.4381493890832644,8,3.505195112666115
1780561521194181337,220,1,0.1943967377438265,0.0993648587506921,0.7062384039711427,0.0950318789931342,17,1.615541942883283
1781247956960267590,238,19,0.9269677617549896,0.024671194314491,0.0483610330689698,0.9022965674404986,20,18.04593134880997
1781293381817747717,165,0,0.1450740844011306,0.1052855104207992,0.7496404051780701,0.0397885739803314,4,0.1591542959213256
1781356092383883866,322,19,0.8929615630706151,0.0345804818581867,0.0724579482463499,0.8583810812124284,24,20.60114594909828
1781378710111224856,120,5,0.9702823400497436,0.0047212853562086,0.0249963503330945,0.9655610546935348,5,4.827805273467675
1781495992254692859,75,0,0.6969129101435344,0.1216006831328074,0.1814863868554433,0.5753122270107269,3,1.7259366810321808
1782070611255030601,548,9,0.962036214091561,0.0073353113521906,0.0306284756145694,0.9547009027393704,22,21.00341986026615
1782170924587217393,729,2,0.8616337480911842,0.0582704069515546,0.0800958484497208,0.8033633411396295,13,10.443723434815183
1782203011005059614,461,6,0.8911651717498899,0.0137671961662514,0.0950676404948656,0.8773979755836384,24,21.05755141400732
1782250467649565933,502,7,0.6800651519229779,0.121207495552416,0.1987273534917487,0.5588576563705618,26,14.530299065634608
1782471777433954423,416,0,0.1805292665958404,0.0128223458305001,0.8066483736038208,0.1677069207653403,1,0.1677069207653403
1782509939248460055,183,7,0.5830742125213146,0.0926704719563713,0.3242553240060806,0.4904037405649433,8,3.9232299245195454
1782773293038682194,115,4,0.5556282017230988,0.0728685424048453,0.3715032393410802,0.4827596593182534,5,2.413798296591267
1783421678505632745,221,0,0.9889585971832277,0.0028281169943511,0.0082132713869214,0.9861304801888764,1,0.9861304801888764
1784440766073783943,1172,7,0.3070683473774365,0.1531427776494196,0.5397888667242868,0.1539255697280168,7,1.077478988096118
1784588287185535149,248,0,0.918836373289426,0.0219501125362391,0.0592135248069341,0.896886260753187,24,21.52527025807649
1784849800211916844,257,1,0.980337619781494,0.0034457998505483,0.0162165751680731,0.976891819930946,3,2.930675459792837
1785388922281768164,14,0,0.2751257709562779,0.2844106777906418,0.4404635639190674,-0.0092849068343639,5,-0.0464245341718196
1785389922329646589,14,0,0.0681523233652114,0.0839767381548881,0.847870945930481,-0.0158244147896766,1,-0.0158244147896766
1785709666213172817,269,0,0.9052702109018962,0.0130101211989919,0.0817196696375807,0.8922600897029043,30,26.767802691087127
1786060406947985973,272,65,0.2216596322998087,0.0833049474840864,0.695035414038662,0.1383546848157222,94,13.005340372677894
1786071519026397909,148,0,0.6658357735723257,0.0064055543625727,0.3277586894109845,0.659430219209753,4,2.637720876839012
1786424525265895707,672,7,0.8966852873563766,0.0210263753833714,0.0822883422952145,0.8756589119730052,24,21.015813887352124
1786917517617647275,16,1,0.3776033818721771,0.1692939172498881,0.4531027376651764,0.2083094646222889,2,0.4166189292445779
1787162032270142070,669,5,0.7640461623668671,0.0209542918018996,0.2149995191333194,0.7430918705649674,6,4.458551223389804
1787197165565101998,449,16,0.911448787011598,0.0231438332908835,0.065407372675836,0.8883049537207147,19,16.87779412069358
1788111056733482068,898,0,0.7469077603816986,0.0475028984174132,0.205589358896017,0.6994048619642854,10,6.994048619642854
1789135743446571053,445,23,0.9109994728739064,0.0268012507682821,0.0621992841285342,0.8841982221056242,24,21.22075733053498
1789259150983809032,138,0,0.4923702752590179,0.2479948310088366,0.2596349032782018,0.2443754442501813,4,0.9775017770007252
1790056635947968712,228,0,0.0812801606953144,0.0275389164686203,0.8911809086799621,0.0537412442266941,10,0.5374124422669411
1790814834243993713,41,0,0.6061128163337708,0.1691388180106878,0.2247483824193477,0.4369739983230829,2,0.8739479966461658
1790848002279888032,99,2,0.7037973658243816,0.1173729228849212,0.1788297122220198,0.5864244429394603,3,1.7592733288183808
1790851460784029117,501,5,0.9614914779861768,0.0059260746250705,0.0325824399478733,0.9555654033611064,24,22.93356968066655
1790947835555171376,519,18,0.6591219553832586,0.1861218831106089,0.154756168005988,0.4730000722726497,24,11.352001734543592
1791014965820145393,354,1,0.8406985227266949,0.0545060315306875,0.1047954365291765,0.7861924911960072,21,16.510042315116152
1791147058679547029,65,0,0.8009505313634873,0.0870264304499141,0.1120230015739798,0.7139241009135731,4,2.855696403654292
1791288047893767711,489,1,0.457947701215744,0.0654953941702842,0.4765568971633911,0.3924523070454597,1,0.3924523070454597
1791399424170954023,394,1,0.94393703672621,0.0107170858213471,0.0453458763141599,0.9332199509048628,18,16.79795911628753
1792940486789687642,203,11,0.9231711370294744,0.0345896748461845,0.0422391979243945,0.8885814621832899,11,9.774396084016187
1793578241551752795,590,0,0.6317482441663742,0.0533852878337105,0.3148664558927218,0.5783629563326637,3,1.735088868997991
1793602190592298592,439,2,0.7682855625947317,0.1343344163537646,0.0973800166199604,0.633951146240967,15,9.509267193614503
1793661254410676309,298,21,0.9329161753966696,0.0130151543278424,0.0540686764177821,0.919901021068827,21,19.317921442445368
1794369665083786568,1333,11,0.9020748489835988,0.0350625880362223,0.0628625643771627,0.8670122609473765,23,19.94128200178966
1794397215050232968,468,4,0.8263466540028651,0.0448439332038785,0.1288093798942864,0.7815027207989866,30,23.4450816239696
1794522915103243038,674,0,0.9882043600082396,0.0021574590355157,0.0096381232142448,0.986046900972724,1,0.986046900972724
1795055209836648088,278,1,0.659407015889883,0.3026276476836453,0.0379653313818077,0.3567793682062377,3,1.0703381046187133
1796236626968641902,136,3,0.6988581485748291,0.1377677847333252,0.163374068275094,0.5610903638415039,5,2.8054518192075197
1796444496206850963,192,2,0.887901628613472,0.0460120697587262,0.066086303810589,0.8418895588547457,8,6.735116470837966
1796510452174272999,66,1,0.7431677579879761,0.0198354646563529,0.2369967401027679,0.7233322933316231,1,0.7233322933316231
1796511021659860236,60,0,0.9697816371917723,0.0043935701251029,0.0258248019963502,0.9653880670666696,1,0.9653880670666696
1796521096814469410,464,14,0.8624431755963494,0.0601244049524778,0.0774324263128287,0.8023187706438715,17,13.639419100945815
1796621328918768582,47,2,0.4703523969650269,0.171599629620711,0.3580479870736599,0.2987527673443158,3,0.8962583020329475
1796802191743748362,733,5,0.7432241532802581,0.1236243432704359,0.1331515005156398,0.6195998100098222,5,3.0979990500491112
1796810560152949617,804,0,0.5689920457825065,0.1841594936818971,0.2468484562573333,0.3848325521006093,24,9.235981250414625
1797447827787696007,104,0,0.9837812185287476,0.0058467322960495,0.0103720724582672,0.977934486232698,1,0.977934486232698
1797596087089634104,63,0,0.7553186458349228,0.0959465401060879,0.1487348128948361,0.6593721057288349,4,2.6374884229153395
1798291517371165533,113,3,0.6726622041066488,0.1139786289756496,0.2133591498434544,0.5586835751309991,3,1.6760507253929973
1798839229300677542,207,11,0.9364615861007144,0.028092284165988,0.0354461272885756,0.9083693019347264,14,12.717170227086172
1799004987600968654,148,4,0.6878049601614475,0.0976721689908299,0.2145228579547256,0.5901327911706176,8,4.7210623293649405
1799025290548997330,84,0,0.912683367729187,0.004796746186912,0.0825198888778686,0.907886621542275,1,0.907886621542275
1799165304728994028,189,6,0.8074116806189219,0.0158161448780447,0.1767721649569769,0.7915955357408772,6,4.749573214445263
1799255351653148956,173,6,0.5994911970411029,0.19144188235913,0.2090669068960207,0.4080493146819727,7,2.856345202773809
1799453644219879110,128,13,0.9261269281804562,0.0251092806964879,0.0487638005963526,0.9010176474839682,16,14.41628235974349
1799554299068907556,315,19,0.8687887446333965,0.0255739118438214,0.1056373348692432,0.8432148327895751,24,20.2371559869498
1799609358913732075,144,5,0.8746510342189244,0.056859944670328,0.0684890281621899,0.8177910895485964,7,5.724537626840174
1799988721966628213,23,0,0.4537457609176636,0.19026012994349,0.3559940886497498,0.2634856309741735,2,0.5269712619483471
1800030971602401118,850,0,0.3965510626633962,0.020214384732147,0.5832345386346182,0.3763366779312491,3,1.1290100337937474
1800160609075415837,215,0,0.2859217049429814,0.2786081386605898,0.4354701483249664,0.0073135662823915,6,0.0438813976943492
1800348079120352695,192,7,0.8221709442003207,0.1079365144712342,0.0698925529488108,0.7142344297290865,11,7.856578727019951
1800371000043639635,962,6,0.6621925359166093,0.1034547981247305,0.2343526656925678,0.5587377377918789,28,15.644656658172607
1800472921522992158,69,0,0.6062104950845242,0.1323206895624753,0.2614688076404854,0.4738898055220488,8,3.791118444176391
1800836607751689508,342,13,0.7692087345321973,0.0604323118335257,0.1703589401300996,0.7087764226986716,12,8.50531707238406
1801072885068848898,56,1,0.9036699533462524,0.0030847000113377,0.093245364104708,0.9005852533349147,3,2.701755760004744
1801325718710257317,1180,9,0.4434445517063141,0.0654036203091964,0.4911518395096063,0.3780409313971177,10,3.7804093139711767
1801639401128529978,105,0,0.877661451952798,0.0529674713260361,0.0693710805795022,0.8246939806267619,7,5.772857864387333
1801640483443454850,254,11,0.776337272883171,0.0620229959873748,0.1616397233129966,0.7143142768957963,21,15.00059981481172
1802065879963789228,479,7,0.7485303299294578,0.0150233982648286,0.2364462870690557,0.7335069316646291,9,6.601562384981662
1802132505114826295,595,0,0.4010559755067031,0.0472920980925361,0.5516519186397394,0.3537638774141669,6,2.1225832644850016
1802282758245210456,282,9,0.7922519714292139,0.0586296236241469,0.1491184030403383,0.733622347805067,16,11.737957564881071
1802762534060362315,187,1,0.9793604910373688,0.0045988117344677,0.0160406925715506,0.974761679302901,2,1.949523358605802
1802979262120473552,193,0,0.7114354968070984,0.0539905913174152,0.2345739006996154,0.6574449054896832,1,0.6574449054896832
1803379306992104211,294,0,0.6743731250365576,0.036629968167593,0.2889969249566396,0.6377431568689644,3,1.9132294706068933
1803838676294128269,942,34,0.8147199565172195,0.0366243478333732,0.1486556960083544,0.7780956086838463,24,18.67429460841231
1804536153909370765,277,1,0.8182777871843427,0.0645729927443123,0.1171492164721712,0.7537047944400305,24,18.08891506656073
1804758405814945619,138,1,0.7559313674767812,0.0111458036117255,0.2329227831214666,0.7447855638650557,3,2.234356691595167
1805223144698691885,320,21,0.8271643756826719,0.0430012018076377,0.1298344129781859,0.7841631738750342,24,18.81991617300082
1805375575544956670,1053,16,0.5056881040449326,0.0988531830333746,0.3954587232378813,0.4068349210115579,13,5.288853973150253
1806078179658301698,227,5,0.6709215704202652,0.0825315526537597,0.2465468712449074,0.5883900177665055,5,2.9419500888325274
1806087604787354100,208,0,0.93446683883667,0.0065264608711004,0.0590066760778427,0.9279403779655696,1,0.9279403779655696
1806107224859561862,237,6,0.7577023760477702,0.1148036730537812,0.1274939496566852,0.642898702993989,9,5.786088326945901
1806122557733415855,65,0,0.9710001647472382,0.0055183928925544,0.0234814323484897,0.9654817718546838,2,1.9309635437093675
1806744017717120842,931,0,0.6933718450638381,0.0558852583038705,0.2507429061677645,0.6374865867599676,22,14.024704908719288
1806829150327945059,300,25,0.3625332342901013,0.1330249188019132,0.5044418440081857,0.2295083154881881,22,5.049182940740138
1806896514121626024,203,0,0.9858843684196472,0.003742397762835,0.0103732133284211,0.9821419706568122,1,0.9821419706568122
1807020365736407795,315,22,0.7549803750997498,0.039437934043152,0.2055817023434099,0.7155424410565978,21,15.026391262188554
1807383397736587106,204,0,0.8642042108376821,0.0596878877134683,0.0761079126053179,0.8045163231242137,12,9.654195877490563
1807436513690862093,280,3,0.8718481076260408,0.0199316504294984,0.1082202510442584,0.8519164571965424,24,20.445994972717017
1807515109837528385,698,15,0.9730097912251948,0.0053924156673019,0.0215977777843363,0.967617375557893,16,15.481878008926287
1807593113608689120,53,0,0.9878172278404236,0.0029749011155217,0.0092079248279333,0.9848423267249018,1,0.9848423267249018
1808841022463307884,102,1,0.949914962053299,0.0066161754075437,0.0434688618406653,0.9432987866457552,2,1.8865975732915103
1809140556259154078,711,0,0.6312536280602217,0.1296497160898676,0.2390966496119896,0.501603911970354,24,12.038493887288496
1809489902733620900,77,2,0.6911886185407639,0.0175758247884611,0.291235527023673,0.6736127937523028,3,2.020838381256908
1810041923681668061,166,3,0.2450062843660513,0.0608264549324909,0.6941672364870707,0.1841798294335603,6,1.1050789766013622
1810609072376189279,74,0,0.0265465416014194,0.8899019360542297,0.0835515633225441,-0.8633553944528103,1,-0.8633553944528103
1810731794455441046,134,0,0.3383749723434448,0.0511915329843759,0.6104335337877274,0.2871834393590688,2,0.5743668787181377
1810757950420327664,470,16,0.8453057662559592,0.0498921991382604,0.1048020319130433,0.7954135671176988,23,18.294512043707076
1811010671381313531,58,2,0.9616648256778716,0.0067889331839978,0.0315462457947433,0.9548758924938738,4,3.8195035699754953
1811808273752344068,319,14,0.8650075362977528,0.0536596886374588,0.0813327795107449,0.8113478476602939,21,17.03830480086617
1811934231402114910,68,1,0.9837077260017396,0.0058787027373909,0.0104135740548372,0.9778290232643484,1,0.9778290232643484
1812059306074688362,379,21,0.9259961800773938,0.0286074029250691,0.0453964126125598,0.8973887771523247,24,21.537330651655797
1812421280140101893,205,3,0.7885995507240295,0.1236800266196951,0.0877204334829002,0.6649195241043344,4,2.6596780964173377
1813233443255202578,54,0,0.948323537906011,0.0048025232196475,0.0468739345669746,0.9435210146863634,6,5.661126088118181
1813682539806622161,120,1,0.8639419078826904,0.03516835719347,0.1008897721767425,0.8287735506892204,1,0.8287735506892204
1813851412855875999,426,13,0.5142234737139482,0.0785411604837729,0.4072353728230183,0.4356823132301752,13,5.663870071992278
1814231083500622267,176,0,0.9830517768859864,0.0053946757689118,0.0115535529330372,0.9776571011170744,1,0.9776571011170744
1814362391985465114,629,1,0.9048002683199368,0.0052561155215908,0.089943621522532,0.899544152798346,13,11.694073986378498
1814425130953307748,119,4,0.7153346836566925,0.0602916569914668,0.2243736383970827,0.6550430266652256,4,2.6201721066609025
1814694686978086621,294,0,0.910783264786005,0.0232265400118194,0.0659901991020888,0.8875567247741856,24,21.301361394580454
1814747803927703027,432,15,0.7694306116853841,0.0735271020483924,0.157042274668347,0.6959035096369917,16,11.134456154191868
1815487869130078788,520,3,0.8352236557503542,0.0479549983772449,0.1168213522752436,0.7872686573731092,24,18.89444777695462
1815861105539281613,229,8,0.8762383144242423,0.0521064480394125,0.0716552375363452,0.8241318663848298,7,5.7689230646938086
1816015628404004224,48,2,0.3238752782344818,0.0377798564732074,0.6383448839187622,0.2860954217612743,1,0.2860954217612743
1816050726506792421,693,1,0.33,0.33,0.34,0.0,1,0.0
1816104155061024852,117,2,0.91872904698054,0.008233027998358,0.0730379382148385,0.910496018982182,3,2.731488056946546
1816299250563007770,75,1,0.6515919649600983,0.1697170063480735,0.1786910082027316,0.4818749586120248,2,0.9637499172240496
1816416322209450656,679,0,0.7210222451295704,0.167184410050977,0.11179333537817,0.5538378350785933,20,11.076756701571869
1816665003978579023,117,1,0.0167752797715365,0.7885045558214188,0.1947202011942863,-0.7717292760498822,4,-3.0869171041995287
1816699230004166080,888,14,0.6574657265345256,0.0957254605176341,0.2468088165567153,0.5617402660168914,18,10.111324788304046
1817294431227190074,160,4,0.8356209874153138,0.0187666128389537,0.1456123851239681,0.81685437457636,5,4.0842718728818
1817699527895624672,95,0,0.6569421275456747,0.1677317764082302,0.1753260821538667,0.4892103511374444,6,2.9352621068246663
1817708988625856539,504,3,0.770546767860651,0.0188617588719353,0.2105914838612079,0.7516850089887157,4,3.006740035954863
1817753619341346131,689,0,0.33,0.33,0.34,0.0,1,0.0
1818106236174635099,113,5,0.3347585076921516,0.1121495927828881,0.5530918603059318,0.2226089149092634,9,2.003480234183371
1818304053593848358,455,6,0.7923979544950028,0.076389649149108,0.1312123969864721,0.7160083053458948,24,17.184199328301474
1818313993060927942,863,10,0.9449140048027038,0.0205860325791265,0.0344999660195215,0.9243279722235772,23,21.25954336114228
1818343302237665148,502,1,0.8074285586265957,0.031121691081892,0.161449741745258,0.7763068675447036,17,13.197216748259962
1818372294383060380,109,0,0.7119872573018075,0.1015700441272929,0.1864426988425354,0.6104172131745145,6,3.662503279047087
1819292519832066862,149,0,0.8180675009886423,0.0105938181125869,0.1713386766302088,0.8074736828760555,6,4.844842097256333
1819470451057347958,220,7,0.7616990723874834,0.0478102142011953,0.1904906949400902,0.713888858186288,9,6.424999723676592
1819570485593046168,393,18,0.7933699008201559,0.0611253736781266,0.1455047420520956,0.7322445271420293,24,17.573868651408702
1819641628319830656,172,1,0.6413882756233216,0.1730939354375004,0.185517801977694,0.468294340185821,2,0.936588680371642
1819779684642893400,327,0,0.9806738197803496,0.0038304765475913,0.0154957263730466,0.9768433432327585,2,1.953686686465517
1819792927922354929,88,0,0.0696673020720481,0.267569750547409,0.6627629399299622,-0.1979024484753608,1,-0.1979024484753608
1820298672644361850,160,7,0.7258641019889287,0.0547349576598831,0.2194009197290454,0.6711291443290455,7,4.697904010303319
1820516409777871624,371,0,0.6898470856249332,0.0386935495771467,0.2714593708515167,0.6511535360477865,4,2.604614144191146
1820855677733331076,146,7,0.5163432689756156,0.0830227417778223,0.4006339749592271,0.4333205271977931,11,4.766525799175724
1821149188065179511,125,0,0.5611910820007324,0.0057691065594553,0.4330397844314575,0.555421975441277,1,0.555421975441277
1821208356063280560,379,20,0.7686912269341318,0.0650192815403601,0.1662894831803676,0.7036719453937718,19,13.369766962481664
1822009921597012138,151,3,0.4110893008112907,0.2894767034379765,0.299433999476023,0.1216125973733142,8,0.9729007789865136
1822139841002604515,177,3,0.4607393948733806,0.0769745748746209,0.4622860033018514,0.3837648199987598,8,3.070118559990078
1822242915965246309,66,7,0.8213054094314576,0.0713765410091728,0.1073180590122938,0.7499288684222847,10,7.499288684222847
1822615359095043187,228,1,0.9103674292564392,0.0030449433252215,0.0865876600146293,0.9073224859312176,1,0.9073224859312176
1824038807836422041,397,19,0.7676941626412528,0.0664582745810704,0.1658475621789694,0.7012358880601823,21,14.725953649263827
1824039717621833819,598,0,0.4391167443245649,0.0665713917114771,0.4943118877708912,0.3725453526130877,4,1.490181410452351
1824123027269705097,467,11,0.9183339788516364,0.0347137131355702,0.0469523123201603,0.883620265716066,24,21.206886377185583
1824445566940391571,95,0,0.7135782189369202,0.1358526295684278,0.1505691467449069,0.5777255893684924,5,2.888627946842462
1824841551157588522,397,0,0.8651973090988273,0.0697946480844014,0.0650080516546343,0.7954026610144259,24,19.08966386434622
1825507915852540626,157,5,0.493757524061948,0.100148819386959,0.406093668192625,0.393608704674989,4,1.574434818699956
1825799418085215816,288,6,0.8658603178337216,0.0111165655544027,0.1230231095105409,0.8547437522793189,8,6.837950018234551
1826046679771983947,447,0,0.5560698509216309,0.0296880658715963,0.4142421036958694,0.5263817850500345,2,1.052763570100069
1826143471254380938,343,2,0.8819528222084045,0.0075039762693146,0.110543226202329,0.8744488459390899,3,2.6233465378172696
1826221093476986516,184,1,0.9233380556106568,0.0071086947573348,0.0695532301906496,0.916229360853322,4,3.664917443413288
1826543046348263696,485,20,0.8356178282607686,0.046839031511071,0.1175431556373157,0.7887787967496975,22,17.353133528493345
1827682121545069715,256,12,0.845332978407542,0.055704927853619,0.0989620970139901,0.7896280505539228,15,11.844420758308845
1827764134710026751,403,2,0.5538623351520963,0.0632757708968387,0.382861896124151,0.4905865642552574,9,4.415279078297317
1827776040477343681,1116,48,0.8745207645992438,0.0470936038477035,0.0783856332216722,0.8274271607515402,24,19.858251858036965
1828486040631171476,198,16,0.6429760067077244,0.0485459547719973,0.3084780475869775,0.5944300519357271,17,10.10531088290736
1828518156491473043,1148,12,0.835766234745582,0.0243406721565406,0.139893086006244,0.8114255625890413,24,19.47421350213699
1828748383902048754,461,9,0.7228974226188092,0.1163367068563543,0.1607658832529116,0.6065607157624548,21,12.737775031011552
1829535439814256931,252,7,0.4769940248131752,0.1246174800232984,0.3983884784579277,0.3523765447898768,8,2.8190123583190143
1829789854054839177,460,13,0.9209431518448724,0.0268966507306322,0.0521602043964796,0.8940465011142401,18,16.092837020056322
1829891181511177882,236,17,0.9130061199551536,0.0364707285755624,0.050523150393828,0.8765353913795912,21,18.407243218971416
1829912061401358134,1082,15,0.8999442051475247,0.0166601123055443,0.0833956828961769,0.8832840928419804,24,21.19881822820753
1830022118723366142,800,0,0.6944171469658613,0.0307518777359897,0.2748309719609096,0.6636652692298716,24,15.927966461516917
1830448371829856465,110,1,0.33,0.33,0.34,0.0,1,0.0
1830554552454881523,370,23,0.7394914173831543,0.0228595354904731,0.2376490461950501,0.7166318818926811,12,8.599582582712173
1830732274410475264,145,12,0.9732177152353174,0.0042948691201779,0.0224874188630458,0.9689228461151396,17,16.47168838395737
1831262497802592508,942,14,0.9810449831625996,0.0055088118567843,0.0134462084456839,0.975536171305815,17,16.584114912198856
1831624287218067976,943,1,0.9723499536514282,0.0058697892352938,0.0217802494764328,0.9664801644161344,5,4.832400822080672
1831624315041597060,702,2,0.524310957590739,0.2257504586875438,0.2499385725458463,0.2985604989031951,3,0.8956814967095852
1831928554462119008,267,4,0.5674714546203614,0.2080380159914493,0.2244905454069376,0.3594334386289119,5,1.79716719314456
1832027691886626965,75,0,0.656568922996521,0.1663454082654789,0.1770856497623026,0.4902235147310421,2,0.9804470294620842
1832090559687637535,601,19,0.8924395486286708,0.0386324176449506,0.0689280306219699,0.8538071309837202,21,17.929949750658125
1832169299750943715,422,2,0.7448019816788535,0.0704426814225735,0.1847553348370517,0.6743593002562799,24,16.184623206150718
1832567804953806797,618,5,0.7743119869232178,0.073485144212842,0.1522028642073273,0.7008268427103758,5,3.504134213551879
1832706715269681094,148,6,0.7782497107982635,0.0314672541405473,0.1902830153703689,0.7467824566577163,7,5.227477196604013
1832793206204900114,259,2,0.6396870994567871,0.1669607096910476,0.1933521573245525,0.4727263897657394,2,0.9454527795314788
1832795313765976728,536,23,0.9690703749656676,0.0068579309251314,0.024071692644308,0.9622124440405364,24,23.09309865697287
1833971809328643548,87,0,0.976938545703888,0.0073526054620742,0.0157088581472635,0.9695859402418135,1,0.9695859402418135
1834257597247822427,962,13,0.8840330586085717,0.040567115486289,0.0753998281364329,0.8434659431222826,24,20.243182634934783
1834444836673977668,187,0,0.9013343453407288,0.0083638736978173,0.0903017446398735,0.8929704716429114,1,0.8929704716429114
1834454439232417277,257,0,0.5329426234960556,0.1517098012080209,0.3153475709756215,0.3812328222880347,9,3.431095400592312
1834925673304297534,234,3,0.739321325905621,0.0257071527885273,0.2349715246818959,0.7136141731170937,4,2.854456692468375
1834952866310428047,299,9,0.9013183329502742,0.0333243894212258,0.0653572784628098,0.8679939435290484,12,10.41592732234858
1834983957504769206,632,3,0.93793625831604,0.0072616810910403,0.0548020739108324,0.9306745772249996,5,4.653372886124998
1835046725925088257,194,0,0.7183459997177124,0.0120557649061083,0.2695982176810503,0.706290234811604,2,1.412580469623208
1835049495508696604,272,1,0.974886417388916,0.0050969249568879,0.020016673952341,0.969789492432028,1,0.969789492432028
1835069549123141983,239,13,0.7506014946848154,0.0611801095850144,0.1882183888422635,0.6894213850998009,24,16.546113242395222
1835091243254505649,125,4,0.8537968546152115,0.0171611075056716,0.1290420226287096,0.8366357471095398,4,3.3465429884381592
1835234045547922525,354,0,0.8792267032861709,0.024525072235614,0.0962482264805585,0.8547016310505569,20,17.094032621011138
1835395878296199841,98,2,0.9075698256492616,0.0120171715971082,0.080412988550961,0.8955526540521532,2,1.7911053081043065
1835438690094323935,143,2,0.970906933148702,0.0045194476066778,0.0245736194774508,0.966387485542024,3,2.8991624566260725
1835799729029974737,1323,7,0.7802055460959673,0.0462530719946759,0.1735413779318332,0.7339524741012914,12,8.807429689215496
1836168286656677958,120,2,0.7167430818080902,0.0138465808704495,0.2694103568792343,0.7028965009376407,2,1.4057930018752811
1836367329762297525,258,0,0.5858769789338112,0.0260796607472002,0.3880433589220047,0.5597973181866109,3,1.6793919545598328
1836529196249571845,539,3,0.6690425922473272,0.0120237314452727,0.3189336732029915,0.6570188608020544,3,1.9710565824061632
1836578418813189300,56,0,0.9482543468475342,0.0059833244886249,0.0457623633556067,0.9422710223589092,2,1.8845420447178185
1836587464031218781,822,9,0.3928531207982451,0.1654679915425367,0.4416789014544338,0.2273851292557083,8,1.8190810340456665
1836878610721794532,157,4,0.4723168024793267,0.026099166017957,0.5015840260311961,0.4462176364613697,4,1.7848705458454788
1836983552006463797,53,1,0.0789677798748016,0.067133143544197,0.8538990616798401,0.0118346363306045,1,0.0118346363306045
1837098487074787760,143,2,0.8692283928394318,0.004602778237313,0.1261687967926263,0.8646256146021187,2,1.7292512292042377
1837583073514850380,343,14,0.7641373988986015,0.105912934388034,0.1299496671499219,0.6582244645105675,16,10.53159143216908
1837926302151585675,167,13,0.611159926111048,0.0233694640496237,0.3654706274921244,0.5877904620614242,11,6.465695082675666
1838067678674662870,732,2,0.5924086370319128,0.0953165971837006,0.3122747522220016,0.4970920398482121,4,1.9883681593928488
1838156620359843015,248,8,0.558808835318519,0.1572512621494631,0.2839398966853817,0.4015575731690559,9,3.614018158521503
1838294805378234735,128,0,0.6495601520873606,0.2169916580896824,0.1334481979720294,0.4325684939976781,4,1.7302739759907126
1838846951307889232,410,3,0.8659948099652927,0.0518337530215891,0.082171430629678,0.8141610569437034,24,19.539865366648883
1838852523945137856,300,0,0.869561700920264,0.0509430358395911,0.0794952725533706,0.8186186650806727,24,19.646847961936142
1839168685254466763,219,15,0.5898095056745741,0.0927371777666525,0.3174533188094695,0.4970723279079215,9,4.473650951171294
1839487145333884695,83,0,0.5338914096355438,0.036491627106443,0.4296169974841177,0.4973997825291008,2,0.9947995650582016
1839791953946143673,38,0,0.3811127841472626,0.0290792305022478,0.5898079872131348,0.3520335536450147,1,0.3520335536450147
1840058345770161052,275,25,0.9343750285108884,0.021107987051364,0.0445169929554686,0.9132670414595244,24,21.918408995028585
1840146508259966027,313,21,0.9025170404625976,0.0151259143199042,0.0823570493527728,0.8873911261426933,23,20.409995901281945
1840278617638316868,359,21,0.7403052574336528,0.048945271134004,0.2107494685918092,0.6913599862996489,25,17.283999657491222
1840731782757476050,945,11,0.8138123394846917,0.0880236808718182,0.0981639810055494,0.7257886586128734,20,14.515773172257468
1840895417959395494,537,3,0.866037355735898,0.0102562748361378,0.1237063702428713,0.8557810808997601,8,6.846248647198081
1841001643907420103,722,1,0.192449082583189,0.1770511157438159,0.630499793291092,0.0153979668393731,2,0.0307959336787462
1841040335523723011,452,3,0.6674327909201384,0.1315765595521467,0.2009906470247855,0.5358562313679917,12,6.430274776415899
1841070359266692179,167,1,0.4088030805190404,0.0874848306799928,0.5037120717267195,0.3213182498390476,3,0.9639547495171428
1841078220441517739,276,4,0.8083940935134888,0.0872409329563379,0.1043649418652057,0.7211531605571508,4,2.884612642228604
1841235412920572005,121,1,0.984021008014679,0.0022070177365094,0.013771909289062,0.9818139902781696,1,0.9818139902781696
1841260566490126711,569,9,0.8420093082464658,0.021024681878491,0.1369660142809152,0.8209846263679748,26,21.345600285567343
1841341313947827737,151,2,0.6036295251051585,0.2141130030838152,0.1822574384386341,0.3895165220213433,3,1.16854956606403
1842031257653773211,138,1,0.9086080193519592,0.0195739176124334,0.0718180686235427,0.8890341017395258,1,0.8890341017395258
1842225900597079380,637,3,0.773430112361908,0.076227676294744,0.1503422254994511,0.6972024360671639,10,6.972024360671639
1842234613532352751,667,3,0.6491791988743676,0.0569631773119585,0.2938576294274793,0.592216021562409,9,5.329944194061682
1842258164525252057,656,3,0.7149248761807879,0.0607805288458863,0.2242945993194977,0.6541443473349015,24,15.699464336037636
1842433755915243568,701,2,0.5877875514030457,0.1508390019349754,0.2613734350204468,0.4369485494680702,5,2.184742747340352
1843016820668702312,73,0,0.5669227954745293,0.0962889741454273,0.3367882359679788,0.4706338213291019,4,1.882535285316408
1843205569968958832,691,3,0.5567447033897043,0.2083794719725847,0.2348758247929314,0.3483652314171195,6,2.090191388502717
1843529683042155893,1173,0,0.33,0.33,0.34,0.0,1,0.0
1843556899962918937,587,6,0.8218335310618082,0.0108105740509927,0.1673559077704946,0.8110229570108155,6,4.866137742064893
1844039842126481632,227,13,0.8874643776151869,0.0387938341074105,0.073741797150837,0.8486705435077764,9,7.638034891569987
1844089233275778965,436,22,0.9352554542322954,0.0101445570471696,0.0545999833654301,0.9251108971851256,24,22.202661532443017
1844474421907439530,527,5,0.9492377936840056,0.0142571718509619,0.0365050168087085,0.9349806218330438,6,5.609883730998263
1844485370147199598,435,6,0.5430726468834011,0.1754388490835712,0.2814884967306121,0.3676337977998297,22,8.087943551596254
1844717325325289423,714,2,0.5016169631481171,0.196429594149813,0.3019534238427878,0.305187368998304,4,1.220749475993216
1844782811472216635,249,11,0.9683498077922396,0.0057134747039526,0.0259367203753855,0.962636333088287,9,8.663726997794583
1845385162331775288,86,1,0.9756189584732056,0.0037610880099236,0.0206199679523706,0.971857870463282,1,0.971857870463282
1845423106615657774,281,7,0.7457205442871366,0.0731249162820833,0.1811545384994575,0.6725956280050533,7,4.708169396035373
1845879173262126481,442,2,0.8457952427367369,0.0143028031258533,0.1399019474629312,0.8314924396108836,24,19.955818550661206
1846242689035322254,163,2,0.7859616180260977,0.0333747359303136,0.1806636198113362,0.752586882095784,3,2.257760646287352
1846426010335558348,114,4,0.3668747916693489,0.4740785074606538,0.1590467089414596,-0.1072037157913049,6,-0.6432222947478294
1846658585044866597,808,0,0.9724673748016356,0.0057662532199174,0.0217663699761033,0.9667011215817184,10,9.667011215817183
1846778319580747073,97,1,0.9285190999507904,0.0063042122637853,0.0651766778901219,0.9222148876870052,2,1.8444297753740104
1846823090916780892,343,17,0.3940045520549883,0.2758416827108063,0.3301537751446923,0.1181628693441819,23,2.7177459949161857
1846963572955785082,193,4,0.7633001446723938,0.0299191288650035,0.2067807488143444,0.7333810158073902,5,3.666905079036951
1847309907389487106,90,0,0.1342997103929519,0.0704244449734687,0.795275866985321,0.0638752654194831,1,0.0638752654194831
1847448216661071904,343,11,0.7370194485187531,0.1059503421196714,0.1570302029587328,0.6310691063990816,10,6.3106910639908165
1847581308908135825,548,5,0.8892917199929555,0.051754106596345,0.0589541754188637,0.8375376133966105,24,20.10090272151865
1848076906560140873,285,7,0.7436663280593024,0.080366296754736,0.175967378988862,0.6633000313045664,9,5.969700281741098
1848118695138722593,115,0,0.5559797063469887,0.0214722552336752,0.4225480640307069,0.5345074511133134,2,1.0690149022266269
1848785597804626933,180,3,0.8221074640750885,0.0089215352199971,0.1689710244536399,0.8131859288550913,5,4.065929644275457
1848955418596892357,152,0,0.8306711614131927,0.007558946730569,0.1617699097841978,0.8231122146826237,2,1.6462244293652477
1849170760859860546,376,6,0.6546912925938765,0.0358672192475448,0.3094415009642641,0.6188240733463317,6,3.7129444400779903
1849474906821855715,166,0,0.9796644151210784,0.0057528745383024,0.0145827303640544,0.973911540582776,2,1.947823081165552
1849501345741347230,343,0,0.8500234512488047,0.0606689921378468,0.0893075557984411,0.7893544591109579,6,4.736126754665747
1850015300360273842,164,0,0.6434345924854279,0.1716824029199779,0.1848830125108361,0.4717521895654499,2,0.9435043791309
1850051902659974542,99,3,0.4859644370153546,0.0784640971105545,0.4355714358389377,0.4075003399048,4,1.6300013596192002
1850423713222622678,100,0,0.9906452894210817,0.0030002719722688,0.0063543878495693,0.9876450174488128,1,0.9876450174488128
1850821254387345467,1592,16,0.6861836593562648,0.0485170797431575,0.2652992612886287,0.6376665796131074,21,13.390998171875257
1850943714818831874,625,21,0.948098324239254,0.0086596771240389,0.0432419920883451,0.9394386471152152,24,22.54652753076516
1851216570710691587,235,0,0.8272523542757456,0.0726522597414441,0.1000953897663081,0.7546000945343015,24,18.11040226882324
1851469911806526437,309,5,0.8733227841556073,0.0116759697906672,0.1150012278929352,0.86164681436494,10,8.6164681436494
1851576761685272296,156,2,0.7722546585400899,0.060616530465583,0.1671288248089452,0.7116381280745069,6,4.2698287684470415
1851601916930596959,188,1,0.565775454044342,0.0484293999150395,0.3857951439917088,0.5173460541293025,5,2.5867302706465125
1851792283477911324,426,6,0.6980556150277456,0.0443043906707316,0.2576399920508265,0.6537512243570139,6,3.9225073461420834
1851825975182782726,318,21,0.8491743363575501,0.0230979556078091,0.1277277137389914,0.8260763807497411,22,18.173680376494303
1851910531360108439,411,0,0.6928413100242615,0.1416741888672113,0.1654844906777143,0.5511671211570501,5,2.7558356057852507
1852244801569079973,112,3,0.7648071087896824,0.0679202369938138,0.1672726511023938,0.6968868717958685,4,2.787547487183474
1852310666210116517,148,3,0.7049516506195068,0.1339635677337646,0.1610847913324833,0.5709880828857422,5,2.854940414428711
1852379826566736533,580,14,0.9105518450960516,0.008449499446821,0.0809986562429306,0.9021023456492306,24,21.65045629558153
1852435851026259820,379,6,0.6406443565047306,0.1092998414761994,0.2500557998324866,0.5313445150285311,23,12.220923845656214
1852932344623000698,78,3,0.8421105146408081,0.0606559116276912,0.097233566106297,0.7814546030131169,4,3.1258184120524675
1852963858818419403,304,2,0.5062057822942734,0.0231908120525379,0.4706033865610758,0.4830149702417354,3,1.449044910725206
1852997128693943379,165,3,0.7662730614344279,0.0108619886450469,0.2228649295866489,0.7554110727893809,3,2.266233218368143
1853161025776701607,508,2,0.8395494513163964,0.0664115594883139,0.0940389949617286,0.7731378918280825,30,23.194136754842475
1853382549242558279,48,0,0.9377549067139626,0.0119230177951976,0.0503220742102712,0.9258318889187648,8,7.406655111350119
1853834189977434905,207,1,0.9720509290695192,0.0056132343132048,0.0223358197137713,0.966437694756314,5,4.832188473781571
1853950778290838029,420,3,0.7116930464903514,0.0267533112317323,0.2615536339581013,0.684939735258619,15,10.274096028879285
1854374868049700877,600,0,0.5459843923648199,0.0470759646656612,0.406939630707105,0.4989084276991586,3,1.4967252830974758
1855025732544318834,213,34,0.9195429481127684,0.0299582471249296,0.0504988086793352,0.8895847009878386,17,15.122939916793255
1855296571698026072,61,0,0.633760758638382,0.1667928978195414,0.1994463373720646,0.4669678608188405,2,0.9339357216376812
1855379056025852019,55,3,0.5228732041828335,0.1559250177629292,0.321201785504818,0.3669481864199042,4,1.467792745679617
1855447118699734757,136,2,0.9802363316218058,0.0031276346029092,0.0166360378886262,0.9771086970188966,3,2.9313260910566896
1855475101376399100,481,21,0.9013629892598028,0.0166298796766964,0.082007129109748,0.8847331095831064,23,20.348861520411447
1855552605477089529,144,11,0.8267468037009239,0.0386970959994942,0.1345561154801398,0.7880497077014297,10,7.880497077014297
1856094155597932703,49,1,0.5135556244850159,0.2088602827489376,0.2775840964913368,0.3046953417360782,2,0.6093906834721565
1856258276657106160,1055,24,0.9110169489228206,0.0241622750655464,0.0648207805265227,0.8868546738572742,23,20.397657498717308
1856317123238104311,109,12,0.7365855536636498,0.1194491708498182,0.143965271046119,0.6171363828138315,14,8.639909359393641
1856711863824633992,417,15,0.870766877503622,0.0497676371062351,0.0794654827458517,0.8209992403973869,21,17.240984048345126
1857514552821163236,196,0,0.901010095008782,0.0317063433550564,0.067283543358956,0.8693037516537255,14,12.170252523152158
1857531606762138916,297,24,0.8130421563982964,0.0181488480399517,0.1688089971042548,0.7948933083583446,24,19.07743940060027
1858311996789974091,351,0,0.9436369836330414,0.0164047977887094,0.0399582330137491,0.927232185844332,2,1.854464371688664
1858419458315844264,79,2,0.9800170461336772,0.0038512998726218,0.0161316495699187,0.9761657462610552,3,2.928497238783166
1858681190225348478,563,15,0.8467901088209713,0.0446495169905178,0.1085603703536531,0.8021405918304535,17,13.636390061117709
1859134117083633075,316,15,0.8604323198397954,0.0373224684347709,0.1022452043369412,0.8231098514050246,15,12.346647771075368
1859384933148044630,97,1,0.5981726431846619,0.1676444394607097,0.2341829147934913,0.4305282037239522,2,0.8610564074479043
1859612810281767384,725,10,0.9721028283238412,0.0068182997250308,0.0210788747256932,0.9652845285988102,24,23.16682868637145
1859708031610560176,630,0,0.9114490859955549,0.0206199062394443,0.0679310122566918,0.8908291797561105,24,21.379900314146653
1859744433044386141,142,2,0.8138454714715481,0.0728188581690192,0.1133356759939342,0.7410266133025288,10,7.410266133025289
1859769456379366450,64,0,0.953032374382019,0.0075180188287049,0.0394496247172355,0.945514355553314,2,1.891028711106628
1860274152390761347,334,22,0.7378831424954392,0.1370836228602344,0.1250332483702472,0.6007995196352047,21,12.6167899123393
1860764536873908335,209,2,0.5387750081717968,0.0281706894747912,0.433054303129514,0.5106043186970055,6,3.063625912182033
1860879464160763154,148,8,0.7115000585714976,0.0124053837110598,0.2760945465415716,0.6990946748604377,6,4.194568049162626
1860977478736806783,118,0,0.9410568177700044,0.0058516750577837,0.0530915185809135,0.9352051427122204,2,1.870410285424441
1861071833204201077,614,15,0.9367272997131716,0.01350504027393,0.0497676655471038,0.9232222594392414,26,24.00377874542028
1861118480246602347,99,4,0.7567553296685219,0.0156822880962863,0.2275624072644859,0.7410730415722355,4,2.964292166288942
1861128947485712080,196,1,0.2091382229328155,0.1979245068132877,0.592937273979187,0.0112137161195278,2,0.0224274322390556
1861213133324312608,240,18,0.8998900725530541,0.0464954770518385,0.0536144384296368,0.8533945955012155,23,19.62807569652796
1861232154298564787,339,1,0.6656054084499677,0.0271327927087744,0.3072618134319782,0.6384726157411933,3,1.91541784722358
1861312409966700888,345,18,0.5164858766148488,0.2694514707245287,0.214062655765031,0.24703440589032,21,5.187722523696721
1861340876572549619,458,0,0.6075589392185211,0.0852763028666377,0.3071647666692734,0.5222826363518834,5,2.611413181759417
1861672615569411206,85,1,0.5253588756248355,0.3194254224356264,0.1552157050594687,0.2059334531892091,5,1.0296672659460455
1861698453202473807,1073,19,0.9448860951662064,0.0219708262905478,0.0331430848296731,0.9229152688756586,20,18.45830537751317
1862006054473671177,417,21,0.9041050200661024,0.0168616283723774,0.0790333495242521,0.8872433916937249,24,21.2938414006494
1862061600035757961,707,3,0.8128894013166428,0.0877654664032161,0.0993451448529958,0.7251239349134266,4,2.9004957396537066
1862245604940953521,460,16,0.6519347631335258,0.0699042276674881,0.2781610045656562,0.5820305354660377,20,11.640610709320754
1862306699064756238,163,3,0.5557543281465769,0.048146886518225,0.396098792552948,0.5076074416283518,4,2.0304297665134072
1862442447579461386,84,2,0.3402055040933192,0.4419594150967896,0.2178350631147623,-0.1017539110034704,4,-0.4070156440138817
1862476110290701972,889,0,0.9807017701012748,0.0052407250540064,0.0140575030818581,0.9754610450472684,21,20.484681945992637
1862770363165590701,230,7,0.6866039639115333,0.1175087702935561,0.1958872730359435,0.5690951936179772,10,5.690951936179772
1863273412795136691,47,3,0.8379800319671631,0.0719212391413748,0.0900987262527148,0.7660587928257883,3,2.298176378477365
1863483291933805051,136,1,0.0352435559034347,0.0259792171418666,0.9387772083282472,0.009264338761568,1,0.009264338761568
1863485547698082404,339,19,0.7595788861467289,0.0711152804302624,0.1693058350796883,0.6884636057164664,26,17.900053748628125
1863496061029795229,766,1,0.7426590919494629,0.0345408470893744,0.2228000623484452,0.7081182448600885,24,16.994837876642123
1863706063003147315,153,5,0.6080853310227394,0.1301960379164666,0.261718600327149,0.4778892931062728,4,1.9115571724250917
1863992279304762504,251,1,0.8656816250937326,0.054351174128907,0.0799672091592635,0.8113304509648255,7,5.6793131567537785
1864007620861765102,392,0,0.4009683132171631,0.0397981442511081,0.559233546257019,0.3611701689660549,1,0.3611701689660549
1864065558400820523,249,9,0.7949194696085418,0.0867729311463806,0.1183075920821112,0.7081465384621611,17,12.03849115385674
1864557379284900968,362,7,0.8091700585863806,0.0274965316869995,0.1633333999053998,0.7816735268993811,22,17.196817591786385
1864731422281205136,460,0,0.7609767066973906,0.0473341103406766,0.1916891840186256,0.713642596356714,13,9.277353752637282
1864934078105790682,373,20,0.9015668604988604,0.0624421915660301,0.0359909372054971,0.8391246689328303,24,20.138992054387927
1865431494090392078,212,3,0.7393857806921005,0.0496058205142617,0.2110084354877472,0.6897799601778388,5,3.448899800889194
1865994154989837426,88,0,0.9390553633371987,0.01039621552142,0.0505484320844213,0.9286591478157789,3,2.785977443447337
1866269745634147768,618,15,0.8958877430242651,0.0104088323766036,0.0937034161213566,0.8854789106476614,17,15.053141481010243
1866400441823625039,486,10,0.891733871439229,0.0495576696859105,0.0587084554532623,0.8421762017533183,23,19.37005264032632
1866409502098650179,1317,21,0.8504938222467899,0.0335830397760638,0.1159231391950295,0.816910782470726,26,21.23968034423888
1866479342771892959,66,0,0.5193030958374342,0.0641090356123944,0.4165878506998221,0.4551940602250397,3,1.3655821806751192
1866556499721283363,98,3,0.7309616059064865,0.0127823330306758,0.2562560557077328,0.7181792728758106,3,2.154537818627432
1866672912569154910,896,1,0.6655433257669211,0.1073642915945189,0.2270923874697958,0.5581790341724021,24,13.39629682013765
1866708346602531743,618,6,0.6952851889530818,0.0782051777808616,0.2265096507283548,0.6170800111722201,6,3.7024800670333207
1866854581355910763,241,9,0.7361155267755191,0.0517975893598049,0.2120868639498949,0.6843179374157141,15,10.264769061235713
1866979023562003782,280,4,0.7399059511572122,0.0729360363064333,0.1871580162383616,0.6669699148507788,10,6.669699148507789
1867205053304456044,611,18,0.5775124083744253,0.1882263164534507,0.2342612903061158,0.3892860919209745,17,6.617863562656567
1867616546170134839,128,0,0.8490715775489808,0.0700501752868294,0.0808782391548156,0.7790214022621512,5,3.895107011310756
1867617145292486481,902,6,0.7802600373540606,0.0713014067044215,0.1484385564071791,0.708958630649639,7,4.962710414547473
1867671137855451729,518,0,0.8031632106999557,0.0479802866016204,0.1488565122832854,0.7551829240983352,24,18.124390178360045
1867723148305785074,387,12,0.7021311197280884,0.0812951120709379,0.2165737727334102,0.6208360076571504,15,9.312540114857256
1867831781718679279,74,0,0.7130225896835327,0.011228104121983,0.275749322026968,0.7017944855615497,2,1.403588971123099
1868282588114560322,1466,20,0.8877116394313899,0.0229618741432204,0.089326483536173,0.8647497652881694,22,19.024494836339727
1868341302169748668,618,16,0.9016830292530358,0.0259333019494079,0.072383654944133,0.8757497273036279,24,21.01799345528707
1868341891730538126,310,4,0.6350384507179261,0.0870163352079689,0.2779452277645469,0.548022115509957,5,2.7401105775497854
1868596014921148087,75,1,0.9433971047401428,0.0057770822507639,0.0508258029197653,0.9376200224893788,3,2.8128600674681365
1868598897440220982,319,5,0.8742600316589786,0.0436650756711051,0.0820748858402172,0.8305949559878736,21,17.442494075745344
1868701960405247019,477,21,0.919237515727679,0.0342093621182721,0.0465531381902595,0.8850281536094068,24,21.240675686625764
1869174303871072833,400,17,0.9506688977423168,0.0193825966554383,0.0299485068440082,0.9312863010868784,21,19.55701232282445
1869309008626550632,282,12,0.8538131013938359,0.0566811274098498,0.0895057747885584,0.797131973983986,14,11.159847635775805
1869520631563745919,126,4,0.6998981460928917,0.043447408825159,0.2566544655710459,0.6564507372677326,4,2.6258029490709305
1869770409085662453,351,18,0.8405765797942877,0.0441156392917037,0.1153077829706793,0.796460940502584,24,19.115062572062016
1870149174423599057,497,3,0.7847911888360977,0.1025548032364652,0.112654005298391,0.6822363855996324,24,16.37367325439118
1870338349061848502,300,0,0.226340115070343,0.0292862299829721,0.7443736791610718,0.1970538850873708,1,0.1970538850873708
1870584969867162485,127,1,0.2331227073073387,0.1710273976996541,0.5958498847484589,0.0620953096076846,2,0.1241906192153692
1870625470175084697,50,1,0.8672190247263227,0.0521259639704866,0.0806549870222807,0.8150930607558361,7,5.705651425290853
1870875419571305444,287,6,0.8418636051813762,0.0642058177882184,0.0939305648456017,0.7776577873931577,6,4.665946724358946
1871214310149453990,225,4,0.7598965620994568,0.1134088072522233,0.1266946304154892,0.6464877548472335,6,3.878926529083401
1871226333632285823,1221,7,0.7274582041427493,0.0421853507868945,0.2303564555477351,0.6852728533558547,8,5.482182826846838
1871289887254583716,105,9,0.5889689656719566,0.1708864652714692,0.2401445750519633,0.4180825004004873,8,3.3446600032038987
1871387678215543691,164,9,0.0566505732573568,0.15048447500745,0.7928649764575741,-0.0938339017500931,22,-2.064345838502049
1871428023217405683,74,8,0.9069520783424376,0.0399169578625717,0.0531309507435394,0.8670351204798661,9,7.803316084318794
1871480812048532139,269,11,0.5503977886339029,0.2737998757449289,0.1758023281705876,0.2765979128889739,12,3.3191749546676874
1871944396816460076,593,15,0.8874854234286718,0.0493595230965209,0.0631550502262654,0.8381259003321507,21,17.600643906975165
1871987183054162968,657,8,0.6349753815531731,0.0964575607180595,0.2685670473910868,0.5385178208351136,10,5.385178208351135
1872035419581126909,623,21,0.8829423879086971,0.022098435832886,0.0949591822829097,0.8608439520758111,24,20.660254849819463
1872198009325293232,865,14,0.9220605307103446,0.0416759293875657,0.0362635459362839,0.8803846013227788,24,21.12923043174669
1872668383096236781,797,1,0.7794510669793401,0.0425653173220122,0.1779836204993937,0.7368857496573279,21,15.474600742803888
1872708041155808799,605,0,0.7811439831182361,0.0538454635441303,0.1650105492630973,0.7272985195741057,8,5.818388156592846
1872787717220101262,218,1,0.3557219677045941,0.2877656261470507,0.3565124117786234,0.0679563415575433,11,0.7475197571329772
1872975754845977321,494,26,0.8454811305094224,0.0231567982566328,0.1313620867530027,0.8223243322527896,26,21.38043263857253
1873048795657251470,221,7,0.7406726582845052,0.0814231131577657,0.1779042159848743,0.6592495451267395,9,5.933245906140655
1873671489469590000,309,1,0.6674585773263659,0.1236774913221597,0.2088639169824975,0.5437810860042062,7,3.8064676020294432
1873730177639341628,272,0,0.8708196194171905,0.0648307303227484,0.0643496442064643,0.8059888890944421,15,12.089833336416632
1873998072322146370,119,2,0.656708904504776,0.1661977504473179,0.1770933471433818,0.490511154057458,2,0.981022308114916
1874056931989306996,71,2,0.9621110081672668,0.0049972012871876,0.0328917930833995,0.9571138068800792,5,4.785569034400396
1874064035654629847,426,16,0.8887755204666228,0.038382237008551,0.0728422530243794,0.8503932834580719,21,17.858258952619508
1874204232783429372,140,2,0.6060892343521118,0.0412813376945753,0.3526294287294149,0.5648078966575364,3,1.6944236899726093
1874266945631357343,183,5,0.9737896819909414,0.0060544757482906,0.0201558456756174,0.9677352062426507,6,5.8064112374559045
1874291059087293074,100,3,0.592086996237437,0.1228660152355829,0.2850470158457756,0.4692209810018539,3,1.4076629430055618
1874623081859889082,340,18,0.823965650939423,0.0450414211416374,0.1309929249225103,0.7789242297977857,23,17.91525728534907
1874683848727770268,405,19,0.8707204549511274,0.0349524579783125,0.0943270884578426,0.8357679969728148,24,20.05843192734756
1874799333888368097,1243,0,0.6929370286729601,0.1159280197084364,0.1911349494713876,0.5770090089645237,9,5.193081080680713
1874853888462915328,231,5,0.8841734528541565,0.0105858800001442,0.1052406921982765,0.8735875728540122,5,4.367937864270061
1875040279069767441,329,1,0.9076902270317078,0.0066356686875224,0.0856740847229957,0.9010545583441854,1,0.9010545583441854
1875631696503096218,434,2,0.8078948652744294,0.0865387473220471,0.1055663812044076,0.7213561179523822,24,17.312546830857173
1875777588531999668,57,0,0.9870360493659972,0.004531311802566,0.008432681672275,0.9825047375634312,1,0.9825047375634312
1875948327062454062,122,3,0.4528444465001424,0.1708954255779584,0.3762601403395335,0.281949020922184,3,0.845847062766552
1875948770098455157,188,4,0.6155873835004039,0.0681996977184381,0.3162129273182816,0.5473876857819656,9,4.926489172037691
1876284484866616321,264,1,0.6954186018308004,0.1226995858736336,0.1818818015853564,0.5727190159571668,3,1.7181570478715005
1876316151642868400,1308,12,0.7918121895832675,0.0378807556562657,0.1703070485405624,0.7539314339270017,14,10.555040074978024
1876364559279907675,337,22,0.9443913226326308,0.01020954970348,0.0453991323010996,0.9341817729291506,24,22.42036255029961
1876587311005937190,140,13,0.8222868939546438,0.0806280825330087,0.0970850302107059,0.741658811421635,13,9.641564548481256
1877133171151491762,418,4,0.9118090101650784,0.0081280015209423,0.0800629795661994,0.903681008644136,7,6.325767060508952
1877166848609493454,325,3,0.7263400889933109,0.0638323548482731,0.2098275425378233,0.6625077341450378,4,2.6500309365801518
1877282279993109219,434,10,0.8749405033771809,0.0551872483805681,0.069872239197676,0.8197532549966127,13,10.656792314955965
1877290973996557116,163,0,0.7472747686174182,0.1134424137168874,0.1392828176915645,0.6338323549005307,9,5.704491194104776
1877411857033947174,136,3,0.7636050701141357,0.0506529455073177,0.185742006637156,0.712952124606818,5,3.56476062303409
1878171492094121626,282,8,0.5205356062000448,0.0916720342644575,0.3877923485501245,0.4288635719355873,11,4.71749929129146
1878247090909783606,392,4,0.7920020967721939,0.0093752075918018,0.1986227091401815,0.782626889180392,4,3.130507556721568
1878602004415171916,354,9,0.5031472011738354,0.1391384899109188,0.3577143084754546,0.3640087112629165,9,3.2760784013662487
1878665753004368018,599,1,0.5604279090464115,0.0602523737334247,0.3793197227083146,0.5001755353129868,14,7.002457494381814
1878720756337063340,140,0,0.7568050479888916,0.1128660745592787,0.1303288781891266,0.6439389734296128,3,1.9318169202888384
1878743650717006919,251,9,0.9036093175411224,0.0060064124176278,0.0903842665255069,0.8976029051234946,10,8.976029051234946
1879201877105455192,170,1,0.64067118704319,0.1697260618885047,0.1896027527563274,0.4709451251546852,4,1.883780500618741
1879300178873043324,462,9,0.6240084793666999,0.0623892619173663,0.3136022655262301,0.5616192174493335,12,6.739430609392002
1879444018503285297,1567,28,0.9803306460380554,0.0049937968336356,0.0146755514239581,0.9753368492044198,24,23.408084380906075
1879713644420006640,107,0,0.9753212630748748,0.0071605895645916,0.0175181389786303,0.9681606735102832,2,1.9363213470205665
1879912065079204296,1106,16,0.7411128013816319,0.1149782407543573,0.1439089553273822,0.6261345606272746,19,11.896556651918218
1879913074926103631,422,16,0.5240843933783472,0.2635860122516751,0.2123295932523906,0.260498381126672,20,5.209967622533441
1879928497776118305,44,9,0.6135162465812432,0.251638640912974,0.1348451124669777,0.3618776056682691,9,3.256898451014422
1880020553681539278,607,13,0.6446575483565147,0.0853921033699925,0.2699503533599468,0.5592654449865222,13,7.270450784824789
1880226874002896744,141,1,0.0725531876087188,0.1149024590849876,0.8125443458557129,-0.0423492714762687,1,-0.0423492714762687
1880627939583560515,594,6,0.8774091183680753,0.0533631693167038,0.0692276980498662,0.8240459490513715,26,21.42519467533566
1880669171201964415,628,6,0.2970378567343172,0.0671879716784409,0.6357741716682263,0.2298498850558763,23,5.286547356285155
1880739378374661312,421,0,0.6988662548065185,0.1415107646659016,0.15962299002707,0.5573554901406169,5,2.7867774507030845
1881016426498003911,144,5,0.965230127175649,0.0070252233417704,0.0277446306621034,0.9582049038338786,6,5.749229423003271
1881095563769397071,319,17,0.5898669393062591,0.0360498246997594,0.3740832371115684,0.5538171146064996,15,8.307256719097495
1881345828855883787,151,1,0.8271606593240391,0.0406103177055377,0.1322290358184413,0.7865503416185013,11,8.652053757803515
1881413329332152135,241,12,0.8836653660933177,0.0331709176097065,0.0831637155363957,0.8504944484836111,15,12.757416727254167
1881495459820080508,141,1,0.9856888055801392,0.0034993509761989,0.0108117908239364,0.9821894546039402,1,0.9821894546039402
1882030099966722911,456,1,0.8727981001138687,0.0139134348137304,0.113288456108421,0.8588846653001383,4,3.435538661200553
1882098414844296926,262,22,0.904448781311512,0.0333387595636304,0.0622124561077604,0.8711100217478815,24,20.90664052194916
1882162885683349664,291,17,0.8687021436010088,0.0384340961614535,0.0928637682203026,0.8302680474395553,21,17.435628996230662
1882375720682714499,144,3,0.5060821776092053,0.1020040152175352,0.3919138266146183,0.40407816239167,4,1.6163126495666802
1882484198520885940,291,1,0.6415667021274567,0.1746341408789158,0.1837991812080145,0.4669325612485409,2,0.9338651224970818
1882528477837315314,146,1,0.6595314228534699,0.166377381850034,0.1740912027470767,0.4931540410034358,2,0.9863080820068716
1882784133726539787,1566,1,0.8905239392320315,0.0386529869706525,0.0708230661624111,0.851870952261379,24,20.444902854273096
1882900287511111976,180,5,0.4561037806173165,0.1087017850174258,0.4351944345980882,0.3474019955998907,6,2.0844119735993445
1882905003518191459,586,0,0.6736851227283478,0.0943556732777506,0.2319591881614178,0.5793294494505972,4,2.3173177978023887
1882908539637092184,303,13,0.8421189070213586,0.0676078951510135,0.0902731995253513,0.7745110118703451,24,18.58826428488828
1882908680430984836,67,2,0.5123769901692867,0.0131640867330133,0.474458958953619,0.4992129034362733,2,0.9984258068725468
1883594823122939433,200,8,0.5136997892800719,0.2631643768213689,0.2231358297076076,0.2505354124587029,8,2.004283299669624
1883599294200892023,68,4,0.4089470769762993,0.2454460473284125,0.3456068688035011,0.1635010296478867,5,0.8175051482394338
1883643711243744689,248,0,0.6065166378021241,0.1714872070215642,0.2219961453974247,0.4350294307805598,2,0.8700588615611196
1883807119296394468,710,3,0.9857089519500732,0.0045973428835471,0.0096937135482827,0.981111609066526,3,2.9433348271995783
1884017908180715273,538,6,0.6229826039634645,0.0400335180747788,0.3369839114602655,0.5829490858886857,8,4.663592687109485
1884111505299314859,202,5,0.2858783633510272,0.1466412222695847,0.5674804188807806,0.1392371410814424,6,0.8354228464886546
1884526532761176352,724,22,0.5230121631954204,0.0690722894914109,0.4079155475459993,0.4539398737040094,22,9.986677221488208
1884720669780321545,158,0,0.3923073410987854,0.3243436217308044,0.2833490073680877,0.0679637193679809,1,0.0679637193679809
1884858622838336201,808,28,0.8975831304084171,0.0166459473019296,0.0857709329151971,0.8809371831064875,22,19.380618028342724
1884936240235796107,232,5,0.5749187271084104,0.0855243407761944,0.3395569257624448,0.489394386332216,14,6.851521408651024
1885019999195423436,2004,3,0.7971717611090703,0.0303107152383943,0.1725175304998728,0.7668610458706759,22,16.87094300915487
1885109696542844326,143,2,0.6777182370424271,0.0392589201219379,0.2830228768289089,0.6384593169204891,2,1.276918633840978
1885366892421135901,220,18,0.6202929285168648,0.0947877983085345,0.284919298524037,0.5255051302083302,8,4.204041041666642
1885520671333768435,197,5,0.9802556463650296,0.0046529815715205,0.0150913632740931,0.9756026647935088,14,13.658437307109123
1885574291811896981,292,5,0.8980964163939158,0.0157705103202412,0.0861330759401122,0.8823259060736746,15,13.234888591105118
1885574430105891536,234,9,0.885035490989685,0.0545242902589961,0.0604402325116097,0.8305112007306888,10,8.305112007306889
1886283330463659207,323,17,0.2952521884503464,0.2274963833546887,0.477251423150301,0.0677558050956577,24,1.626139322295785
1886332336133689729,110,11,0.8928848296403885,0.0072943195079763,0.0998208409175276,0.8855905101324121,15,13.283857651986182
1886406771565922938,98,0,0.1284045726060867,0.0472151860594749,0.8243802189826965,0.0811893865466117,1,0.0811893865466117
1886442565746905572,284,10,0.9337383551256996,0.0105365228040942,0.0557251152848558,0.9232018323216056,14,12.924825652502475
1886550167706729761,65,1,0.33,0.33,0.34,0.0,2,0.0
1886654472487192521,608,9,0.7316704278522068,0.0692996322353267,0.1990299584095677,0.6623707956168801,9,5.9613371605519205
1887157630464909330,613,15,0.8506299627907573,0.0692163940598256,0.0801536516826599,0.7814135687309317,20,15.628271374618636
1887699212360067720,472,5,0.4156216997653246,0.0401375799556262,0.5442407310474664,0.3754841198096983,4,1.5019364792387933
1888008538036863965,498,14,0.8442242540631976,0.0323865939310884,0.1233891608033861,0.811837660132109,14,11.365727241849529
1888068013467745366,157,0,0.8375205649683873,0.0630273108681043,0.0994521097590526,0.774493254100283,15,11.617398811504245
1888371727911080729,175,14,0.9201045175393422,0.0062737694475799,0.0736217153258621,0.9138307480917622,15,13.707461221376434
1888607247299329385,1112,4,0.7417378127574921,0.0325666043208912,0.2256955821067094,0.7091712084366009,4,2.8366848337464035
1888642267726299297,293,0,0.7854514410495759,0.1019148430330678,0.1126336928904056,0.6835365980165079,10,6.835365980165079
1889193540023889742,1059,3,0.6016223585605621,0.1267779228650033,0.2715997218340635,0.4748444356955588,6,2.8490666141733527
1889335634888271754,937,10,0.917728314172654,0.0236762850177252,0.0585954011976718,0.8940520291549287,21,18.775092612253506
1889348683982359035,200,2,0.6415038446549859,0.1925789034446435,0.1659172662028245,0.4489249412103423,7,3.142474588472396
1889370936558306196,417,8,0.9144475311040878,0.0152998084778941,0.0702526685116546,0.8991477226261937,21,18.882102175150067
1889433784907480612,127,1,0.8039221593049857,0.0347862430755049,0.1612915952016527,0.7691359162294807,13,9.99876691098325
1889459724168993074,119,5,0.5149839331422533,0.0986174589049603,0.3863986007017748,0.416366474237293,7,2.914565319661051
1889812145630312398,312,10,0.9187383992021734,0.0343320941146124,0.0469294950840148,0.8844063050875609,11,9.72846935596317
1889927090289796517,152,0,0.33,0.33,0.34,0.0,1,0.0
1889936702106173878,340,1,0.0735787143930792,0.4364799465984106,0.4899413362145424,-0.3629012322053313,2,-0.7258024644106627
1890044455002391779,759,1,0.9133353901427724,0.025977833000943,0.0606867685249966,0.8873575571418294,23,20.40922381426208
1890065982896869294,91,2,0.9773620367050172,0.006520606810227,0.0161173474043607,0.97084142989479,2,1.94168285978958
1890172461796287344,1040,23,0.7322706082649528,0.0305237079415625,0.237205678448081,0.7017469003233904,24,16.841925607761368
1890303246746458278,293,2,0.4576347738762314,0.3142063680935937,0.2281588669493794,0.1434284057826376,13,1.86456927517429
1890417461260329708,332,11,0.8547799953818321,0.0682276369340252,0.0769923643080983,0.7865523584478069,16,12.58483773516491
1891128319342848438,1252,20,0.768874292210454,0.0883577445317946,0.1427679686461176,0.6805165476786593,21,14.290847501251848
1891266695965703490,283,5,0.877079676836729,0.0095745981088839,0.1133457304676994,0.8675050787278451,8,6.940040629822761
1891406453101779961,727,20,0.9453106322495832,0.0208010710743458,0.0338882988829003,0.9245095611752376,23,21.263719907030463
1891453420431404501,349,0,0.2175185084342956,0.1159848943352699,0.6664966344833374,0.1015336140990257,1,0.1015336140990257
1891522833025507688,182,0,0.9740986029307048,0.0051527157969151,0.020748671144247,0.9689458871337896,6,5.813675322802737
1891525391208456157,573,6,0.1651556750883658,0.4021462988077353,0.4326980111251275,-0.2369906237193693,12,-2.8438874846324325
1891578155636807971,835,24,0.9694638875397767,0.0062428394925187,0.024293281730603,0.963221048047258,22,21.19086305703968
1891605182599358345,435,8,0.6764851056411862,0.0515949747402919,0.2719199271127581,0.6248901309008943,8,4.999121047207154
1891826082102088277,275,8,0.9098200135760836,0.0108881426405989,0.0792918309776319,0.8989318709354848,9,8.090386838419363
1892175811457338271,585,18,0.7345115738700737,0.099738103906116,0.1657503224460577,0.6347734699639577,22,13.965016339207068
1892327356444320340,85,0,0.8297865755217416,0.0592614511985864,0.1109519629020776,0.7705251243231552,7,5.393675870262086
1892475482542590266,482,4,0.5402444820404053,0.2023785229325294,0.2573770009875297,0.3378659591078758,5,1.6893297955393791
1892624686602168025,215,8,0.7424097858369351,0.0264563247561454,0.2311338912695646,0.7159534610807896,10,7.159534610807896
1892982854754169784,232,0,0.9032553434371948,0.0070214890874922,0.0897231996059417,0.8962338543497026,1,0.8962338543497026
1893033598342647568,510,11,0.6818315996726354,0.0468018296267837,0.2713665627067287,0.6350297700458517,12,7.62035724055022
1893715130027263139,1400,0,0.7481503668816193,0.0320744493275718,0.2197751947136028,0.7160759175540474,23,16.46974610374309
1893766245908917131,440,4,0.6581032827225598,0.1172062608692795,0.2246904603239487,0.5408970218532804,22,11.899734480772167
1894468515769200025,531,2,0.5477422099113465,0.2024179562479257,0.2498398569375276,0.3453242536634207,5,1.7266212683171034
1894694735211416760,750,1,0.9809212684631348,0.0043745054863393,0.0147042516618967,0.9765467629767954,1,0.9765467629767954
1894817083898022342,519,3,0.7880421876907349,0.0126841304424617,0.1992736923109208,0.7753580572482731,7,5.427506400737912
1894887437543189546,46,4,0.2313866976499557,0.1052904281616211,0.663322859287262,0.1260962694883346,5,0.6304813474416733
1894938651714782967,236,8,0.7483706303437551,0.0626779819404085,0.1889513786354412,0.6856926484033465,6,4.114155890420079
1895161939370430939,489,0,0.3920370638370514,0.0190511737018823,0.5889117121696472,0.372985890135169,1,0.372985890135169
1895168572957031844,181,6,0.869444215297699,0.0070311410818248,0.1235246412456035,0.8624130742158741,5,4.31206537107937
1895265800815963279,177,7,0.7847626829147339,0.057325006718082,0.1579123089036771,0.7274376761966518,7,5.092063733376563
1895804311590528842,243,20,0.5125142804980278,0.2073893443616107,0.2800963704604656,0.3051249361364171,20,6.102498722728342
1895879025960906448,640,6,0.7579263050481677,0.0637924621021375,0.1782812418136745,0.6941338429460302,8,5.553070743568242
1895913980570335071,554,13,0.8473459579263415,0.0310609546669625,0.1215930682979524,0.8162850032593789,14,11.427990045631304
1896113853054439037,1899,16,0.8014455868303775,0.0753447478155916,0.1232096787029877,0.726100839014786,24,17.426420136354864
1896171586367405717,117,3,0.6495563669999441,0.1681059342436492,0.1823376882014175,0.4814504327562948,6,2.888702596537769
1896268957503227266,143,0,0.5708985850214958,0.0170863536186516,0.4120150748640299,0.5538122314028442,2,1.1076244628056884
1896436764021650161,801,9,0.8897387100183047,0.0354728928817292,0.0747884031356527,0.8542658171365753,26,22.21091124555096
1896553799868702434,166,6,0.2762886763612429,0.1528992258384824,0.5708121049404145,0.1233894505227605,6,0.7403367031365633
1896734359613006717,359,5,0.5256829687527248,0.0341045088799936,0.4402125179767608,0.4915784598727311,7,3.441049219109118
1896764851733140239,178,22,0.8776300605318763,0.0381707054368135,0.0841992485726421,0.8394593550950628,22,18.46810581209138
1896874941610058853,422,23,0.9165112196721814,0.0071297552627088,0.0763590290973132,0.9093814644094724,22,20.0063922170084
1896876172940941976,152,3,0.7505367547273636,0.0363884877297095,0.2130747514311224,0.714148266997654,4,2.856593067990616
1897298346106591557,72,0,0.33,0.33,0.34,0.0,1,0.0
1897368122520991818,647,6,0.5709485936164856,0.1331003754818812,0.2959510476266344,0.4378482181346044,6,2.6270893088076264
1897388247563697228,305,0,0.4424762067469683,0.2362220693210309,0.3213017125021328,0.2062541374259374,22,4.537591023370624
1897525804645066184,370,14,0.8699695618152619,0.03475948677212,0.0952709601049622,0.8352100750431418,15,12.528151125647128
1897826717470292023,270,1,0.7569667553901672,0.1124724460672587,0.1305608138317863,0.6444943093229085,3,1.9334829279687256
1898268611438856681,80,6,0.5697923824191093,0.0165431862697005,0.4136644229292869,0.5532491961494088,4,2.2129967845976357
1898455366172088431,371,0,0.9706630706787108,0.006805135984905,0.0225318088196218,0.963857934693806,4,3.855431738775224
1898467141804976054,288,5,0.5968516942432949,0.1146047845536044,0.2885435367694923,0.4822469096896903,7,3.3757283678278327
1898623618889748463,431,5,0.9417962687356132,0.0061735224111803,0.0520301926881074,0.9356227463244328,7,6.549359224271029
1898652023981810888,1330,0,0.5037864688783884,0.0722079961560666,0.4240055261179805,0.4315784727223217,4,1.726313890889287
1898713939551483877,639,13,0.9124375060200692,0.0106878043152391,0.0768747015896698,0.90174970170483,23,20.74024313921109
1898872007317415385,110,0,0.9419253468513488,0.0108363451436162,0.0472383201122283,0.9310890017077328,1,0.9310890017077328
1898888166662729595,758,13,0.4372535047829151,0.1977004334805533,0.3650460587330162,0.2395530713023617,10,2.395530713023618
1899086108860601907,313,8,0.882732443511486,0.0158600478316657,0.1014075006823986,0.8668723956798203,8,6.934979165438563
1899251335490857526,69,4,0.4066842370480299,0.1181435015564784,0.4751722654700279,0.2885407354915514,4,1.1541629419662058
1899831233670444067,397,3,0.774961021900177,0.0714856183007359,0.1535533527210354,0.703475403599441,10,7.0347540359944105
1899905697848606782,143,0,0.9384843120855444,0.0254447058566352,0.0360709666088223,0.9130396062289092,17,15.521673305891454
1900274800930978473,156,1,0.192020089328289,0.4450148725509644,0.3629650455713272,-0.2529947832226753,2,-0.5059895664453506
1900359733152392367,401,3,0.4286827713251114,0.0424537041224539,0.5288635194301605,0.3862290672026575,5,1.9311453360132875
1900574903473413801,155,6,0.6633909237384796,0.0880313537595793,0.2485777289047837,0.5753595699789003,4,2.301438279915601
1900721988914548830,200,10,0.7881850334150451,0.0842277037279148,0.1275872668650533,0.7039573296871302,14,9.855402615619823
1900777492685552208,224,3,0.7221794674793879,0.0213122138520702,0.2565083430769543,0.7008672536273176,6,4.205203521763906
1900867664156615789,465,5,0.9683807611465454,0.0064791697775945,0.0251400839537382,0.9619015913689508,5,4.8095079568447545
1900886298307555860,81,8,0.7713718876242638,0.0177839317126199,0.2108441895805299,0.7535879559116438,10,7.535879559116438
1900957419216063197,87,2,0.966445967555046,0.0065367965726181,0.0270172480959445,0.959909170982428,4,3.839636683929712
1900989759161894269,265,19,0.712099850259044,0.1174007977896624,0.1704993647675622,0.5946990524693816,22,13.083379154326394
1901159212642627385,742,0,0.7334727196005129,0.0665475203815315,0.1999797573348596,0.6669251992189813,21,14.005429183598608
1901536601949235273,181,1,0.2727879248559475,0.0454183208445707,0.6817937393983206,0.2273696040113767,3,0.6821088120341301
1901558204006122159,107,5,0.6427784794569016,0.1684322957508266,0.1887892173416912,0.4743461837060749,4,1.8973847348243
1901827229332424285,317,0,0.957783910135428,0.0073559278389438,0.0348601685060809,0.9504279822964842,24,22.81027157511562
1901862015866160655,181,8,0.9013440629839896,0.0452019310521427,0.0534539907425642,0.856142131931847,8,6.849137055454776
1901928371711840880,514,2,0.743017477798793,0.1173910298131199,0.1395915011192361,0.6256264479856731,18,11.261276063742116
1902382083733638380,124,4,0.9519184827804564,0.0042228357245524,0.0438586752861738,0.947695647055904,3,2.843086941167712
1902738941570680228,100,0,0.6367367506027222,0.0052807489410042,0.3579825162887573,0.6314560016617179,1,0.6314560016617179
1903089843005614280,567,0,0.4280191054195166,0.2025446862308308,0.3694362333789468,0.2254744191886857,4,0.9018976767547427
1903123527101834984,317,6,0.2636525929751603,0.0628367545577171,0.6735106671050839,0.2008158384174432,23,4.618764283601195
1903242208817946695,685,7,0.8964772096276283,0.0473936829273589,0.0561291024973616,0.8490835267002694,8,6.7926682136021554
1903424921346977593,472,22,0.8868270224581162,0.0253294295398518,0.0878435408230871,0.8614975929182643,24,20.675942230038345
1903586739677529853,75,8,0.425628383954366,0.0447065549281736,0.5296650590995947,0.3809218290261924,6,2.2855309741571546
1903952278522378241,142,3,0.5215942437450091,0.0299698596354573,0.4484359100461006,0.4916243841095517,6,2.9497463046573102
1904111527420477398,217,8,0.6911033748090267,0.130679722429486,0.1782168695540167,0.5604236523795407,8,4.483389219036326
1904286437823939283,103,1,0.1312385946512222,0.0510729774832725,0.8176884055137634,0.0801656171679496,1,0.0801656171679496
1904639005220339504,450,11,0.7217500695356956,0.0856979624375414,0.1925519712326618,0.6360521070981542,13,8.268677392276004
1904743694629040487,777,0,0.8749585440382361,0.03192042564721,0.093121043095986,0.8430381183910262,24,20.232914841384627
1904770893675377640,345,0,0.7552421148618063,0.1143867792313297,0.1303711139783263,0.6408553356304765,3,1.9225660068914292
1905062247119765127,246,0,0.33,0.33,0.34,0.0,1,0.0
1905252253646552619,330,2,0.9547060579061508,0.0061200615018606,0.0391738871112465,0.9485859964042902,4,3.794343985617161
1905340704905931584,1304,24,0.9362208793560663,0.0257753016000303,0.0380038305884227,0.910445577756036,24,21.850693866144866
1905340711617001717,675,1,0.9424548454085984,0.020478124533159,0.0370670344432195,0.9219767208754396,24,22.12744130101055
1905419881890076512,97,1,0.983484834432602,0.0049795359373092,0.0115356394089758,0.9785052984952928,2,1.957010596990585
1905568910561750850,116,5,0.7633078352610271,0.1123826505833616,0.1243095146988829,0.6509251846776655,3,1.9527755540329963
1906006205164315213,238,31,0.1794513517100778,0.2966581168936358,0.5238905301027827,-0.117206765183558,18,-2.109721773304045
1906020696585248557,605,17,0.968615877131621,0.0077535616389165,0.0236305554086963,0.9608623154927044,24,23.06069557182491
1906078660893824554,69,4,0.6424716841429472,0.3173165875487029,0.0402117359141508,0.3251550965942442,3,0.9754652897827328
1906487351208943785,127,0,0.6447423183918,0.1698631359823048,0.1853945526108145,0.4748791824094951,2,0.9497583648189902
1906523060127852112,693,22,0.8758019563555717,0.0231628853622047,0.1010351521025101,0.852639070993367,24,20.463337703840807
1906545085652430694,455,1,0.9789035320281982,0.0078405616804957,0.0132559416815638,0.9710629703477024,1,0.9710629703477024
1906834141018670239,600,19,0.8973230812698603,0.0110231735452543,0.0916537439916282,0.8862999077246059,16,14.180798523593694
1906855148192054477,489,0,0.837869992852211,0.0753644886853483,0.08676551009994,0.7625055041668626,24,18.300132100004703
1907282463076706620,57,1,0.33,0.33,0.34,0.0,1,0.0
1907567451269324484,418,45,0.3187222417573566,0.3577619132593922,0.3235158450237435,-0.0390396715020356,23,-0.8979124445468187
1907696430621946903,222,0,0.931302676598231,0.005558155127801,0.0631391593875984,0.92574452147043,6,5.55446712882258
1907707168645497839,677,17,0.886889965307145,0.05093917092131,0.0621708491808247,0.8359507943858349,21,17.55496668210253
1908151846675383002,1200,19,0.7161367383776677,0.1550717771221839,0.1287914809300786,0.5610649612554837,21,11.782364186365156
1908165443032320463,49,2,0.2271789954602718,0.1914902310445904,0.5813307744264603,0.0356887644156813,4,0.1427550576627254
1908285695739368818,518,8,0.8961206164799238,0.0108473647974039,0.0930320184530788,0.8852732516825199,19,16.82019178196788
1908843734657850484,172,4,0.9556252479553222,0.0059197735972702,0.0384549707174301,0.949705474358052,5,4.74852737179026
1908994237517712047,289,4,0.5294603461325169,0.0661729552242905,0.4043666895627975,0.4632873909082263,10,4.632873909082264
1909074162473604092,346,0,0.743714889317751,0.095695606611669,0.1605895291231572,0.6480192827060819,10,6.480192827060819
1909287983024247265,140,2,0.9498704969882964,0.0053011251147836,0.0448283217847347,0.9445693718735128,2,1.8891387437470255
1909447416707280969,114,1,0.33,0.33,0.34,0.0,1,0.0
1909671781803892700,198,1,0.9506630301475524,0.0046174954622983,0.0447194464504718,0.946045534685254,1,0.946045534685254
1909727176849449042,367,1,0.6525724613666535,0.1667963233403861,0.180631219483912,0.4857761380262673,2,0.9715522760525346
1909802794404214423,377,6,0.3580115570127964,0.1090328699117526,0.5329555808752775,0.2489786871010437,8,1.99182949680835
1910233589372237205,147,1,0.173949733376503,0.0976826176047325,0.7283676266670227,0.0762671157717704,1,0.0762671157717704
1910450551749973341,816,10,0.4894008158312903,0.0695283808403958,0.4410707967314455,0.4198724349908944,9,3.77885191491805
1910480621176788785,234,4,0.7151099152565003,0.1347153451927006,0.150174728654325,0.5803945700637996,5,2.901972850318998
1910618150701969507,162,0,0.039758313447237,0.1246501952409744,0.8355914354324341,-0.0848918817937374,1,-0.0848918817937374
1910932304273010495,84,1,0.9848878383636476,0.004534947220236,0.0105771971866488,0.9803528911434114,1,0.9803528911434114
1910998649932900932,683,21,0.9851387788852056,0.0046791055550177,0.0101821198089358,0.9804596733301878,24,23.531032159924507
1911109673102061501,250,6,0.5744190554320813,0.0675891846966826,0.3579917516704235,0.5068298707353986,18,9.122937673237177
1911785141416735942,164,1,0.9849895536899568,0.0040309883188456,0.0109794349409639,0.980958565371111,2,1.961917130742222
1911879584517945905,3760,1,0.6559676673077047,0.0539341280981898,0.2900982115014145,0.6020335392095149,24,14.448804941028357
1911929788845381794,255,1,0.951566845178604,0.0045381244271993,0.0438950210809707,0.9470287207514048,2,1.8940574415028093
1912124277203650369,809,10,0.8845701813697815,0.030710421075734,0.0847193972052385,0.8538597602940475,24,20.49263424705714
1912647105694216805,410,9,0.4895091918899732,0.126624978399452,0.383865826916607,0.3628842134905212,17,6.1690316293388605
1912764564433677092,530,0,0.33,0.33,0.34,0.0,1,0.0
1912788455382171121,307,3,0.2315872749313712,0.0685618981951847,0.699850857257843,0.1630253767361864,4,0.6521015069447458
1913253764724605220,156,3,0.1912301853299141,0.1318034129217267,0.6769663790861765,0.0594267724081873,6,0.3565606344491243
1913264567958839757,518,22,0.6406392462220457,0.072128867834496,0.2872318899403843,0.5685103783875497,18,10.233186810975894
1913274567625565505,1538,9,0.65200593566522,0.0461726749152876,0.301821382434573,0.6058332607499324,16,9.693332171998918
1913301121426875978,1851,21,0.1933899698617018,0.4310819701048667,0.3755280611469693,-0.2376920002431649,23,-5.466916005592793
1913359984676472652,119,0,0.95221741994222,0.0067428890615701,0.0410396722145378,0.94547453088065,6,5.672847185283899
1913837435595443193,68,0,0.644763150215149,0.1670939079113304,0.188142931163311,0.4776692423038184,2,0.9553384846076368
1913955997253598436,352,0,0.7426112349828085,0.1164553236588835,0.1409334404269854,0.6261559113239249,3,1.8784677339717744
1913965848533895240,482,27,0.949751236240069,0.0186978513634918,0.0315509182657115,0.9310533848765772,24,22.34528123703785
1914048397259332060,767,1,0.7857131220400333,0.0207802838645875,0.1935066113248467,0.7649328381754458,15,11.473992572631689
1914162535538332162,484,2,0.4203463132916527,0.3492337808055295,0.2304199081252922,0.0711125324861231,11,0.7822378573473543
1914582248272515798,191,3,0.4749154851833979,0.2175722578292092,0.3075122448801994,0.2573432273541887,3,0.7720296820625663
1914647556973961362,57,0,0.8427349627017975,0.0225780640030279,0.1346869617700576,0.8201568986987695,2,1.640313797397539
1914766650108947199,192,4,0.968977860042027,0.0077687866120998,0.0232533349522522,0.9612090734299272,7,6.728463514009491
1914858099659960849,198,1,0.5112616512924433,0.0286632371135056,0.4600751167163253,0.4825984141789377,8,3.860787313431501
1914872984600804800,174,1,0.7919056606292725,0.0873991712392307,0.1206951518915593,0.7045064893900417,4,2.8180259575601667
1915062997525738404,465,2,0.6333890488147735,0.1155071704890579,0.251103798251599,0.5178818783257156,10,5.178818783257157
1915227733740650367,165,3,0.7900792700052262,0.0892302427487447,0.1206904957443475,0.7008490272564813,4,2.8033961090259254
1915251231144708859,43,1,0.4420398855209351,0.1760687296837568,0.381891382932663,0.2659711558371782,2,0.5319423116743565
1915383475033082988,1190,6,0.833181588367412,0.0387696276600227,0.1280487822937338,0.7944119607073892,19,15.093827253440397
1915521196607244861,510,0,0.7416590452194214,0.0320450626313686,0.2262959033250808,0.7096139825880527,1,0.7096139825880527
1915557447297288674,352,2,0.7491556810140609,0.049613988392055,0.2012303496859967,0.6995416926220059,10,6.995416926220059
1915580624098414268,267,10,0.8752779124180475,0.0245846157436746,0.1001374749981221,0.8506932966743729,21,17.86455923016183
1915627682872346045,2008,1,0.9321362248334016,0.0229405171034688,0.0449232538298449,0.909195707729933,22,20.002305570058525
1916109342710890252,536,24,0.8952290073037148,0.017459175545567,0.0873118232004344,0.8777698317581477,30,26.333094952744432
1916113402745534528,388,13,0.86750294816494,0.0548539616870693,0.0776430840361863,0.8126489864778705,20,16.25297972955741
1916448296235334562,660,3,0.1704495247777389,0.3870461486603903,0.4425043292343616,-0.2165966238826513,23,-4.981722349300981
1916656802024779640,461,15,0.8448665020987391,0.0289080597382659,0.1262254368048161,0.8159584423604732,24,19.58300261665136
1916810741772571960,697,23,0.8394139732668796,0.0238174094088996,0.1367686105333268,0.8155965638579801,24,19.57431753259152
1916849598376476907,1544,2,0.872819400335613,0.0415082229406719,0.0856723880895266,0.8313111773949411,19,15.79491237050388
1916896302596102742,383,9,0.7053749120483795,0.0622126933400674,0.2324123936705291,0.6431622187083121,24,15.435893248999491
1916906618302465695,855,8,0.3600633764858155,0.2464971703959062,0.3934394650938718,0.1135662060899093,23,2.612022740067914
1917011095387541058,430,9,0.7210635707053271,0.0507417849027975,0.2281946497681466,0.6703217858025297,11,7.373539643827826
1917715044796430806,633,14,0.8700173400243123,0.0586573182195425,0.0713253425632914,0.8113600218047698,15,12.170400327071548
1917730413447662005,190,5,0.5448853611201048,0.1198854266365312,0.3352292051420293,0.4249999344835735,22,9.349998558638616
1917740856518195893,589,0,0.9788152277469636,0.0059885819500777,0.0151961869754207,0.9728266457968856,24,23.347839499125257
1917840700114199241,121,7,0.650101030866305,0.1230155176017433,0.2268834353114167,0.5270855132645617,6,3.16251307958737
1917947787178352715,700,2,0.7514212187131246,0.1148923475357393,0.1336864444613456,0.6365288711773852,3,1.909586613532156
1918369443067706869,380,0,0.5853344404271671,0.045711377785275,0.368954201894147,0.5396230626418921,7,3.777361438493244
1918407276654397350,457,30,0.2728687303575376,0.3642235149132709,0.3629077413802345,-0.0913547845557332,24,-2.192514829337597
1918477930745425150,270,12,0.9327842827141284,0.0258347126317676,0.0413810020347591,0.9069495700823608,16,14.511193121317774
1918831173006759886,132,0,0.8205921382953724,0.0162368965878461,0.1631709669406215,0.8043552417075261,6,4.826131450245157
1919260463024418528,367,0,0.1782975494861602,0.1599690467119217,0.6617334485054016,0.0183285027742385,1,0.0183285027742385
1919619259651318253,499,0,0.8904414421319962,0.0467977567948401,0.062760791410692,0.8436436853371561,8,6.7491494826972485
1919798004538303912,432,7,0.8172428428630033,0.0538338429729143,0.1289233069075271,0.763408999890089,24,18.321815997362137
1919829621906472793,199,11,0.8316139201142572,0.0508484589291567,0.1175376294654878,0.7807654611851004,11,8.588420073036104
1920000635232043497,608,9,0.446748189275915,0.0937507456795058,0.4595010696588592,0.3529974435964091,11,3.882971879560501
1920034262334223699,779,3,0.7137280292510987,0.1367298922203481,0.1495420741513371,0.5769981370307505,5,2.884990685153753
1920108965984286773,382,12,0.6400067645907402,0.0991376741174608,0.2608555637598038,0.5408690904732794,10,5.408690904732794
1920263228007168622,355,2,0.5918662419584062,0.0833168826159089,0.324816877676381,0.5085493593424972,9,4.576944234082475
1920502911717475210,140,9,0.8117861917614937,0.0549011633172631,0.133312643407844,0.7568850284442306,8,6.0550802275538445
1920565631344550681,619,8,0.8509589294716715,0.0218178703379817,0.1272231944277882,0.8291410591336899,24,19.89938541920856
1920583424872318856,681,0,0.9725825091203054,0.0074317766702733,0.0199857209421073,0.965150732450032,24,23.163617578800768
1920685609173775998,827,11,0.8510361438741286,0.0589669243168706,0.0899969205555195,0.792069219557258,24,19.00966126937419
1920881027518283915,743,3,0.7199716655697141,0.0596543512466762,0.2203739868423768,0.6603173143230379,7,4.622221200261265
1921105548066900742,222,5,0.3111958478887875,0.054457095451653,0.6343470513820648,0.2567387524371345,6,1.5404325146228075
1921139416895995272,159,2,0.9188631176948548,0.0051856350619345,0.0759512353688478,0.91367748263292,4,3.6547099305316806
1921655976596025268,419,20,0.9195740056037904,0.0347203219082692,0.0457056730548324,0.8848536836955211,23,20.351634724996984
1921778351498243522,1009,3,0.8369251971443493,0.0737245142071818,0.0893502893469607,0.7632006829371676,24,18.316816390492026
1921892239425045170,206,1,0.8299634456634521,0.0216032527387142,0.1484332792460918,0.8083601929247379,2,1.616720385849476
1921918895166526287,371,15,0.7936570221185684,0.0994780845140727,0.1068649036119071,0.6941789376044957,24,16.660294502507895
1921956657810693030,228,9,0.8556450692244939,0.042289756952031,0.1020651803759946,0.8133553122724628,21,17.08046155772172
1921968087893504966,510,1,0.7757409682807822,0.1015539840969722,0.1227050447603687,0.6741869841838101,24,16.18048762041144
1922664576292014287,159,4,0.9700190126895905,0.0064829998882487,0.023497951682657,0.9635360128013416,4,3.854144051205367
1922709130343331472,3050,21,0.4680887086987496,0.1824054417870939,0.3495058549158275,0.2856832669116557,20,5.713665338233113
1923154932842529395,235,3,0.727570911248525,0.0213437499090408,0.2510853425289194,0.7062271613394842,6,4.237362968036905
1923196217577686233,127,0,0.6486482346057892,0.1683239941578358,0.1830277829244733,0.4803242404479533,10,4.803242404479533
1923400607788463041,139,2,0.3253152337670326,0.1352664814144373,0.539418271780014,0.1900487523525953,4,0.7601950094103813
1923445623198387805,598,0,0.9200176429748534,0.0245701554103288,0.0554121990827843,0.8954474875645246,24,21.49073970154859
1923486746329156903,733,2,0.938176033930345,0.0208301315452395,0.0409938279522413,0.9173459023851056,22,20.18160985247232
1923530103812273754,532,17,0.7871192909514203,0.0396571603888536,0.1732235611230135,0.7474621305625666,17,12.706856219563631
1923542094463386245,233,6,0.7890983116775752,0.0564368171929381,0.1544648727942258,0.7326614944846369,20,14.65322988969274
1923681690364844248,163,1,0.8890224695205688,0.0117559637874364,0.0992215126752853,0.8772665057331324,1,0.8772665057331324
1924004613755128627,208,20,0.193534338273108,0.1701311314950387,0.6363345402280489,0.0234032067780693,15,0.35104810167104
1924041307303647447,389,3,0.7006621807813644,0.1291349427774548,0.1702028957661241,0.5715272380039096,4,2.2861089520156384
1924230847037362863,260,5,0.3652144465347131,0.2804346295446158,0.3543509083986282,0.0847798169900973,3,0.2543394509702921
1924325557451778857,454,0,0.8023342777575765,0.0168978838316564,0.1807678366479064,0.7854363939259201,14,10.996109514962882
1924402443647851839,426,5,0.903088887607058,0.0190551949556296,0.0778559146045396,0.8840336926514283,24,21.21680862363428
1924406440458976332,793,4,0.8326016934996558,0.0362698509588482,0.1311284695335087,0.7963318425408077,21,16.72296869335696
1924629975613774224,71,0,0.6371932709217072,0.1687714568898081,0.1940352544933557,0.468421814031899,2,0.936843628063798
1924703720144424645,166,3,0.8435253609929766,0.0624197856084044,0.0940548800410969,0.7811055753845721,7,5.467739027692005
1924819846563095507,716,21,0.7953131515497253,0.0272785895025091,0.1774082589255912,0.7680345620472162,21,16.12872580299154
1924877025095436548,506,2,0.6187654316425324,0.0541412072256207,0.3270933724939823,0.5646242244169116,5,2.823121122084558
1925426927204770481,124,0,0.8549031714598337,0.0261672625007728,0.118929567746818,0.8287359089590609,6,4.972415453754365
1925554545203674086,103,0,0.967703342437744,0.006979651749134,0.02531698346138,0.96072369068861,2,1.92144738137722
1925585797954645668,99,4,0.8823868036270142,0.0094860377721488,0.1081271972507238,0.8729007658548653,2,1.7458015317097306
1925670588351073806,78,0,0.4242338538169861,0.0411652959883213,0.5346008539199829,0.3830685578286648,1,0.3830685578286648
1925841372925921777,46,1,0.9493752717971802,0.0095222052186727,0.0411024428904056,0.9398530665785074,1,0.9398530665785074
1925936482981572905,75,1,0.5541978999972343,0.023425267310813,0.4223769009113312,0.5307726326864213,2,1.0615452653728426
1926172008888806825,17,0,0.7996162176132202,0.0256875809282064,0.1746961921453476,0.7739286366850138,1,0.7739286366850138
1926179031913590907,154,2,0.5624256879091263,0.067963954177685,0.3696103161200881,0.4944617337314412,4,1.9778469349257648
1926182952455241088,1463,18,0.7283547543674708,0.1110454081498086,0.1605998487889766,0.6173093462176621,25,15.432733655441552
1926312269894062924,595,7,0.1796436065009662,0.0748964641464962,0.7454599455176365,0.1047471423544699,21,2.1996899894438684
1926348878426580738,738,5,0.8942661711147853,0.012554502014869,0.0931793386116623,0.8817116690999163,7,6.171981683699414
1926355230287503157,69,1,0.2913250625133514,0.0425399728119373,0.6661349534988403,0.2487850897014141,1,0.2487850897014141
1926514019037723518,332,5,0.7237157007171349,0.0598190574991432,0.2164652364497835,0.6638966432179917,11,7.302863075397909
1926564350508773327,672,2,0.985193133354187,0.0040454305708408,0.0107614621520042,0.9811477027833462,1,0.9811477027833462
1926771244537933887,426,5,0.8781786879897118,0.0465055629226844,0.0753157424228266,0.8316731250670273,8,6.653385000536218
1926861093272086217,45,0,0.1892053717374801,0.1944125191867351,0.6163821053504944,-0.0052071474492549,2,-0.0104142948985099
1926955878806099751,290,14,0.9371692538261414,0.0063247315774788,0.0565059941145591,0.9308445222486624,16,14.8935123559786
1927073772360343501,83,1,0.6455952612062296,0.2390595098646978,0.1153452436750133,0.4065357513415317,3,1.219607254024595
1927162608803073369,405,2,0.931175456494093,0.0254423706600209,0.0433821593853645,0.905733085834072,16,14.491729373345152
1927163301332439698,490,11,0.8778287619352341,0.0103018190323685,0.1118694050237536,0.8675269429028655,12,10.410323314834386
1927193281972945920,395,1,0.6112297481298447,0.1162370220742499,0.2725332274287939,0.4949927260555948,6,2.9699563563335687
1927246320238827133,696,0,0.7606142020225525,0.1135942986917992,0.1257915056496858,0.6470199033307532,3,1.94105970999226
1927284250127104782,480,1,0.8166321443083385,0.0877474644221365,0.0956203959649428,0.728884679886202,24,17.49323231726885
1927581088437722248,73,2,0.9764692485332488,0.0032032072776928,0.0203274874947965,0.973266041255556,2,1.946532082511112
1927628553488435073,161,6,0.4079719297091166,0.2385033157467842,0.3535247421264649,0.1694686139623324,3,0.5084058418869972
1927749281696046284,155,2,0.0554398940876126,0.5490151643753052,0.3955449610948562,-0.4935752702876925,2,-0.9871505405753852
1927883836587439533,247,21,0.4112229765109393,0.063681447038265,0.5250955707919986,0.3475415294726743,23,7.99345517787151
1928019476855816410,338,0,0.684085288473538,0.055599286210324,0.2603154134750366,0.6284860022632139,7,4.399402015842497
1928021468772653970,1097,7,0.7836145168667038,0.0936341753279945,0.1227513046717892,0.6899803415387092,24,16.559528196929023
1928517530089278377,474,4,0.9480980515480042,0.0060719633242115,0.045829979982227,0.9420260882237926,10,9.420260882237926
1928617293999681332,411,10,0.5943097230046988,0.123777635085086,0.281912624835968,0.4705320879196127,12,5.646385055035353
1928670457903332327,324,0,0.6264564883708954,0.0888902569236233,0.2846532550547272,0.537566231447272,4,2.150264925789088
1928689176754854790,780,3,0.6356994393856629,0.0363629414242408,0.327937625112093,0.5993364979614221,23,13.784739453112708
1928937532114789602,659,0,0.9626593788464864,0.0060879530695577,0.0312526527171333,0.9565714257769288,3,2.869714277330786
1929219399023501725,467,21,0.9350105005761852,0.0078934636625015,0.0570960509307358,0.9271170369136836,23,21.32369184901472
1929301267306260324,281,0,0.8715589642524719,0.0028321507852524,0.1256088614463806,0.8687268134672195,1,0.8687268134672195
1929523953173528532,392,1,0.33,0.33,0.34,0.0,1,0.0
1929684754182404030,370,7,0.906414870172739,0.0229986334646431,0.0705865089548751,0.8834162367080959,24,21.201989680994306
1929869022172525854,14,0,0.1051388978958129,0.1844947338104248,0.7103663682937622,-0.0793558359146118,2,-0.1587116718292236
1930152452968379463,597,1,0.843129390614728,0.042603305208031,0.1142673053219914,0.800526085406697,24,19.21262604976073
1930425375154986301,141,2,0.9733573252504524,0.0088368214412846,0.0178058553402396,0.9645205038091677,11,10.609725541900843
1930720128668814324,3885,10,0.8658954371511935,0.0218944386451039,0.1122101377369835,0.8440009985060897,24,20.256023964146152
1930955046579460296,842,6,0.9774218757947286,0.00509552435639,0.0174826210364699,0.9723263514383386,15,14.584895271575078
1931111234297858753,169,2,0.5604546070098877,0.0237834088038653,0.4157619858160615,0.5366711982060224,2,1.0733423964120448
1931114132813592210,160,0,0.984456181526184,0.0036621154285967,0.0118817798793315,0.9807940660975872,1,0.9807940660975872
1931145340524691337,417,7,0.4356645431843671,0.121539024785161,0.4427964467623017,0.314125518399206,11,3.4553807023912664
1931306181586898837,605,23,0.6805908164506157,0.1291482189623639,0.1902609663526527,0.5514425974882519,24,13.234622339718044
1931455735050722777,585,5,0.603449484705925,0.0603537971153855,0.3361967356875538,0.5430956875905395,5,2.7154784379526973
1931622695553046001,423,1,0.8521333797027667,0.0271085244087347,0.1207580861193127,0.825024855294032,24,19.80059652705677
1931682099908249514,1159,23,0.8888365217240957,0.0191230946729102,0.0920403894595801,0.8697134270511854,26,22.61254910333082
1931783240852921640,531,22,0.9766505459944408,0.0060487254134689,0.0173007369157858,0.9706018205809718,24,23.29444369394332
1932018528798655661,94,4,0.8044743500649929,0.0499019514536485,0.1456237079109996,0.7545723986113444,8,6.036579188890755
1932319145228044687,40,0,0.33,0.33,0.34,0.0,1,0.0
1932360077149195569,638,0,0.5231770654874188,0.0967930948661108,0.3800298378337174,0.426383970621308,28,11.938751177396624
1932688555676450004,311,9,0.9346062242984772,0.0098379847127944,0.0555558046326041,0.9247682395856828,10,9.247682395856827
1932750742113185574,85,1,0.6429884219169617,0.1696395431272685,0.1873720084130764,0.4733488787896931,2,0.9466977575793862
1932757406090121188,164,6,0.7760332946976026,0.0127275428579499,0.2112391569341222,0.7633057518396527,6,4.579834511037916
1932830498691217387,647,1,0.9463197638591132,0.0073725712330391,0.046307669506253,0.938947192626074,24,22.53473262302577
1932857838967776059,306,9,0.6588167720288038,0.0999414354842156,0.2412417903915047,0.5588753365445882,12,6.7065040385350585
1932873243027600051,551,1,0.5455836020197188,0.1000622353702783,0.354354167665754,0.4455213666494403,7,3.1186495665460825
1933522674858184291,1384,13,0.9564001709222794,0.0071787136723287,0.0364211162552237,0.9492214572499508,20,18.98442914499901
1933537257965722135,445,2,0.625370979309082,0.0172199509106576,0.3574091121554374,0.6081510283984244,2,1.2163020567968488
1933577376945271585,270,4,0.5235013516992331,0.0696314343856647,0.4068672306789085,0.4538699173135683,8,3.6309593385085455
1933592154309188527,249,24,0.92151785766085,0.0094376797593819,0.0690444627931962,0.912080177901468,24,21.88992426963523
1933933128768680967,243,0,0.7533610717455547,0.1130990458714465,0.1335398766398429,0.6402620258741081,3,1.920786077622324
1933933372407417624,502,1,0.8041808381676674,0.0073282128044714,0.1884909567112724,0.7968526253631959,6,4.781115752179176
1934282020991276427,105,2,0.9295592308044434,0.008251002524048,0.0621897708624601,0.9213082282803952,2,1.8426164565607903
1934794364593257596,702,0,0.7347842904499599,0.0612276295492691,0.2039880771402802,0.6735566609006908,7,4.714896626304835
1935078954882277844,121,0,0.7377447541554769,0.1151002606439093,0.1471549999465545,0.6226444935115675,3,1.8679334805347023
1935471664846521003,366,0,0.9169196518262228,0.0209478627723486,0.0621324838589256,0.8959717890538741,24,21.503322937292975
1935671857299886826,241,22,0.875169026743282,0.0380195270288227,0.086811457096853,0.8371494997144592,22,18.417288993718103
1935743486046589804,452,2,0.9779869914054872,0.0061655773315578,0.0158474161289632,0.9718214140739292,2,1.9436428281478584
1935745820418931421,383,3,0.8813101372122766,0.0489857092134964,0.069704165875446,0.8323244279987799,24,19.97578627197072
1936026897089440809,802,10,0.9447489460309346,0.0075898744010676,0.0476611777208745,0.937159071629867,15,14.057386074448004
1936311637968879079,448,12,0.9609488073517296,0.0080396421253681,0.0310115589048056,0.9529091652263614,17,16.199455808848143
1936363975509114810,350,28,0.4340946677212531,0.048093359469651,0.5178119854894109,0.3860013082516021,26,10.036034014541656
1936476633625456573,148,3,0.4185486286878586,0.0712004993110895,0.5102508813142776,0.347348129376769,2,0.6946962587535381
1936688444709528626,393,20,0.907116580052922,0.0551568611862603,0.0377265587317136,0.8519597188666618,24,20.447033252799883
1936834297084530388,382,0,0.6482347929477692,0.1677947511989623,0.1839704719185829,0.4804400417488068,2,0.9608800834976136
1937114412008953256,197,13,0.8899559003512064,0.050018998598059,0.0600250917995969,0.8399369017531474,15,12.599053526297212
1937144959603230052,287,1,0.3156508304923773,0.1113086343789473,0.5730405440926551,0.2043421961134299,4,0.8173687844537199
1937206166459520172,569,0,0.9422454592585564,0.0212994505581446,0.0364550800745685,0.9209460087004118,24,22.10270420880988
1937626536082750112,349,0,0.2021322759489218,0.0761975290273161,0.7216701875440776,0.1259347469216057,24,3.022433926118538
1937804271804096877,328,5,0.3465208715448777,0.1215912013625105,0.5318879187107086,0.2249296701823671,6,1.349578021094203
1938002484711952722,220,1,0.33,0.33,0.34,0.0,1,0.0
1938198046912147439,278,32,0.399509089325483,0.2539061683910684,0.3465847379671266,0.1456029209344146,26,3.785675944294781
1938470514326935515,190,2,0.7561043857038021,0.0704925343941431,0.1734030610136687,0.685611851309659,8,5.484894810477272
1938698164673906108,466,20,0.8988285183906555,0.015424146328587,0.0857473366428166,0.8834043720620685,20,17.66808744124137
1939014348481488056,180,0,0.8230294130210366,0.0956245202438107,0.0813460529648831,0.7274048927772258,7,5.091834249440581
1939324131788273448,201,10,0.8184800386109522,0.0609833624360284,0.120536595227729,0.7574966761749238,14,10.604953466448933
1939358344095704808,230,18,0.8900373817573896,0.0510492130208083,0.0589134026183323,0.8389881687365811,22,18.457739712204784
1939502098161024276,138,0,0.9505363404750824,0.0062790736556053,0.0431846156716346,0.9442572668194772,2,1.8885145336389544
1939645571469705463,885,4,0.8136959140440997,0.0637676942660747,0.1225363919774399,0.7499282197780249,17,12.748779736226425
1939679467694462054,74,0,0.9731639623641968,0.0066784503869712,0.0201576426625251,0.9664855119772257,1,0.9664855119772257
1940596478302457920,168,0,0.6413868948817253,0.0886613683775067,0.269951744377613,0.5527255265042186,5,2.763627632521093
1940722625870617326,164,3,0.9316532611846924,0.0089369455818086,0.0594097776338458,0.9227163156028836,2,1.8454326312057676
1940803792514931164,488,0,0.7903650687634945,0.055359637453886,0.1542752821743488,0.7350054313096085,14,10.29007603833452
1940875975948631942,534,6,0.4694906635369573,0.0933841626452548,0.4371251873884882,0.3761065008917025,7,2.6327455062419176
1940989922991380272,1133,3,0.909466319626028,0.036416961571879,0.0541167166219516,0.8730493580541488,22,19.207085877191275
1941095357007505161,245,8,0.9060004260323264,0.0354269269616766,0.0585726229609413,0.8705734990706498,11,9.576308489777148
1941534883534309767,155,0,0.4352544844150543,0.0153775168582797,0.5493679642677307,0.4198769675567746,1,0.4198769675567746
1941554142318641923,120,1,0.6654047560691834,0.0875901655340567,0.2470050789788365,0.5778145905351266,4,2.3112583621405065
1941677320672559235,1012,4,0.7555381178756555,0.0673516906077663,0.1771101856182019,0.6881864272678891,15,10.322796409018338
1941889095174635196,274,0,0.9261661171913148,0.0092626847326755,0.0645711496472358,0.9169034324586391,1,0.9169034324586391
1941950172318979819,92,0,0.8127396446466446,0.0863697738200426,0.1008905973657965,0.726369870826602,4,2.905479483306408
1942046824642763743,68,1,0.6404250049591065,0.1679611599165946,0.19161381021142,0.4724638450425118,2,0.9449276900850236
1942106346472174652,1048,27,0.8326728877850942,0.0437824492537904,0.1235446604554142,0.7888904385313037,21,16.566699209157377
1942244592192347787,145,0,0.4980160892009735,0.0336081832647323,0.4683757126331329,0.4644079059362411,1,0.4644079059362411
1942367342551292880,169,1,0.7767419856786728,0.0887455398146994,0.1345124764274806,0.6879964458639733,4,2.7519857834558934
1943078347542616691,557,6,0.8439552301168441,0.0402969411745046,0.1157478250221659,0.8036582889423395,24,19.28779893461615
1943088021496050373,228,7,0.5588219591443028,0.2007542339579335,0.2404237929944481,0.3580677251863692,7,2.5064740763045847
1943094191257083546,812,0,0.7646990078439315,0.1183505250990856,0.1169504756620153,0.6463484827448459,24,15.5123635858763
1943202131310712334,150,6,0.9803383588790894,0.0048530187923461,0.014808626845479,0.9754853400867431,5,4.877426700433716
1943743882564401575,305,26,0.978528094291687,0.0046248950180597,0.0168470177333802,0.9739031992736272,20,19.478063985472545
1943820244566174542,233,10,0.6160830508768559,0.1998454054668546,0.184071539837867,0.4162376454100013,10,4.162376454100013
1943950417700358116,205,0,0.8344493464877208,0.1070226103932197,0.0585280360565299,0.727426736094501,21,15.275961457984522
1944459000305338028,445,12,0.8439160180943353,0.0102110491633149,0.1458729367171015,0.8337049689310204,14,11.671869565034283
1944478357597719406,107,5,0.9228390455245972,0.0040979313198477,0.0730630492791533,0.9187411142047496,5,4.593705571023747
1944490342107998874,528,1,0.9631675432125728,0.0083995485862639,0.0284329120380183,0.9547679946263088,24,22.91443187103141
1945234631034740179,494,0,0.596799379107025,0.0605274835146135,0.3426731502099169,0.5362718955924114,18,9.652894120663404
1945264632411666097,336,2,0.5512400949001313,0.1746051571890712,0.2741547432541847,0.37663493771106,2,0.7532698754221201
1945441239293931878,641,36,0.2036212119590491,0.4160021871819627,0.3803765885829925,-0.2123809752229135,20,-4.247619504458271
1945489466433390691,401,2,0.7621473328272502,0.1138521258781353,0.1240005434677005,0.6482952069491148,3,1.9448856208473444
1945712759819879368,204,0,0.8940523797646165,0.0342408753203926,0.0717067452787887,0.8598115044442238,16,13.75698407110758
1945889606173445037,255,13,0.7880007943936757,0.0508829722779669,0.1611162374195243,0.7371178221157086,14,10.31964950961992
1945931305514589783,1950,0,0.8773427697067911,0.0096467211842536,0.1130104978060857,0.8676960485225375,22,19.089313067495823
1945946044139328102,313,4,0.953000396490097,0.0065621840767562,0.040437446674332,0.9464382124133408,4,3.7857528496533632
1945970283315747288,131,2,0.6103435456752777,0.0205515323517223,0.3691049258535107,0.5897920133235554,3,1.7693760399706662
1946368599943220249,218,8,0.8790248200297356,0.0061873051221482,0.1147878734394907,0.8728375149075873,10,8.728375149075873
1946553890904339030,1317,14,0.1493621535294435,0.4817942297162318,0.3688436254113912,-0.3324320761867883,22,-7.313505676109343
1946579596895865540,533,0,0.7630321979522705,0.0230104867368936,0.2139573246240615,0.7400217112153769,1,0.7400217112153769
1946763285508498106,3622,10,0.2817379477094202,0.2547529938948505,0.4635090547800064,0.0269849538145696,17,0.4587442148476839
1946927905499936411,234,9,0.4753546507822143,0.0391173861506912,0.485527957479159,0.436237264631523,9,3.9261353816837072
1947077935661110010,803,10,0.8739155197143554,0.0342697367242847,0.0918147519432629,0.8396457829900706,12,10.075749395880848
1947206699878376569,141,3,0.8626021085466657,0.0500985511106305,0.087299323529005,0.8125035574360352,7,5.687524902052246
1947329379555472465,484,6,0.7245716877778371,0.0694670543183262,0.2059612760258218,0.6551046334595109,6,3.9306278007570654
1947379264065565860,114,2,0.7587208648522695,0.0162167468418677,0.2250623777508735,0.7425041180104017,3,2.227512354031205
1947941370435385192,216,0,0.33,0.33,0.34,0.0,2,0.0
1947960709842524892,413,19,0.9689195156097412,0.006705897860229,0.0243745821485803,0.9622136177495122,22,21.16869959048927
1948724568676047947,271,17,0.9358450210662116,0.0223584521992043,0.0417965330210115,0.9134865688670072,21,19.18321794620715
1948797907255803296,178,12,0.8039753031103235,0.0622232709932876,0.1338014353321571,0.7417520321170358,19,14.09328861022368
1948811173218581399,2291,20,0.3424409935995936,0.2975278869307721,0.3600311070891178,0.0449131066688214,23,1.0330014533828944
1948851024157898547,87,1,0.5575553774833679,0.0244565997272729,0.4179880023002624,0.5330987777560949,1,0.5330987777560949
1949100030547825765,77,2,0.33,0.33,0.34,0.0,2,0.0
1949273548948059931,432,7,0.8148684203624725,0.0126286778443803,0.1725028806055585,0.8022397425180922,6,4.813438455108553
1949275039578706257,329,2,0.7222385853528976,0.0212966946419328,0.2564647542312741,0.7009418907109648,2,1.4018837814219296
1949281056911041457,211,2,0.8840170303980509,0.0181686459109187,0.0978143128256003,0.8658483844871322,3,2.5975451534613967
1949384946573549358,384,11,0.8036100675378527,0.0548578666782538,0.1415320723530437,0.7487522008595988,14,10.482530812034383
1949549041320068143,535,1,0.7711644619703293,0.0927939912362489,0.1360415645176544,0.6783704707340803,8,5.426963765872642
1949635137907388903,381,6,0.6874896980383817,0.2226438507273355,0.08986643660704,0.4648458473110461,17,7.902379404287785
1949955570626970494,835,0,0.6734213953216871,0.0523033384233713,0.2742752768099308,0.6211180568983158,3,1.8633541706949472
1950316324652953524,140,5,0.5290410077571869,0.117369389757514,0.3535896111776431,0.4116716179996729,6,2.4700297079980373
1950316555170625154,441,21,0.8800371707479159,0.0498602379815808,0.0701025824326401,0.8301769327663351,24,19.92424638639204
1950332709180093546,842,53,0.2714795962643499,0.4223816481989342,0.3061387591746946,-0.1509020519345843,24,-3.621649246430025
1950543208647989717,1129,48,0.1960646412440616,0.3540648404087709,0.4498705102892025,-0.1580001991647093,23,-3.6340045807883135
1950553514614881119,199,0,0.6581769066055616,0.1089924168948912,0.2328306906504763,0.5491844897106704,9,4.942660407396033
1950797011461975697,321,0,0.5812504929304123,0.0900745921931229,0.3286749346088618,0.4911759007372893,4,1.9647036029491571
1950908972090761591,415,4,0.939967584284869,0.0228989994415844,0.037133410833776,0.9170685848432848,22,20.175508866552263
1951001368707634399,239,0,0.6781226230561733,0.1138423541453667,0.208035029515624,0.5642802689108066,20,11.285605378216133
1951005292317858536,1249,0,0.785315544334325,0.0542439686943014,0.1604404945383695,0.7310715756400235,22,16.083574664080516
1951005522266186898,749,4,0.5013640677928924,0.1523779392925401,0.3462579722702503,0.3489861285003523,3,1.046958385501057
1951027542412729480,1986,31,0.2054730759561062,0.3646654251040044,0.4298615022206848,-0.1591923491478982,22,-3.502231681253761
1951067497806759446,139,0,0.979496975739797,0.004934564543267,0.0155684559916456,0.97456241119653,3,2.9236872335895896
1951183221614416210,26,0,0.1158831939101219,0.2170911878347396,0.667025625705719,-0.1012079939246177,1,-0.1012079939246177
1951223501989883188,387,0,0.7573343372344971,0.1138774005758265,0.128788253031671,0.6434569366586705,3,1.9303708099760115
1951548040365818481,289,4,0.9327181379000344,0.0082415886378536,0.0590402853364745,0.9244765492621808,6,5.5468592955730855
1951621703861092013,462,0,0.9268296910415996,0.026151266940446,0.047019037340175,0.9006784241011535,22,19.81492533022538
1951755433682523043,329,4,0.8849390503019094,0.0103528350358828,0.1047081357333809,0.8745862152660265,10,8.745862152660266
1952357304301234928,237,8,0.9001109246909618,0.0286818720020043,0.071207200687689,0.8714290526889575,24,20.91429726453498
1952453795992810518,2019,17,0.2052574800653383,0.4935059971890101,0.3012365185158948,-0.2882485171236719,24,-6.917964410968125
1952477058350992063,373,13,0.8233774146636327,0.0564158652704209,0.1202067121031383,0.7669615493932118,15,11.504423240898175
1952594988328515107,72,0,0.7154927104711533,0.0541114212634662,0.2303958761816223,0.661381289207687,3,1.984143867623061
1952663633431425122,248,0,0.3528628825768828,0.0736743484678057,0.5734627862429867,0.2791885341090771,24,6.7005248186178505
1953036047807386516,476,3,0.8925474683443705,0.0057728161724905,0.1016797025998433,0.88677465217188,3,2.66032395651564
1953135839979776785,1714,0,0.9019095100056042,0.0372202669371935,0.0608702308041128,0.8646892430684106,22,19.023163347505037
1953154944420903517,255,10,0.6176167759299278,0.2258876942176945,0.1564955280434626,0.3917290817122333,13,5.092478062259033
1953353311076125157,450,1,0.6531615340709687,0.1678788538184017,0.1789596277102828,0.4852826802525669,2,0.970565360505134
1953487619167202023,133,2,0.8018679213523865,0.0911261383257806,0.1070059377606958,0.7107417830266058,4,2.8429671321064234
1953825869248325197,182,1,0.126964658498764,0.0838970318436622,0.7891383171081543,0.0430676266551017,1,0.0430676266551017
1953915922466412238,161,10,0.6525254874570029,0.1449585871318621,0.2025159215527985,0.5075669003251407,14,7.10593660455197
1953949049531230825,409,6,0.7634037415559094,0.0713292530470062,0.1652669973935311,0.6920744885089031,24,16.609787724213675
1954084781050637367,609,2,0.9397317351897556,0.0187172073024945,0.0415510539570823,0.9210145278872612,24,22.104348669294268
1954271537940313498,220,38,0.8752547048032284,0.0108718137489631,0.1138734876876697,0.8643828910542652,20,17.287657821085304
1955137226137745149,87,0,0.6546474182605744,0.1680819652602076,0.1772706011123955,0.4865654530003667,2,0.9731309060007334
1955201472564173972,287,7,0.8016326045617461,0.0199357871315442,0.1784316056873649,0.7816968174302019,8,6.253574539441615
1955283729241001132,641,0,0.770716754719615,0.0238213292323052,0.2054618904367089,0.7468954254873097,8,5.9751634038984776
1955986203473137407,140,1,0.9303374687830608,0.012459870117406,0.0572026707231998,0.9178775986656548,3,2.753632795996964
1956082659436275475,331,26,0.8592590150378999,0.0231375430289301,0.1176034396159507,0.8361214720089698,21,17.558550912188366
1956150972887892182,769,14,0.7738290276025471,0.0792138229310512,0.1469571490252488,0.6946152046714958,19,13.19768888875842
1956155915406470249,312,0,0.5720120940208435,0.0793536831010133,0.3486342370808125,0.4926584109198302,10,4.926584109198302
1956284518186850193,521,2,0.9083691196782248,0.0112313619437849,0.0803995110715429,0.8971377577344399,21,18.83989291242324
1956619527085182057,101,2,0.8662442266941071,0.0252709593623876,0.1084848288446664,0.8409732673317194,2,1.6819465346634388
1956857394394880619,131,3,0.7900198802351952,0.0768771673552692,0.1331029536202549,0.7131427128799259,5,3.56571356439963
1957129050272346719,73,1,0.654553838968277,0.1689950464852154,0.1764511131495237,0.4855587924830615,2,0.9711175849661232
1957300132265580056,217,1,0.9771834164857864,0.0067993541597388,0.0160172318962092,0.9703840623260476,24,23.28921749582514
1957376160501758035,181,8,0.2320219906916221,0.0894025270376975,0.6785754881302516,0.1426194636539245,24,3.422867127694189
1957406899415847723,198,18,0.8467569191889329,0.0667222221775657,0.0865208645706827,0.7800346970113672,22,17.160763334250078
1957467326014209993,91,1,0.173949733376503,0.0976826176047325,0.7283676266670227,0.0762671157717704,1,0.0762671157717704
1957495026549225596,133,1,0.759531622727712,0.1139114439859986,0.1265569416681925,0.6456201787417134,3,1.93686053622514
1957585514320206785,870,11,0.8406938618669907,0.028450096870074,0.1308560250326991,0.8122437649969166,24,19.493850359926
1957643083543666765,181,1,0.8168567737936974,0.0620191049145069,0.1211241248715669,0.7548376688791905,8,6.038701351033524
1958235024886590957,1090,0,0.3104903169331096,0.0652296183675172,0.6242800536787226,0.2452606985655923,21,5.15047466987744
1958250425817601667,1912,16,0.8201446419085064,0.0692398752598092,0.110615493619504,0.7509047666486973,24,18.021714399568737
1958252902737157601,559,0,0.8322351659461855,0.041451061781651,0.126313770506531,0.7907841041645346,24,18.97881849994883
1958291788909769730,93,0,0.4344914858043194,0.1127439052611589,0.4527646443247795,0.3217475805431604,4,1.2869903221726418
1958340624182478247,152,2,0.1722088232636451,0.0601937696337699,0.7675973773002625,0.1120150536298751,2,0.2240301072597503
1958424694315491951,613,0,0.9580058579643568,0.0117607913465083,0.0302333457705875,0.9462450666178484,24,22.70988159882836
1958927141829353727,1719,3,0.9214071372151376,0.0334423123699768,0.0451505457873766,0.8879648248451607,24,21.311155796283856
1958980152562496215,115,1,0.2280710190534591,0.1538775116205215,0.6180514097213745,0.0741935074329376,1,0.0741935074329376
1959154452174893113,578,7,0.9126483436141696,0.0100296521670229,0.0773219898609178,0.9026186914471466,21,18.95499252039008
1959406634996357960,203,2,0.6096260780049488,0.2070996872564622,0.1832742410541201,0.4025263907484865,24,9.660633377963675
1959570623585067600,373,7,0.8900025200564414,0.0128045979363378,0.0971928720246069,0.8771979221201036,16,14.035166753921658
1959751712852207089,592,1,0.8226287007533634,0.0606047798033493,0.1167665284072669,0.7620239209500141,24,18.28857410280034
1960075423112322646,284,10,0.8992917065186934,0.0360398451433601,0.0646684179217978,0.8632518613753333,11,9.495770475128666
1960412444471948543,314,12,0.7173047617307076,0.0602354445580679,0.2224597880874688,0.6570693171726396,13,8.541901123244315
1960424578552933682,169,7,0.8682563522126939,0.0421672270343535,0.0895764203907715,0.8260891251783404,9,7.434802126605064
1960550010647196855,804,4,0.9243322014808656,0.0055868736933916,0.0700809163972735,0.9187453277874738,5,4.593726638937369
1960975902296795664,68,0,0.9798406958580016,0.0042185885831713,0.0159407798200845,0.9756221072748305,1,0.9756221072748305
1961197213640186929,403,12,0.7959174654881159,0.0876145590065668,0.1164679603713254,0.7083029064815491,12,8.49963487777859
1961214512174630607,324,0,0.9481826424598694,0.0059365294873714,0.0458808504045009,0.942246112972498,1,0.942246112972498
1961391766290467688,336,0,0.647510590950648,0.1421594673177848,0.2103299373077849,0.5053511236328632,6,3.032106741797179
1961413183354684515,124,7,0.804207868874073,0.0080167197622358,0.1877754287794232,0.7961911491118372,5,3.9809557455591857
1961899641080189910,84,6,0.9735584855079652,0.0071725568601063,0.0192689556362373,0.9663859286478588,7,6.764701500535011
1962382370262801992,436,0,0.8719626357005192,0.033465000759237,0.0945723549792399,0.8384976349412822,13,10.900469254236668
1962516957592872013,1319,19,0.8472128144900003,0.0257293938841515,0.1270577979025741,0.8214834206058489,24,19.71560209454037
1962530974437140693,84,0,0.603800163269043,0.147528155837208,0.2486716832220554,0.4562720074318349,3,1.3688160222955048
1962667635455969780,350,11,0.8254343804258567,0.0170144673186139,0.1575511460407422,0.8084199131072427,13,10.509458870394155
1963004971038579148,425,10,0.7267680097222329,0.0742499083131551,0.1989820801950991,0.6525181014090776,10,6.525181014090776
1963138623962128707,131,2,0.647781320810318,0.1703276161197573,0.1818910372257232,0.4774537046905607,4,1.9098148187622428
1963351271540958309,213,9,0.9114964448809624,0.0276248872126452,0.0608786600949242,0.8838715576683172,20,17.677431153366342
1963417772642002226,806,0,0.8988523458441099,0.0330535600078292,0.0680940984942329,0.8657987858362807,24,20.77917086007073
1963535513189196505,392,2,0.8742159903825572,0.0482517836305002,0.0775322157423943,0.8259642067520568,24,19.823140962049365
1963540815989351029,1636,17,0.6524976009937624,0.0831407652360697,0.2643616437818855,0.5693568357576927,24,13.664564058184624
1963550327076718880,1102,18,0.8557738635316491,0.0590451859690559,0.0851809498590106,0.7967286775625931,24,19.12148826150224
1963576288259007811,360,3,0.7083468379577001,0.0918961717017615,0.1997569958896686,0.6164506662559385,12,7.397407995071262
1963744763955214736,179,35,0.8529810736204188,0.0389489026018418,0.1080700362535814,0.8140321710185768,24,19.536772104445845
1964560096218567096,118,1,0.6919759766260783,0.1133214551707108,0.1947025750329097,0.5786545214553674,3,1.7359635643661022
1964667214598732315,266,0,0.8690453398227692,0.0600439150848736,0.0709107538623114,0.8090014247378955,6,4.854008548427373
1964808192723879277,179,2,0.2367689684033393,0.0784181617200374,0.6848129332065582,0.1583508066833019,2,0.3167016133666038
1964827041867902360,158,0,0.8024487388134003,0.0868255814816802,0.1107256908807903,0.71562315733172,4,2.86249262932688
1965271344406821491,305,1,0.2443232964724302,0.0593808479607105,0.6962958574295044,0.1849424485117197,2,0.3698848970234394
1965381409385527843,338,3,0.9487118571996688,0.0056053535954561,0.0456827995367348,0.9431065036042128,4,3.772426014416851
1965454311842161771,106,4,0.7827947735786438,0.0274785223882645,0.1897267089225351,0.7553162511903793,4,3.021265004761517
1965970493393022182,146,2,0.4575024589896202,0.0549778581596911,0.4875196859240532,0.4025246008299291,5,2.0126230041496456
1966557515950065806,184,2,0.5187014546245337,0.1642935038544237,0.3170050345361233,0.3544079507701099,2,0.7088159015402198
1966838888661408178,385,19,0.8601599801214119,0.0616599816993173,0.0781800276590021,0.7984999984220945,19,15.171499970019797
1966904414057661364,634,16,0.8699626618375381,0.0100924188639813,0.1199449310079217,0.8598702429735567,24,20.63688583136536
1967037351448375758,678,3,0.806537766456604,0.0854958711820654,0.1079663848876953,0.7210418952745385,4,2.884167581098154
1967537505349022406,384,15,0.8709940158379704,0.0445477468241006,0.084458238502082,0.82644626901387,19,15.70247911126353
1967674123912759732,1321,0,0.8170415996963327,0.0256078715074214,0.1573505289920351,0.7914337281889113,22,17.41154202015605
1967692270922378397,307,5,0.8306007415598089,0.0653287398239428,0.1040705116736618,0.7652720017358661,11,8.417992019094527
1967999577048452999,777,21,0.8940783868665281,0.0082457648873653,0.0976758418483254,0.8858326219791628,23,20.374150305520743
1968392967907515066,1177,7,0.950125984274424,0.0076354688320022,0.0422385406250563,0.9424905154424218,26,24.504753401502967
1968417708849820201,138,1,0.9735011458396912,0.0068542482331395,0.0196445938199758,0.9666468976065516,1,0.9666468976065516
1968449082763886919,209,0,0.5294449753761292,0.1662654278501868,0.3042896047830582,0.3631795475259423,5,1.815897737629712
1968555518134146742,725,0,0.8864506185054779,0.0106221593450754,0.1029272689484059,0.8758284591604024,2,1.7516569183208048
1968993096876347047,634,3,0.9693470001220704,0.0065802689641714,0.0240727178752422,0.9627667311578988,1,0.9627667311578988
1969075449250617223,347,0,0.9018604514809946,0.0416020841124312,0.0565374578970174,0.8602583673685634,24,20.64620081684552
1969868757569774692,407,6,0.7272598052566702,0.0709364962319589,0.2018037182702259,0.6563233090247113,11,7.219556399271823
1970105052693752666,116,0,0.5582514557242394,0.1680090187458942,0.2737395176912348,0.3902424369783451,6,2.3414546218700707
1970174947247922140,233,1,0.8462421927452087,0.0706784763224423,0.0830793282315135,0.7755637164227664,5,3.877818582113832
1970898393410561402,177,0,0.5085762511892244,0.2932925992948003,0.1981311482936144,0.2152836518944241,8,1.7222692151553929
1971208203904933783,461,20,0.9262869601899928,0.0139480711447752,0.0597649651833555,0.9123388890452176,22,20.071455558994785
1971210626911940670,511,12,0.7433721890300512,0.0445983221808758,0.2120294936203087,0.6987738668491753,24,16.77057280438021
1971307867160727025,1357,13,0.7245381280508908,0.0604584120556881,0.2150034543584016,0.6640797159952027,22,14.60975375189446
1971376477517755263,1137,7,0.7369692691280083,0.1400138894451612,0.1230168248746882,0.5969553796828471,11,6.5665091765113175
1971790271016726712,18,0,0.33,0.33,0.34,0.0,1,0.0
1971968209775175033,264,9,0.6820220686329735,0.0873158391296035,0.230662105327679,0.59470622950337,9,5.35235606553033
1972262740177381772,385,0,0.8451703462600708,0.0705424881391227,0.0842871725857258,0.774627858120948,5,3.873139290604741
1972610720022731842,690,19,0.8304964096347491,0.0771577883263429,0.0923458014845493,0.7533386213084062,21,15.82011104747653
1972952878129714289,1208,33,0.2960603563246938,0.3544325551615717,0.3495071071013808,-0.0583721988368779,24,-1.4009327720850706
1972961552782662640,1770,17,0.5341062510920608,0.1321155266581184,0.3337782209236984,0.4019907244339423,23,9.245786661980674
1973355450128864954,227,5,0.7229474499041126,0.1357439084772375,0.1413086308751787,0.587203541426875,21,12.331274369964376
1973363402822766852,480,3,0.5013836733500163,0.2263392637918393,0.2722770547866821,0.275044409558177,3,0.825133228674531
1973390768719908771,384,13,0.8346311017183157,0.0608095761918677,0.1045593104482843,0.7738215255264479,13,10.059679831843823
1974014044743271652,389,4,0.173949733376503,0.0976826176047325,0.7283676266670227,0.0762671157717704,1,0.0762671157717704
1974105164715236352,341,20,0.7852667939256538,0.0444520564527589,0.1702811558392237,0.7408147374728948,22,16.297924224403687
1974111548788113101,227,20,0.8732548066431826,0.0557910542105409,0.070954143633558,0.8174637524326417,22,17.984202553518116
1974370903995216227,453,1,0.9020034984025088,0.0370417428346858,0.0609547570906579,0.864961755567823,22,19.029158622492105
1974727704570141676,95,4,0.5849105935096741,0.2008221881017088,0.214267212241888,0.3840884054079652,5,1.920442027039826
1974864239977930993,97,6,0.9690015514691672,0.0058069115815063,0.0251915138214826,0.9631946398876609,3,2.8895839196629822
1974889602120884050,744,0,0.8970268182456493,0.026519094981874,0.0764540918171405,0.8705077232637753,24,20.892185358330607
1974916628908852232,150,8,0.6142487243882248,0.0383888366299548,0.3473624359550221,0.5758598877582699,7,4.031019214307889
1974929361068884426,2011,75,0.2377331226939956,0.4486620194575794,0.3136048638465858,-0.2109288967635837,21,-4.429506832035258
1974961342429102835,1690,4,0.8937127541253963,0.0556036135208948,0.0506836396199651,0.8381091406045016,24,20.11461937450804
1974966582178544366,484,0,0.7856204107652108,0.0823340475215809,0.1320455426396802,0.7032863632436298,24,16.878872717847116
1974991035557800418,1036,6,0.9193919572376068,0.0359574615041769,0.0446505773333566,0.88343449573343,21,18.55212441040203
1975548722450035239,568,1,0.6085245311260223,0.0746222059242427,0.3168532829731703,0.5339023252017796,2,1.0678046504035592
1975605437081633971,470,21,0.9225063809752464,0.0325916529823249,0.0449019764130935,0.8899147279929215,24,21.357953471830115
1975751782680411944,1842,19,0.1367945617766064,0.451356207167401,0.4118492472171783,-0.3145616453907945,17,-5.347547971643508
1976111373263840018,231,15,0.9489687927391218,0.0101534918497276,0.0408777241878535,0.9388153008893942,23,21.592751920456067
1976309388354009455,1669,1,0.9338633027672768,0.0238643691475347,0.0422723338380456,0.909998933619742,24,21.839974406873807
1977009543275683478,220,8,0.7382692063649495,0.154801854999115,0.1069289360282321,0.5834673513658345,15,8.752010270487517
1977013531397851675,1660,2,0.8354637065529823,0.0549606129484406,0.1095756893946478,0.7805030936045417,24,18.732074246509
1977030405593146577,573,0,0.9488141130484068,0.0182702137361495,0.0329156640902734,0.9305438993122572,26,24.194141382118687
1977178339181548198,642,6,0.7412978705515464,0.0768214203875201,0.1818806948000565,0.6644764501640262,24,15.94743480393663
1977184839715817638,258,2,0.33,0.33,0.34,0.0,1,0.0
1977291635763082100,902,13,0.9714075301004492,0.0072569766527284,0.0213354969316202,0.9641505534477208,23,22.17546272929758
1977731077322974145,1743,11,0.8600634532389434,0.0515685972247434,0.0883679421262248,0.8084948560141999,23,18.5953816883266
1977737397585317252,793,11,0.9532489622556246,0.0181126541321953,0.0286383914030515,0.9351363081234292,26,24.31354401120916
1977860153789309596,325,4,0.716636796746403,0.1616316255265847,0.1217315873429179,0.5550051712198183,10,5.550051712198183
1977865520267343576,456,0,0.33,0.33,0.34,0.0,1,0.0
1977971123136098107,264,4,0.9128439873456956,0.008974591968581,0.078181407880038,0.9038693953771144,4,3.6154775815084577
1978044497694642361,1251,17,0.3539258938298925,0.348191295798625,0.2978828190267086,0.0057345980312675,23,0.131895754719153
1978213042336334925,328,4,0.925532923653012,0.0223267005299705,0.0521403611930353,0.9032062231230416,21,18.967330685583875
1978277074150019946,191,0,0.9678971359604284,0.0090839168436727,0.0230189705953786,0.9588132191167557,19,18.21745116321836
1978362693299501315,794,9,0.2398941078782081,0.2108566062152385,0.54924924492836,0.0290375016629695,2,0.0580750033259391
1978459729386711636,224,17,0.9377339340069076,0.0084902701412581,0.0537758020853454,0.9292436638656496,22,20.44336060504429
1978529910260970654,52,1,0.6554649621248245,0.0705501981428824,0.273984816391021,0.5849147639819421,2,1.1698295279638842
1978664556370356293,399,2,0.0517283491790294,0.0340162441134452,0.914255440235138,0.0177121050655841,1,0.0177121050655841
1978782164713255969,215,0,0.6466622505187989,0.1018845232209811,0.2514532278900345,0.5447777272978177,15,8.171665909467265
1979008310183154615,110,0,0.9800806045532228,0.0022564155515283,0.0176629312336444,0.9778241890016944,1,0.9778241890016944
1979009301625099584,312,0,0.4583195652280535,0.2610881000091987,0.2805923440094505,0.1972314652188548,7,1.3806202565319836
1979957893177707773,279,22,0.8204954444903593,0.0274826069781556,0.1520219400510765,0.7930128375122037,26,20.618333775317296
1980108181388492514,263,5,0.8334469795227051,0.0127714974805712,0.153781546652317,0.8206754820421338,5,4.103377410210669
1980191561216097577,247,10,0.8727063510034766,0.015794390479901,0.1114992664328643,0.8569119605235755,14,11.996767447330058
1980215347382659690,1601,0,0.9704579472541808,0.0083269957453012,0.0212150791659951,0.9621309515088796,5,4.810654757544398
1980391631303538808,404,18,0.9450947599609693,0.0197075764316832,0.0351976608376329,0.925387183529286,24,22.209292404702865
1981277768437269107,284,0,0.4878828981642922,0.1257040537451394,0.3864130453548084,0.3621788444191527,24,8.692292266059667
1981734008627025760,101,1,0.9250952005386353,0.0187803395092487,0.0561244711279869,0.9063148610293864,1,0.9063148610293864
1981810440590895072,206,0,0.882126645081573,0.019124460277251,0.0987488917178577,0.863002184804322,9,7.767019663238898
1981986460941627948,189,1,0.3834659680724144,0.0641582679003477,0.5523757576942444,0.3193077001720666,5,1.5965385008603334
1982028900370179985,444,23,0.8644291540980339,0.0200204156059771,0.1155504227802157,0.8444087384920568,25,21.110218462301415
1982281720867958108,395,17,0.582334609044095,0.1726878695593525,0.2449775252382581,0.4096467394847423,24,9.831521747633817
1982307966103210718,1323,10,0.8108487069358428,0.0543079012814754,0.1348433859134093,0.7565408056543674,24,18.15697933570482
1983184463417637769,443,13,0.8073295518068166,0.0603296782599332,0.1323407788703648,0.7469998735468835,13,9.710998356109483
1983299668306982677,221,10,0.6979318665266037,0.0428155747633427,0.2592525550313294,0.6551162917632609,10,6.55116291763261
1983307646637077480,424,6,0.7372655498236418,0.0626640238822437,0.2000704485876485,0.674601525941398,8,5.396812207531184
1983536632044925267,404,10,0.7080358744209463,0.1258290230415084,0.1661351050775159,0.5822068513794378,11,6.404275365173817
1983727539500468535,207,16,0.1720784074919564,0.12113322516105,0.7067883818490165,0.0509451823309063,7,0.3566162763163447
1983844832916808578,632,1,0.6999866178035736,0.1093231936693191,0.1906901842430234,0.5906634241342544,10,5.9066342413425446
1983984614986725331,19,0,0.1850327905019124,0.2472620513041814,0.5677051234245301,-0.0622292608022689,3,-0.1866877824068069
1984310761740047265,583,0,0.9213353792826334,0.0118878300612171,0.0667767617851495,0.9094475492214164,3,2.728342647664249
1984397962865167819,328,18,0.6523041477086752,0.1216579344492081,0.2260379173460862,0.5306462132594669,23,12.20486290496774
1984401000942077414,288,3,0.6359682247973979,0.1583602033555507,0.2056715697050094,0.4776080214418471,10,4.776080214418471
1984491280910212738,167,2,0.9690970806848436,0.0089613206329799,0.0219416046692501,0.9601357600518636,21,20.16285096108913
1984578166204003461,559,19,0.7762263466182509,0.0484396554083612,0.1753340156317541,0.7277866912098896,19,13.827947132987902
1985039894053785687,446,13,0.5576827864646912,0.20778103952948,0.2345361807346344,0.3499017469352111,10,3.499017469352111
1985228307482215960,587,2,0.93533330441763,0.0414777277619577,0.0231889578669021,0.8938555766556723,24,21.45253383973613
1985302603596266761,287,0,0.7501052652512278,0.0657027995639613,0.1841919202836496,0.6844024656872664,7,4.790817259810865
1985890120076549103,1663,3,0.9295625693599382,0.0223279814592873,0.0481094541866332,0.907234587900651,24,21.773630109615624
1986537661262876032,192,7,0.7558529249259404,0.0147350357978471,0.2294120171240397,0.7411178891280932,7,5.1878252238966525
1986556623595202943,849,0,0.9192825346253812,0.0304398121273455,0.0502776458937053,0.8888427224980356,24,21.332225339952856
1986574113557536588,514,2,0.5148703595250845,0.174614708503553,0.3105149361429115,0.3402556510215315,24,8.166135624516755
1986667243270011679,173,0,0.95310953590605,0.0106307205407776,0.0362597512236485,0.9424788153652722,18,16.9646186765749
1986934558085131795,378,2,0.561014240582784,0.1311889886607726,0.3077967974543572,0.4298252519220114,6,2.5789515115320683
1987042961690909097,88,4,0.6577810356020928,0.1662945877970196,0.1759243779396638,0.4914864478050731,8,3.931891582440585
1987393493995122381,231,0,0.9770866473515828,0.0070214794793476,0.0158918668826421,0.9700651678722352,30,29.101955036167052
1987395731648051192,984,18,0.9006909521775587,0.0317032483070423,0.067605805860034,0.8689877038705163,28,24.331655708374456
1987611665172261498,327,2,0.6667477357983589,0.0721184655874967,0.2611337842717767,0.5946292702108622,5,2.973146351054311
1987856133192336523,183,5,0.7952173411846161,0.0424584136344492,0.1623242249712348,0.7527589275501668,5,3.763794637750834
1987881519503693907,3257,0,0.8290656044162237,0.0444680437692799,0.1264663591665717,0.7845975606469437,26,20.399536576820537
1987901075897746369,668,1,0.9395785182714462,0.0091713117823625,0.051250176038593,0.9304072064890836,24,22.329772955738008
1988000006486803562,1756,0,0.8946500416902394,0.0446094705977548,0.0607404743421536,0.8500405710924847,26,22.1010548484046
1988052198157006510,278,0,0.4472968289256096,0.214861196661368,0.3378419802337885,0.2324356322642415,4,0.9297425290569664
1988062317569705446,239,0,0.5390172905921936,0.1547947428822517,0.3061879568397999,0.3842225477099418,10,3.842225477099418
1988660763062201960,281,0,0.5547407368818918,0.18512357181559,0.2601356928547223,0.3696171650663018,3,1.1088514951989057
1988690810358963862,176,2,0.7960606118043264,0.0152028583041909,0.1887365104630589,0.7808577535001354,9,7.027719781501219
1988909828860292668,211,1,0.8567798066139222,0.0603815161033223,0.0828386829483012,0.7963982905105998,6,4.778389743063599
1989352598012017010,156,2,0.8073491793870926,0.0861165259371046,0.1065343079762533,0.721232653449988,8,5.769861227599904
1989478067722963063,405,11,0.6443492019405732,0.0304846158967568,0.3251661664018264,0.6138645860438163,13,7.9802396185696125
1989487223830461937,95,0,0.7589600936571758,0.1152627376280725,0.1257771828398108,0.6436973560291032,3,1.9310920680873096
1989607458359882593,807,0,0.8704073151946069,0.0465342666142775,0.0830584292020648,0.8238730485803293,24,19.772953165927905
1989621673051247891,297,8,0.8618189858065711,0.0132135287341144,0.1249675005674362,0.8486054570724567,9,7.63744911365211
1989763003663771158,253,0,0.7865721607208253,0.0592481225755597,0.1541797286112393,0.7273240381452654,7,5.091268267016858
1990068423140467974,417,11,0.7273264804565245,0.0811204743204224,0.191553045184248,0.646206006136102,18,11.631708110449836
1990194024786792438,384,1,0.5468199634552002,0.1763646304234862,0.276815405189991,0.3704553330317139,2,0.7409106660634279
1990802225476611139,192,0,0.5166895314625332,0.2346946774290076,0.2486157947672265,0.2819948540335255,7,1.9739639782346785
1990868233688061080,96,5,0.8761880336488996,0.0520903192620192,0.0717216540074774,0.8240977143868804,7,5.768684000708163
1990926552010970859,25,1,0.9747567176818848,0.00461339764297,0.0206299498677253,0.9701433200389148,1,0.9701433200389148
1991008798680220775,865,10,0.952386512134386,0.0186497996852773,0.0289636768222503,0.9337367124491088,23,21.475944386329505
1991887952682454684,28,0,0.1061259731650352,0.0242641475051641,0.8696098327636719,0.0818618256598711,1,0.0818618256598711
1991937910659837309,359,20,0.963226097325484,0.0096924553799908,0.0270814360119402,0.9535336419454932,24,22.884807406691834
1991966587988590984,215,1,0.8824419007982527,0.0416429408639669,0.0759151514859071,0.8407989599342857,14,11.77118543908
1992238953450040202,2580,0,0.886604773104191,0.0493922295188531,0.0640029898099601,0.8372125435853377,24,20.093101046048105
1992320964993823752,86,0,0.6912684468428294,0.1501931923627853,0.1585383618809283,0.541075254480044,6,3.2464515268802643
1992381252073862707,394,22,0.9421080412964026,0.0090865112530688,0.0488054561040674,0.9330215300433338,24,22.39251672104001
1992406730515942683,25,0,0.9837722182273864,0.0044109965674579,0.0118168340995907,0.9793612216599286,1,0.9793612216599286
1993087845707103048,466,0,0.8048918813777467,0.0883515873380626,0.1067565255022297,0.716540294039684,24,17.196967056952417
1993752865650644252,569,0,0.9660952041546504,0.0082909629466788,0.0256138323068929,0.9578042412079716,24,22.98730178899132
1993824479465305439,122,1,0.5537074208259583,0.0099452417343854,0.4363473057746887,0.5437621790915728,1,0.5437621790915728
1994214219210589372,672,2,0.7440411001443863,0.0351633217651397,0.2207955787889659,0.7088777783792466,8,5.671022227033973
1994388408780454371,182,1,0.9630225002765656,0.0062170366290956,0.0307604949921369,0.95680546364747,2,1.91361092729494
1994435133217717443,327,18,0.8218308693102814,0.0752904322176155,0.10287869842977,0.7465404370926659,22,16.42388961603865
1994674292171888496,803,7,0.7370810319359103,0.0551458517244706,0.2077731111009294,0.6819351802114397,24,16.366444325074553
1994944282104243022,174,1,0.896509552368751,0.0325297937814432,0.0709606435694373,0.8639797585873077,13,11.231736861635
1995122587688118057,18,2,0.9481055438518524,0.0093269441276788,0.0425675250589847,0.9387785997241735,2,1.877557199448347
1995179038808736941,564,1,0.8472101683461147,0.0744389498885721,0.0783508764911928,0.7727712184575427,23,17.77373802452348
1995255585152379531,1785,1,0.8876356180508931,0.0485742626870827,0.0637901073197523,0.8390613553638104,24,20.13747252873145
1995352237091486631,67,2,0.9624946117401124,0.0069891882594674,0.0305162002332508,0.9555054234806448,2,1.9110108469612896
1995898517991521813,114,0,0.715738439001143,0.0863830845337361,0.1978784906677901,0.6293553544674069,4,2.5174214178696275
1996553378550043731,182,1,0.6526546882770279,0.0984805979647419,0.2488647164251994,0.5541740903122858,11,6.095914993435144
1996577593339581129,31,1,0.9505020976066588,0.0065926252864301,0.0429052673280239,0.9439094723202288,1,0.9439094723202288
1996952778781568234,57,0,0.713968813419342,0.0046540116891264,0.2813771665096283,0.7093148017302155,1,0.7093148017302155
1997025324570900464,276,1,0.94720508903265,0.0087900487706065,0.0440048603340983,0.9384150402620436,16,15.014640644192696
1997108043335502570,580,3,0.6649679895490408,0.0359451653202995,0.2990868727210909,0.6290228242287412,4,2.516091296914965
1997420770616586930,170,1,0.8541145433698382,0.0696552966481873,0.0762301470765045,0.7844592467216509,7,5.491214727051556
1997547895103989505,545,4,0.8606514469658335,0.0463137796164179,0.0930347835846866,0.8143376673494155,24,19.54410401638597
1998055102715295803,32,2,0.9448441863059998,0.0092957767192274,0.0458600558340549,0.9355484095867724,2,1.8710968191735449
1998169383281092768,410,0,0.33,0.33,0.34,0.0,1,0.0
1999098780581900483,406,3,0.7552449812207903,0.0554875263871092,0.189267522942807,0.699757454833681,7,4.898302183835767
1999210019253483021,268,4,0.7261523050069809,0.094208551493939,0.179639127375558,0.6319437535130419,4,2.5277750140521675
1999233742288652416,133,8,0.4609056583046913,0.1013670113368425,0.4377273179311305,0.3595386469678487,8,2.87630917574279
1999378818172048544,281,0,0.9413364082574844,0.0068478371831588,0.0518157416954636,0.9344885710743256,8,7.475908568594605
1999435265172687942,36,3,0.9740695357322692,0.0063335698408385,0.0195968747138977,0.9677359658914308,3,2.9032078976742923
1999445570309497068,449,0,0.9449737543861072,0.0110205168311949,0.0440057258044059,0.933953237554912,24,22.41487770131789
1999531705208643007,1595,13,0.7375340097684127,0.0742434551466543,0.1882225328282668,0.6632905546217583,13,8.622777210082859
1999576961302691493,2010,5,0.6424154597148299,0.0951069900191699,0.2624775565524275,0.5473084696956599,24,13.13540327269584
1999655638392686767,634,21,0.873692258568037,0.0249966273736208,0.1013111290592877,0.8486956311944163,21,17.82260825508274
2000044362377178699,662,1,0.9438059628009796,0.0123850042000412,0.0438090655952692,0.9314209586009384,2,1.8628419172018769
2000061015198460249,950,5,0.5829568218439818,0.0657375699374824,0.3513056074269116,0.5172192519064993,10,5.172192519064993
2000158866909890694,27,1,0.9811153411865234,0.006092763505876,0.0127919102087616,0.9750225776806474,1,0.9750225776806474
2000178730522006746,649,8,0.8234068921208382,0.0502095957542769,0.1263835039176047,0.7731972963665612,8,6.18557837093249
2000260407402689833,26,2,0.9247747361660004,0.0071672685444355,0.0680579780600965,0.9176074676215648,2,1.8352149352431295
2000416153243050106,870,16,0.914464922149976,0.0325409603087852,0.0529941176576539,0.8819239618411908,24,21.16617508418858
2000761779186347639,249,1,0.9711555043856304,0.004529921648403,0.0243145724137624,0.9666255827372272,3,2.899876748211682
2000898103772664294,313,15,0.897815485421349,0.0443719375434824,0.057812575569705,0.8534435478778666,17,14.508540313923731
2001017541778469513,421,0,0.33,0.33,0.34,0.0,1,0.0
2001089209289824725,211,2,0.5541164229313532,0.0234520106265942,0.4224316229422887,0.530664412304759,3,1.591993236914277
2001141155449937623,636,0,0.7739112234301865,0.0803818894526921,0.1457068957512577,0.6935293339774944,24,16.644704015459865
2001696291247109169,585,12,0.832487628320232,0.0552006016130326,0.1123117832653224,0.7772870267071994,16,12.43659242731519
2001743149308257357,137,1,0.5824525444582105,0.110651900973171,0.3068955471180379,0.4718006434850395,4,1.887202573940158
2001878538269406227,114,2,0.9842963218688964,0.0024292703019455,0.0132744312286376,0.981867051566951,2,1.963734103133902
2001909949765789032,2003,1,0.8811180862411856,0.0250261193401335,0.093855785910661,0.8560919669010522,24,20.54620720562525
2001981602292323416,97,1,0.9815266728401184,0.0053472933359444,0.0131260445341467,0.976179379504174,1,0.976179379504174
2002464182083014908,482,15,0.8725400765736898,0.0468755114357918,0.0805843968565265,0.8256645651378979,15,12.384968477068467
2002896320486098426,188,0,0.9460112204154332,0.0113407200939642,0.0426480708799014,0.9346705003214688,12,11.216046003857628
2002983204362301437,85,0,0.5481411069631577,0.27492661238648,0.1769322613254189,0.2732144945766777,2,0.5464289891533554
2003228306434029298,26,0,0.9869731068611144,0.0035367970122024,0.0094900811091065,0.983436309848912,2,1.966872619697824
2003252583779838476,257,1,0.8224919843673706,0.082782074881431,0.0947259327454062,0.7397099094859396,13,9.616228823317217
2003651735188636892,19,0,0.9834144711494446,0.0059512830339372,0.0106341978535056,0.9774631881155074,1,0.9774631881155074
2003790633860731930,757,0,0.8359119079663203,0.0431954005066878,0.1208926996402442,0.7927165074596325,26,20.610629193950444
2003796653686301566,370,7,0.7962102658654514,0.040751799046503,0.163037944389017,0.7554584668189483,19,14.353710869560018
2004107726086659812,419,15,0.9375426183640956,0.0268942352948943,0.0355631428631022,0.9106483830692014,16,14.570374129107222
2005206068065481041,104,7,0.1664817423994342,0.080472096564869,0.7530461660027504,0.0860096458345651,24,2.064231500029564
2005367961751111081,1852,0,0.8201913635681072,0.0327984824512774,0.1470101541746407,0.7873928811168298,24,18.89742914680392
2005501909078854001,452,11,0.8221982725066218,0.0639947515167296,0.1138069643351164,0.7582035209898922,22,16.680477461777627
2005522405444242380,434,20,0.8847315363656906,0.0515382817917547,0.063730187336249,0.8331932545739359,21,17.497058346052654
2005529111254498721,435,0,0.2345055350661277,0.1721134907193482,0.5933810007572174,0.0623920443467795,2,0.1247840886935591
2005807861855667343,117,0,0.8728672192777907,0.0332292296171986,0.093903515631599,0.839637989660592,14,11.754931855248287
2006009014198089271,286,8,0.6863776715472341,0.0199250097211916,0.293697330285795,0.6664526618260425,8,5.33162129460834
2006075035933872007,1150,11,0.8364279035727183,0.0475287202120913,0.116043375468192,0.7888991833606269,24,18.93358040065505
2006354270630513239,29,0,0.33,0.33,0.34,0.0,1,0.0
2007180826434272177,303,16,0.8774007461865743,0.0498642517154415,0.0727350194826722,0.8275364944711328,15,12.413047417066991
2007265448210595612,66,3,0.169168150027593,0.1480161665380001,0.6828156797091166,0.0211519834895928,3,0.0634559504687786
2007313720372746462,215,1,0.9721664786338806,0.0047079836949706,0.0231255646795034,0.96745849493891,1,0.96745849493891
2007808610202359806,154,0,0.6533180260658265,0.1673713081609457,0.1793106832355261,0.4859467179048806,4,1.9437868716195223
2007938512285781341,156,1,0.1336593180894851,0.0887834653258323,0.7775571942329407,0.0448758527636528,1,0.0448758527636528
2008055422863565749,184,10,0.7653242215514183,0.0178024803521111,0.2168732937425375,0.7475217411993071,10,7.475217411993071
2008147753561447648,560,2,0.9442805995543798,0.0087096059481458,0.0470097856984163,0.935570993606234,24,22.45370384654961
2008618543674994178,394,0,0.9711342056592306,0.0082409140401675,0.0206248769730639,0.962893291619063,24,23.109438998857517
2008762232612581491,404,14,0.5711416640328734,0.0620406569236595,0.3668176653432218,0.5091010071092138,19,9.672919135075064
2008991290381687802,1607,1,0.7960214580053632,0.0541308763420039,0.1498476671766151,0.7418905816633593,22,16.321592796593904
2009196216300022804,204,0,0.8387310402393341,0.0563907832996919,0.1048781723864376,0.7823402569396422,10,7.823402569396421
2009198804948803644,96,2,0.456628897190094,0.1692460514232516,0.3741250467300415,0.2873828457668423,2,0.5747656915336847
2009572645477248465,324,12,0.7769698705456474,0.0420798002039505,0.1809503372724761,0.7348900703416968,11,8.083790773758665
2009767943017464177,911,0,0.9566474245942156,0.0071629299073601,0.0361896577169713,0.9494844946868556,23,21.83814337779768
2009954143640655229,632,3,0.7347461869716645,0.1073643274381756,0.1578894729241728,0.6273818595334888,10,6.273818595334888
2010124467933780206,1748,11,0.7817333518217007,0.0753494903076595,0.1429171543878813,0.7063838615140412,24,16.95321267633699
2010343965207643208,164,1,0.9116662442684174,0.0057219417067244,0.0826118448749184,0.9059443025616928,2,1.8118886051233856
2010611286135808462,1162,8,0.7940858094181333,0.0625929435542119,0.1433212755327778,0.7314928658639214,14,10.2409001220949
2010763588009277674,217,0,0.7857280626893044,0.0066914009861648,0.2075805436819791,0.7790366617031396,5,3.8951833085156977
2010881209555879132,162,0,0.6692881137132645,0.0081765089416876,0.3225353639572859,0.6611116047715768,2,1.3222232095431536
2011059303051284354,2012,1,0.861304711314539,0.0254891881358344,0.1132060925460731,0.8358155231787047,24,20.059572556288916
2011186476804589959,722,4,0.7106279525756836,0.0715417497642338,0.2178303266242146,0.6390862028114498,5,3.195431014057249
2011420021105637429,341,11,0.8600078504426139,0.0554439857761774,0.0845481482813401,0.8045638646664364,14,11.26389410533011
2011811220918801989,1772,2,0.7106053609400987,0.0831318634824128,0.206262771692127,0.6274734974576859,24,15.05936393898446
2011904309159432734,76,0,0.7414675354957581,0.0113219125196337,0.2472105771303177,0.7301456229761243,1,0.7301456229761243
2011938188139759919,18,0,0.2639608040452003,0.1618787726387381,0.574160423874855,0.1020820314064621,5,0.510410157032311
2012488111313656878,167,0,0.978538542985916,0.0048663651105016,0.0165951144881546,0.9736721778754144,2,1.947344355750829
2012600893857564378,41,1,0.9837243556976318,0.0022402007598429,0.0140354400500655,0.9814841549377888,1,0.9814841549377888
2012683360727588489,739,5,0.7162163281440735,0.0535594896040856,0.2302241775287049,0.6626568385399878,7,4.638597869779915
2013062961187550022,311,0,0.6366570973396302,0.1683236716408282,0.1950192508101463,0.4683334256988019,2,0.9366668513976038
2013244010106998147,1889,0,0.8174258888168976,0.0837934260908514,0.0987806758685753,0.7336324627260462,26,19.074444030877203
2013359093233801050,417,3,0.6868909564614296,0.0878086947591509,0.2253003679588437,0.5990822617022786,4,2.3963290468091145
2013366352803162306,89,0,0.383467564980189,0.0140167808470626,0.6025156304240227,0.3694507841331263,3,1.108352352399379
2013612264669790293,1316,17,0.8503739809741576,0.0345052413533752,0.1151207853558783,0.8158687396207824,24,19.58084975089878
2013833377161027412,110,8,0.614001255646348,0.207866950077936,0.1781318146251142,0.4061343055684119,10,4.06134305568412
2014305896009556257,280,2,0.4986851894855499,0.1694955895282328,0.3318192046880722,0.3291895999573171,2,0.6583791999146342
2014660177994872987,14,1,0.9636275172233582,0.0093585215508937,0.0270139444619417,0.9542689956724644,1,0.9542689956724644
2015136423211998857,331,0,0.8653257848156823,0.0618240891754006,0.0728501241074668,0.8035016956402816,18,14.46303052152507
2015486045335999805,1229,0,0.974832012103154,0.0070244219879476,0.0181435557762877,0.9678075901152065,26,25.162997342995368
2016319177958100667,292,3,0.7871684357523918,0.0358482703799381,0.1769832981750369,0.7513201653724536,5,3.756600826862268
2016804894517759630,231,5,0.9088713704455984,0.0364035914414985,0.0547250345146114,0.8724677790040997,11,9.597145569045097
2016906624417376765,47,1,0.9470388889312744,0.0040356651879847,0.0489254705607891,0.9430032237432896,1,0.9430032237432896
2017081923800943398,744,0,0.906838560005029,0.0345073337992653,0.0586541101732291,0.8723312262057638,24,20.93594942893833
2017364521072637075,443,0,0.7787957325577736,0.0390203568153083,0.182183919288218,0.7397753757424652,5,3.6988768787123263
2017604043481549792,124,0,0.8106310260295868,0.0862067555822432,0.1031622295640409,0.7244242704473436,4,2.8976970817893744
2017898380450010292,578,0,0.500215693176724,0.2371180441925147,0.2626662676075162,0.2630976489842093,24,6.314343575621024
2018115113172617749,77,4,0.3264268720149994,0.1889024879410863,0.4846706372499466,0.1375243840739131,4,0.5500975362956524
2018271993924823095,384,5,0.902358639770084,0.0412259975158506,0.0564153640593091,0.8611326422542334,9,7.7501937802881
2018543522537496908,1025,17,0.9536907853682836,0.0190103628234161,0.0272988559119403,0.9346804225448674,24,22.432330141076815
2018825309639262896,205,4,0.8054457058509191,0.0172871188648665,0.1772671911555031,0.7881585869860525,6,4.728951521916315
2018886173468041657,182,5,0.9087786749818108,0.0238505480565469,0.0673707733845169,0.8849281269252639,22,19.46841879235581
2019000460878380427,115,1,0.7019883251190185,0.1210342347373565,0.1769774146874746,0.580954090381662,3,1.7428622711449862
2019187088196744578,366,13,0.9262995137770972,0.0313260141736827,0.042374466752323,0.8949734996034143,12,10.739681995240971
2019326389951186985,39,1,0.9848026633262634,0.0037394757382571,0.0114578856155276,0.9810631875880064,1,0.9810631875880064
2019327288251853499,314,0,0.917372775511308,0.0356544311386956,0.0469727621295235,0.8817183443726125,11,9.698901788098738
2019471550399672887,576,14,0.8754496749242147,0.0419302627066564,0.0826200519046849,0.8335194122175582,18,15.003349419916049
2019682756304373234,256,3,0.6318875634670258,0.169697916097939,0.198414536267519,0.4621896473690867,2,0.9243792947381736
2019782449182947611,154,0,0.7342092328721826,0.1001247610532763,0.1656660106676546,0.6340844718189064,11,6.97492919000797
2020229203266893944,102,7,0.8482342045647757,0.0540217636711895,0.0977440092127238,0.7942124408935862,7,5.559487086255103
2020282107440667597,1071,28,0.6936229808239833,0.0556056894588729,0.2507713290692672,0.6380172913651103,23,14.674397701397538
2020398198945808441,19,1,0.33,0.33,0.34,0.0,1,0.0
2020436674279680272,159,6,0.9568668603897096,0.0101571058388799,0.0329760160297155,0.9467097545508296,5,4.733548772754148
2020569967807860287,471,5,0.870671499237418,0.0310758228842169,0.0982526745721697,0.8395956763532013,20,16.791913527064025
2020624998637890296,249,15,0.8969009674730755,0.012124485458203,0.0909745454610813,0.8847764820148725,21,18.58030612231232
2020690621156654710,26,2,0.6514922463893891,0.1695209396630525,0.1789868167415261,0.4819713067263365,2,0.963942613452673
2020974785319770303,42,2,0.3439900670051575,0.0963982850164175,0.5596116535663604,0.2475917819887399,5,1.2379589099436998
2021204670390864005,20,2,0.6555167222023011,0.168400701796636,0.176082562264055,0.487116020405665,2,0.97423204081133
2021390752862183974,64,0,0.6339672589302063,0.1688632117211818,0.1971694976836443,0.4651040472090244,2,0.9302080944180487
2021820614982441254,310,16,0.4261275334904591,0.0950382800016086,0.478834193230917,0.3310892534888505,24,7.946142083732411
2021935221797931285,120,0,0.7039207763671875,0.1386439894028008,0.1574352430775761,0.5652767869643867,5,2.826383934821933
2022035566142244158,50,1,0.9555341899394988,0.0067493353271856,0.0377164855599403,0.9487848546123132,2,1.8975697092246264
2022093523092069359,1195,0,0.9044785779714584,0.0247147082281298,0.0708067233658706,0.8797638697433285,24,21.114332873839885
2022243582581969454,143,3,0.5407825024922689,0.2218927059136331,0.2373247756063938,0.3188897965786357,3,0.9566693897359072
2022547254644255384,101,1,0.9730319778124492,0.0045017964051415,0.022466257524987,0.9685301814073076,3,2.9055905442219228
2022796989721495989,160,1,0.4059080471905569,0.3397242122717823,0.254367740964517,0.0661838349187746,12,0.794206019025296
2022959281644606307,1008,3,0.7657343759256251,0.1080912769114708,0.1261743508608026,0.6576430990141543,17,11.179932683240622
2023140664665000785,61,2,0.2849315162499746,0.1402385004858176,0.5748300043741862,0.1446930157641569,3,0.4340790472924709
2023512550969064696,192,8,0.7678375678592259,0.0806472388241026,0.1515151951793167,0.6871903290351232,9,6.184712961316109
2023669626931707591,169,16,0.88381329814593,0.0367393346518899,0.0794473618082702,0.8470739634940401,24,20.32977512385696
2023892279227446827,189,6,0.8542864012718201,0.0419537572503428,0.103759840821678,0.8123326440214772,11,8.93565908423625
2024241775439077694,392,13,0.8679356362138476,0.0122733576156731,0.1197910110599228,0.8556622785981745,14,11.979271900374442
2024501028052924668,343,7,0.861708482950926,0.0479280800504299,0.0903634322062134,0.8137804029004959,24,19.5307296696119
2024911200919361564,52,2,0.8796393573284149,0.0034876170102506,0.1168730640783906,0.8761517403181642,2,1.7523034806363285
2025012932087049385,114,5,0.975504736105601,0.0060185242521887,0.0184767550478378,0.9694862118534124,6,5.816917271120474
2025160277323758030,162,0,0.634230475872755,0.0333288352703675,0.3324406859464943,0.6009016406023875,4,2.40360656240955
2025334486606201557,564,0,0.5050397634506225,0.0530880968552082,0.4418721554800868,0.4519516665954143,10,4.519516665954143
2025715527314781978,237,0,0.33,0.33,0.34,0.0,1,0.0
2025959565016036426,127,5,0.6577111471870116,0.1647951792420021,0.1774936794915369,0.4929159679450094,7,3.4504117756150663
2026082491391142285,22,0,0.9606338143348694,0.006842537317425,0.0325236432254314,0.9537912770174444,1,0.9537912770174444
2026557046790526951,1240,2,0.4642075554529826,0.1356838275430103,0.4001086242993673,0.3285237279099722,3,0.9855711837299168
2026961258504008359,69,0,0.1484503895044326,0.0994618684053421,0.7520877718925476,0.0489885210990905,1,0.0489885210990905
2027171554437305946,80,6,0.717745504464422,0.0619878099260053,0.2202666825162513,0.6557576945384166,7,4.590303861768916
2027463697526746901,107,4,0.4366320790350437,0.2038194741681218,0.3595484405104071,0.2328126048669219,4,0.9312504194676876
2027771681468449475,1433,0,0.9134418382247288,0.0351527623653722,0.051405398400966,0.8782890758593567,24,21.07893782062456
2027785797977231395,21,2,0.7443579435348511,0.0084187712054699,0.2472233083099126,0.7359391723293811,2,1.4718783446587622
2028041344093571398,1068,3,0.8917057471275329,0.0393438404758926,0.0689504209589213,0.8523619066516404,20,17.047238133032806
2028242465802294572,266,3,0.8360769757926464,0.0419655106305144,0.1219575030412525,0.7941114651621319,20,15.88222930324264
2028435009765001236,625,4,0.8585698639005421,0.0541608078950084,0.0872693257946521,0.8044090560055338,20,16.088181120110676
2028941418110955938,532,1,0.6632736737281084,0.0700671837164554,0.2666591495694592,0.5932064900116529,8,4.745651920093224
2029160883942751027,618,0,0.8766447902470826,0.0232162699460362,0.1001389429888998,0.8534285203010464,24,20.482284487225115
2029798698858364619,222,3,0.9444772452116011,0.0102251071075443,0.0452976402593776,0.9342521381040568,8,7.474017104832455
2030066515521094158,502,18,0.8763757712311215,0.0085870569778813,0.1150371762406494,0.8677887142532401,18,15.620196856558325
2030268344137091446,23,1,0.9395951628684998,0.0094465352594852,0.0509583055973053,0.9301486276090144,1,0.9301486276090144
2030834730836024927,30,2,0.7050198769569397,0.1291371627151966,0.1658429367343585,0.5758827142417431,3,1.7276481427252293
2031652737179029432,655,2,0.656591215133667,0.1667689883243292,0.176639760453254,0.4898222268093377,2,0.9796444536186756
2032796295886132279,206,0,0.9788690209388732,0.0025249514728784,0.0186060294508934,0.9763440694659948,1,0.9763440694659948
2032871040464835391,289,0,0.4996283601088958,0.1090334623171524,0.3913381763886322,0.3905948977917433,11,4.296543875709176
2033113806654072997,253,6,0.5557087458372116,0.1980418030107394,0.2462494547143578,0.3576669428264722,10,3.5766694282647222
2033304992140838188,202,0,0.7474888022740682,0.1127058647635082,0.139805313249429,0.6347829375105599,3,1.90434881253168
2033521071441612328,198,0,0.97614985704422,0.0064733424223959,0.0173767767846584,0.969676514621824,1,0.969676514621824
2033662418514053663,94,0,0.6088706701993942,0.0059008100070059,0.3852285603061318,0.6029698601923883,2,1.2059397203847766
2033712832746844408,1159,0,0.9410613524286372,0.0113979734382347,0.0475406871961527,0.9296633789904024,19,17.663604200817645
2034031614875707505,90,3,0.3588889141877492,0.0470983640601237,0.594012717405955,0.3117905501276254,3,0.9353716503828764
2034300442281562586,80,3,0.945339560508728,0.0044493018649518,0.0502111301757395,0.9408902586437762,2,1.8817805172875524
2034327436795099248,15,1,0.9643890261650084,0.0069981035776436,0.0286127869039773,0.9573909225873648,1,0.9573909225873648
2035311381464596030,676,1,0.7386969923973083,0.0610689111053943,0.2002341151237487,0.677628081291914,1,0.677628081291914
2035433245734429572,302,0,0.9726732969284058,0.0031479180324822,0.0241788141429424,0.9695253788959236,1,0.9695253788959236
2035881927025697933,703,2,0.33,0.33,0.34,0.0,2,0.0
2038677348290770711,435,0,0.808883048593998,0.0124310064129531,0.1786859165877103,0.7964520421810448,4,3.1858081687241797
2038812733864075560,32,0,0.9755951166152954,0.0064642187207937,0.0179406497627496,0.9691308978945016,1,0.9691308978945016
2039010952872372980,163,3,0.8874503483091082,0.0506004785812859,0.0619491615678582,0.8368498697278223,7,5.857949088094756
2039605930490111628,253,1,0.5368091560964999,0.1671760518492564,0.2960148008410698,0.3696331042472435,23,8.5015613976866
2042692943592314864,102,6,0.7914876474652972,0.0978174284220274,0.1106949379827295,0.6936702190432698,7,4.855691533302888
