post_id,likes,comment_likes_sum,sentiment_positive,sentiment_negative,sentiment_neutral,avg_comment_sentiment,num_comments,sentiment_weighted_engagement
648666020229291857,80,0,0.2212750022775597,0.13825856531659764,0.6404664282666312,0.08301643696096209,18,1.4942958652973175
650621903649775301,70,0,0.18250280787547432,0.1620284261306127,0.6554687833786011,0.020474381744861603,12,0.24569258093833923
697757907640524549,72,0,0.16161387069867209,0.13317506244549385,0.7052110685751989,0.02843880825317823,13,0.369704507291317
782364788211719622,90,0,0.33,0.33,0.34,0.0,0,0.0
956942449660595568,34,0,0.33,0.33,0.34,0.0,0,0.0
970274811593035557,57,0,0.7414189279079437,0.057702003978192806,0.20087906469901404,0.6837169239297509,3,2.0511507717892528
1001399460116499932,54,1,0.7058827877044678,0.057448994213094316,0.23666822724044323,0.6484337934913734,3,1.9453013804741204
1018908836400078258,51,0,0.1364110022996153,0.14524668414677894,0.7183423018455505,-0.00883568184716361,14,-0.12369954586029054
1027363714543849211,67,0,0.33,0.33,0.34,0.0,0,0.0
1028438503605790555,349,0,0.5754303637271126,0.2330404846385742,0.19152915912369886,0.3423898790885384,6,2.0543392745312303
1066297649684145742,400,0,0.4320319785177708,0.11416447687894106,0.4538035356005033,0.3178675016388297,3,0.9536025049164891
1091486379590319243,61,0,0.6391344619790713,0.06359022187069059,0.2972753346214692,0.5755442401083807,6,3.4532654406502843
1116603045095083820,45,0,0.22608672082424164,0.04515508934855461,0.7287582159042358,0.18093163147568703,1,0.18093163147568703
1116754340949295087,151,0,0.8415350930690766,0.04315310094226152,0.11531181579083205,0.798381992126815,10,7.98381992126815
1130785539713263474,413,0,0.7265945598483086,0.016863090185714618,0.25654235428997446,0.7097314696625939,7,4.968120287638158
1139450984022965804,97,0,0.33,0.33,0.34,0.0,0,0.0
1146019945738528633,423,0,0.6046350540518761,0.07264078836143018,0.32272415386140346,0.5319942656904459,10,5.319942656904459
1157364216052260501,458,0,0.33,0.33,0.34,0.0,0,0.0
1158995721195298525,501,0,0.979964405298233,0.004672410897910595,0.015363164246082306,0.9752919944003224,2,1.9505839888006449
1172148572263670995,383,0,0.6324775243798891,0.26661239253977936,0.10091007004181544,0.3658651318401098,3,1.0975953955203295
1175182506684098174,56,0,0.33,0.33,0.34,0.0,0,0.0
1186453400387616727,143,0,0.6425805572668711,0.1686765360273421,0.18874291338026525,0.47390402123952907,6,2.8434241274371743
1200436594258509726,93,0,0.33,0.33,0.34,0.0,1,0.0
1203767404635819804,70,0,0.33,0.33,0.34,0.0,0,0.0
1204265236341918721,72,0,0.9649234414100647,0.005822265986353159,0.029254326596856117,0.9591011754237115,1,0.9591011754237115
1206028048399535811,104,0,0.8102356386184693,0.08604736496228725,0.10371701213531197,0.724188273656182,4,2.896753094624728
1208240608821578925,118,0,0.33,0.33,0.34,0.0,0,0.0
1212750265486924672,147,0,0.7609016950925191,0.1144186997304981,0.12467959372947614,0.646482995362021,6,3.878897972172126
1227661244946390910,460,0,0.9810547998973301,0.005116106044234974,0.013829100344862257,0.9759386938530952,7,6.831570856971666
1228311132017204418,375,0,0.9708084464073181,0.004588034353218973,0.02460348606109619,0.9662204120540991,2,1.9324408241081983
1230106744281477947,384,0,0.33,0.33,0.34,0.0,0,0.0
1233990109389589918,54,0,0.9180396199226379,0.005498252343386412,0.07646215707063675,0.9125413675792515,1,0.9125413675792515
1234863730754012206,29,0,0.9609277248382568,0.010792573913931847,0.02827971614897251,0.950135150924325,1,0.950135150924325
1235719385748554909,40,0,0.9738020300865173,0.00829262100160122,0.017905399203300476,0.9655094090849161,1,0.9655094090849161
1236644832234470590,117,0,0.7569448333150811,0.07970573379761643,0.16334942274623448,0.6772390995174646,9,6.095151895657182
1240679301869422370,43,0,0.7192175090312958,0.08351018838584423,0.1972722802311182,0.6357073206454515,2,1.271414641290903
1245075245532698914,67,0,0.33,0.33,0.34,0.0,0,0.0
1247521416356250925,86,0,0.9750867784023285,0.00418874598108232,0.020724522415548563,0.9708980324212462,2,1.9417960648424923
1250236335768331821,310,0,0.7256208807229996,0.032537903636693954,0.24184119421988726,0.6930829770863056,2,1.3861659541726112
1251286576870105930,723,0,0.7840502497243383,0.038881421551729245,0.17706832201064873,0.7451688281726092,24,17.88405187614262
1254404539508002334,153,0,0.33,0.33,0.34,0.0,0,0.0
1254737561200734401,376,0,0.9066844383875529,0.004853537306189537,0.08846199947098891,0.9018309010813633,3,2.70549270324409
1254904892612321439,838,0,0.8143599101617222,0.031856373747189845,0.15378372061465467,0.7825035364145324,21,16.43257426470518
1255436980641799765,470,0,0.9698799252510071,0.006741351273376495,0.023378726793453097,0.9631385739776306,4,3.8525542959105223
1256757746101601356,241,0,0.8514638265967369,0.0530211295170011,0.09551504995441065,0.7984426970797358,16,12.775083153275773
1259841922212251527,351,0,0.7659403403103351,0.02650975491929179,0.2075499212431411,0.7394305853910433,24,17.74633404938504
1260301796096296444,363,0,0.7705779314041138,0.05475021619349718,0.17467183843255044,0.7158277152106166,5,3.579138576053083
1267540959061297048,282,0,0.33,0.33,0.34,0.0,0,0.0
1269692098380777442,389,0,0.9872803837060928,0.0037159568164497614,0.009003676939755678,0.9835644268896431,4,3.9342577075585723
1272655730590317687,68,0,0.5028270445764065,0.34858294765581377,0.1485899966210127,0.1542440969205927,4,0.6169763876823708
1275621784520705589,326,0,0.7656655311584473,0.009209373500198126,0.22512505389750004,0.7564561576582491,2,1.5129123153164983
1275971174641739527,98,0,0.8561846613883972,0.015951072797179222,0.12786424160003662,0.840233588591218,1,0.840233588591218
1278458621257794562,451,0,0.9038269417285919,0.03728697057068348,0.058886084254831085,0.8665399711579085,10,8.665399711579084
1278721367997643800,369,0,0.7742176298052073,0.03206068152212538,0.1937216849764809,0.7421569482830819,16,11.87451117252931
1279876603107549014,72,0,0.8894044458866119,0.01384651951957494,0.09674905240535736,0.875557926367037,2,1.751115852734074
1280037696408862984,408,0,0.33,0.33,0.34,0.0,0,0.0
1282228079682756751,401,0,0.8757323901293178,0.05098871778735581,0.07327888584540536,0.824743672341962,24,19.79384813620709
1282290868807878094,153,0,0.5399767072995504,0.2214919105063503,0.23853136997049054,0.3184847967932001,6,1.9109087807592005
1283641318614785923,358,0,0.33,0.33,0.34,0.0,0,0.0
1283952970240960048,195,0,0.8238630280229781,0.04353430043699013,0.13260267128133113,0.7803287275859879,9,7.022958548273891
1287158133910974301,85,0,0.873076781630516,0.021987374522723258,0.10493580158799887,0.8510894071077928,4,3.404357628431171
1288645676280147562,281,0,0.6857001160581907,0.032242904184386134,0.2820569525162379,0.6534572118738046,6,3.920743271242827
1290435366637888861,875,0,0.9102446185424924,0.008406101920021078,0.08134927511370431,0.9018385166224713,24,21.64412439893931
1290673929933086064,502,0,0.7480394158305393,0.11811043388055016,0.1338501571574145,0.6299289819499891,18,11.338721675099805
1290720096872086511,124,0,0.8206670475006104,0.08593894137768075,0.09339402340352536,0.7347281061229296,4,2.9389124244917184
1290727122415733606,87,0,0.33,0.33,0.34,0.0,0,0.0
1291736773764214750,238,0,0.46223220974206924,0.03513403222896159,0.5026337437331676,0.42709817751310764,5,2.1354908875655383
1294320821955035623,423,0,0.7023885298520327,0.09821509476751089,0.19939636376996836,0.6041734350845218,15,9.062601526267827
1297779648415741533,249,0,0.6304291213452816,0.08743246761709453,0.2821383991787831,0.5429966537281871,15,8.144949805922806
1298205290503712888,533,0,0.8334806859493256,0.04501485608828564,0.12150445866088072,0.78846582986104,15,11.826987447915599
1302023772769748657,973,0,0.8999280185699463,0.02998231934507688,0.07008965146789949,0.8699456992248694,15,13.049185488373041
1302611594014106075,133,0,0.9698563814163208,0.008212332613766193,0.021931318566203117,0.9616440488025546,1,0.9616440488025546
1311872670698129041,538,0,0.3175530486057202,0.4536051603903373,0.2288418021798134,-0.1360521117846171,6,-0.8163126707077026
1312774480670369021,172,0,0.7556257256323641,0.04232751018621705,0.2020467726479877,0.713298215446147,11,7.846280369907618
1313087516350255126,183,0,0.8069999610260129,0.03182653321244289,0.16117351270280778,0.77517342781357,16,12.40277484501712
1314337895934745987,120,0,0.9762110710144043,0.003951903432607651,0.019836988300085068,0.9722591675817966,1,0.9722591675817966
1314347994628173722,156,0,0.5792612489064535,0.11497160525992513,0.3057671546811859,0.4642896436465283,3,1.392868930939585
1315321858606581142,135,0,0.7206289160251618,0.1297946271672845,0.14957647322211415,0.5908342888578773,8,4.726674310863018
1316134763627461242,154,0,0.8080093026161194,0.026432923460379242,0.16555777993053197,0.7815763791557402,5,3.9078818957787007
1318031917941826332,358,0,0.33,0.33,0.34,0.0,0,0.0
1318848341254052785,238,0,0.33,0.33,0.34,0.0,0,0.0
1323767604024695379,988,0,0.8326596500476201,0.027827478457087034,0.1395128604940449,0.8048321715905331,24,19.315972118172795
1323878588889554975,93,0,0.450973279128472,0.13601761696860196,0.41300911088784537,0.3149556621598701,3,0.9448669864796102
1331258696440821690,592,0,0.9692572504281998,0.005238488723989576,0.02550422796048224,0.9640187617042102,4,3.8560750468168408
1333420618628267464,126,0,0.8650488650798798,0.04959376900456846,0.0853573691751808,0.8154550960753113,8,6.52364076860249
1333598421927760960,215,0,0.836007641851902,0.046724758276250215,0.11726761634461583,0.7892828835756518,8,6.314263068605214
1334968071169210212,136,0,0.8347965469583869,0.012922576221171767,0.1522808689624071,0.8218739707372151,8,6.574991765897721
1337062765231367230,350,0,0.738974079489708,0.030055205896496774,0.2309707034379244,0.7089188735932112,5,3.544594367966056
1337123230426738151,135,0,0.8415391770998637,0.05924930057488382,0.09921154227107765,0.7822898765249798,6,4.693739259149879
1344044306227204248,921,0,0.7442019307799637,0.056125450090427575,0.19967260763359565,0.6880764806895362,24,16.513835536548868
1345416135172019534,204,4,0.8105162637574332,0.014897472956883056,0.17458626494875976,0.7956187908005502,7,5.569331535603851
1345944777815895847,775,0,0.9311844110488892,0.009968803217634558,0.058846793975681065,0.9212156078312546,10,9.212156078312546
1348384071986695557,954,0,0.8604592954119047,0.029754943049435194,0.10978575547536214,0.8307043523624694,24,19.936904456699267
1349718091563507017,813,0,0.33,0.33,0.34,0.0,0,0.0
1350349159563344661,124,0,0.7975004723999235,0.06686504290025268,0.1356344874161813,0.7306354294996709,18,13.151437730994076
1351570880962070035,720,0,0.8030133170173281,0.0360545605230367,0.1609321291673751,0.7669587564942915,21,16.10613388638012
1354943470712575140,802,0,0.7642238329545311,0.045580162538782415,0.19019600422324046,0.7186436704157487,23,16.52880441956222
1356090494988225545,181,0,0.7400957391478798,0.10383577257564122,0.15606850711459463,0.6362599665722386,11,6.998859632294625
1356101435057805988,550,0,0.33,0.33,0.34,0.0,0,0.0
1359283484506242716,980,0,0.7264270625295847,0.08708331452885076,0.1864896179103981,0.6393437480007339,23,14.70490620401688
1360432617426461655,273,3,0.9014115134874979,0.007971857105278306,0.09061663308077389,0.8934396563822197,9,8.040956907439977
1361428569515776509,1044,0,0.73061527342846,0.024098630257261295,0.2452861056663096,0.7065166431711987,24,16.956399436108768
1363252200298281435,210,0,0.33,0.33,0.34,0.0,0,0.0
1364316361367481417,1029,0,0.8228409275536736,0.0233735906239599,0.15378547223750502,0.7994673369297137,24,19.18721608631313
1364361421983158733,299,0,0.8010971507761213,0.05993764208577987,0.138965217706023,0.7411595086903415,18,13.340871156426147
1365561391914609850,260,0,0.33,0.33,0.34,0.0,0,0.0
1368820514827467289,195,0,0.33,0.33,0.34,0.0,1,0.0
1369276748206170866,18,0,0.33,0.33,0.34,0.0,0,0.0
1369965365110803110,87,0,0.33,0.33,0.34,0.0,0,0.0
1370332709797551735,200,0,0.537401981651783,0.027598168468102813,0.43499985337257385,0.5098038131836802,2,1.0196076263673604
1370386625502265471,176,0,0.33,0.33,0.34,0.0,0,0.0
1371245727326359777,284,0,0.7606352418661118,0.03657575237697789,0.20278900941567762,0.7240594894891339,7,5.068416426423937
1372032121317948078,374,6,0.8171300888061523,0.011698505817912519,0.17117137601599097,0.8054315829882398,10,8.054315829882398
1373470200359616586,45,0,0.33,0.33,0.34,0.0,0,0.0
1375049237259937002,91,0,0.5658180490136147,0.04808388161472976,0.3860980118624866,0.5177341673988849,2,1.0354683347977698
1376106555313106323,122,0,0.788666158914566,0.026269746051790815,0.18506410950794816,0.7623964128627753,6,4.574378477176651
1376337033266354562,306,0,0.6220293776988983,0.051681848095729954,0.32628877145797014,0.5703475296031684,10,5.703475296031684
1377099187150069400,139,0,0.33,0.33,0.34,0.0,0,0.0
1379056100523817347,110,0,0.21260842211544514,0.2708854963630438,0.5165060740709305,-0.05827707424759865,4,-0.2331082969903946
1379278850085498258,320,0,0.8621771306792895,0.05061505718467136,0.08720780848835906,0.8115620734946182,24,19.477489763870835
1381875760705293053,334,0,0.7564550428881365,0.03755681864095523,0.20598813180099515,0.7188982242471812,17,12.221269812202081
1383036465852584319,724,0,0.7228737790137529,0.1601873016704551,0.11693892746486446,0.5626864773432978,11,6.189551250776276
1384173567554173596,274,0,0.6418165236711502,0.09655163679271936,0.261631827428937,0.5452648868784309,5,2.726324434392154
1385585162167089900,27,0,0.33,0.33,0.34,0.0,0,0.0
1386459573728957102,892,0,0.831307830005884,0.028897524341940883,0.13979464919120071,0.8024103056639433,20,16.048206113278866
1388968291221778729,824,0,0.8707327887726327,0.012208433618070558,0.11705876879083614,0.8585243551545622,24,20.60458452370949
1389053869090171353,274,8,0.7926288267970085,0.050935631026513876,0.15643553344532848,0.7416931957704946,8,5.933545566163957
1391401815254063707,268,0,0.7878678573880877,0.09991827787964472,0.11221386137285404,0.6879495795084429,7,4.815647056559101
1393249918860481602,75,0,0.8902251323064169,0.02215978487705191,0.0876151043921709,0.8680653474293649,3,2.6041960422880948
1393968174638121781,674,2,0.8376923149282282,0.014373398703438315,0.1479342766529457,0.8233189162247899,22,18.113016156945378
1394052207016242639,828,0,0.8889631070941686,0.022420541186196113,0.08861636006273328,0.8665425659079725,24,20.79702158179134
1394122106946252329,207,0,0.6373620309432347,0.06422199753889193,0.2984159752819687,0.5731400334043428,6,3.438840200426057
1395252685825745364,670,0,0.6023136138916015,0.01066583264619112,0.3870205443352461,0.5916477812454104,5,2.958238906227052
1395806449430440345,52,0,0.3799238704144955,0.13548476154974196,0.4845913743367419,0.2444391088647535,16,3.911025741836056
1398418204590468857,923,3,0.7234564058762043,0.06521777044865303,0.2113258302041019,0.6582386354275513,24,15.797727250261232
1399352025037116075,145,0,0.8431303330262502,0.06426151677655677,0.09260814980914196,0.7788688162496934,6,4.673212897498161
1399633410263435165,131,0,0.33,0.33,0.34,0.0,0,0.0
1403287643039309232,255,0,0.7507837812105814,0.015246434680496653,0.23396977099279562,0.7355373465300848,3,2.2066120395902544
1403772046395886124,263,0,0.7734575479680842,0.09484761741774327,0.13169483709064397,0.6786099305503409,11,7.46470923605375
1405179694227373025,75,0,0.8372826251983643,0.06965688716992736,0.09306050597876311,0.7676257380284369,5,3.8381286901421845
1405648982604877385,936,14,0.7576465121563524,0.09136405750527048,0.1509894366733109,0.6662824546510819,24,15.990778911625966
1406211509134876943,433,8,0.9564678706228733,0.008270183592685498,0.03526193043217063,0.9481976870301878,16,15.171162992483005
1406688574052626718,115,0,0.899015220105648,0.04534657321870327,0.05563820789800957,0.8536686468869448,8,6.829349175095558
1410993446098078110,324,4,0.955195352435112,0.0073146766517311335,0.037489954847842455,0.9478806757833809,4,3.7915227031335235
1411793622621408952,91,3,0.5525103605985642,0.22896055385284128,0.21852910617738966,0.32354980674572287,5,1.6177490337286144
1412599920439817827,863,45,0.8232606793017615,0.07041286469082393,0.10632645894551562,0.7528478146109375,21,15.809804106829688
1412794178144781655,275,0,0.6801704716682434,0.04629801075802081,0.27353151558174027,0.6338724609102226,9,5.704852148192003
1414079957118720519,210,0,0.9819104472796122,0.004765845679988463,0.013323681894689798,0.9771446015996238,3,2.9314338047988713
1414726326711875453,351,6,0.9524422721429304,0.005497815256769007,0.042059900747104126,0.9469444568861615,11,10.416389025747776
1414945166912917515,64,16,0.7375198194526491,0.07124259537108066,0.19123758646792602,0.6662772240815684,21,13.991821705712937
1415081321604913627,824,8,0.8185128241280714,0.024980822322734946,0.15650634184945375,0.7935320018053366,24,19.044768043328077
1415478692641862442,383,7,0.9046947726836572,0.014176766889599653,0.08112845806261668,0.8905180057940575,13,11.576734075322747
1415996493580281426,159,0,0.23176365435123444,0.17150002341717482,0.5967362952232361,0.06026363093405962,2,0.12052726186811924
1416098377426714837,133,0,0.6482620504684746,0.009159539418760687,0.3425784183200449,0.6391025110497139,8,5.1128200883977115
1416372620861667412,891,18,0.7951304659495751,0.04640569010477824,0.15846384977611402,0.7487247758447969,24,17.969394620275125
1417056495501116314,92,0,0.33,0.33,0.34,0.0,0,0.0
1418300233858704414,262,0,0.8598756343126297,0.011443176539614797,0.1286811577156186,0.8484324577730149,4,3.3937298310920596
1420645777374279256,387,8,0.8013191969948821,0.06614973540126812,0.1325310695101507,0.735169461593614,16,11.762711385497823
1421344653756056973,83,0,0.910969614982605,0.010805804375559091,0.07822459898889064,0.9001638106070459,5,4.5008190530352294
1421942753822443473,371,0,0.7654200209812685,0.04086742050607096,0.1937125681645491,0.7245526004751975,11,7.970078605227173
1425528682584166081,201,0,0.7383748406916857,0.05233343643136323,0.20929172427393497,0.6860414042603225,8,5.48833123408258
1426265989788394299,382,12,0.8229459843310442,0.03073429466225207,0.14631972399116916,0.7922116896687922,22,17.42865717271343
1426539596821160824,737,1,0.7094185002479289,0.12869612959730958,0.16188536710209317,0.5807223706506193,9,5.226501335855573
1427783382893312659,308,2,0.7149201135201888,0.09512837629172612,0.1899515045366504,0.6197917372284626,11,6.817709109513088
1428255212523244849,334,0,0.7380853868027528,0.03555106326394404,0.22636356143901745,0.7025343235388087,12,8.430411882465705
1429473580802030329,94,0,0.3867798082381487,0.2621815528571606,0.35103862977772954,0.12459825538098812,5,0.6229912769049406
1429758973233404911,103,5,0.6370539172490438,0.1036260582651529,0.2593200265036689,0.5334278589838909,9,4.800850730855018
1429949142826083870,242,0,0.8348264056531822,0.038203460808076406,0.12697013823644204,0.7966229448451058,17,13.542590062366799
1430006921838130501,160,0,0.3941871001943946,0.1678983928496018,0.43791448891162876,0.22628870734479278,4,0.9051548293791711
1430605548021301292,152,10,0.7566374814510346,0.0787705112409524,0.1645920121127909,0.6778669702100821,11,7.456536672310904
1432598321881783826,293,6,0.6147229412694772,0.1391463781779425,0.24613065946847199,0.47557656309153473,9,4.280189067823812
1432944689803368308,177,16,0.5187545210052105,0.1285722147746544,0.35267325482375567,0.39018230623055605,21,8.193828430841677
1433671955566950968,200,11,0.4319763762969524,0.2211023330956232,0.3469212942260007,0.2108740432013292,24,5.0609770368319005
1434454980542958361,591,0,0.4261973416308562,0.08235714552303156,0.49144550881038107,0.3438401961078246,6,2.063041176646948
1435093283062852045,252,0,0.598338882252574,0.17345730332502474,0.22820381127918762,0.42488157892754924,12,5.098578947130591
1436479906200838166,319,0,0.9466231465339661,0.005814928561449051,0.047561947256326675,0.940808217972517,1,0.940808217972517
1436834070947942555,294,0,0.7244691904385885,0.11310831183257203,0.16242245962222418,0.6113608786060164,3,1.8340826358180493
1437021644743847033,122,3,0.768914435505867,0.09209766260348261,0.13898789560422303,0.6768167729023844,4,2.7072670916095376
1437226985695813636,112,0,0.7923098397254944,0.09040570839308203,0.11728446119464934,0.7019041313324124,4,2.8076165253296494
1438662391423749843,393,0,0.7375545687973499,0.03695009774528444,0.22549533443525432,0.7006044710520655,10,7.006044710520655
1438922406940817507,387,10,0.8802623042464256,0.033780291815831635,0.08595740722647559,0.846482012430594,24,20.315568298334256
1442083144148712766,340,0,0.33,0.33,0.34,0.0,0,0.0
1442830092917402081,104,5,0.7988671787579854,0.06109871205718567,0.14003410674010716,0.7377684667007998,6,4.426610800204799
1443053848012527603,146,1,0.5500428986549378,0.22092707993462682,0.22903001970301073,0.3291158187203109,3,0.9873474561609328
1444628090537067233,158,0,0.33,0.33,0.34,0.0,0,0.0
1445238915626703948,271,0,0.8188764250278473,0.048512492465088146,0.13261107706464828,0.7703639325627591,8,6.162911460502073
1445852750676359748,362,5,0.6524026933854277,0.10972138693302193,0.23787592643363908,0.5426813064524058,11,5.969494370976463
1446623130101379179,400,9,0.7203299474917974,0.15063066596592156,0.12903939006384463,0.5696992815258758,24,13.672782756621018
1446927542912258285,273,2,0.739770756491593,0.11583418664123332,0.14439504954963925,0.6239365698503596,7,4.3675559889525175
1447333941871062648,1078,32,0.8520163542901477,0.027066926937550306,0.12091672075136255,0.8249494273525974,24,19.798786256462336
1447920419251190795,147,5,0.9722562757405367,0.005156801547855139,0.022586919070983476,0.9670994741926816,11,10.638094216119498
1451532730990795969,296,2,0.8989646097024282,0.014031365265448887,0.08700400358065963,0.8849332444369793,15,13.27399866655469
1453857009677632746,234,3,0.4721852623422941,0.16751734195070134,0.3602974061585135,0.30466792039159274,9,2.7420112835243344
1456852220564889479,177,0,0.33,0.33,0.34,0.0,0,0.0
1457921000191955431,278,1,0.6233231799602509,0.07989668538048864,0.29678012925758956,0.5434264945797622,10,5.434264945797622
1458392778727508481,297,17,0.7734122866690158,0.04850842842552811,0.1780792869310826,0.7249038582434878,20,14.498077164869756
1460132020013036924,388,10,0.7927750000746354,0.03989540286341925,0.16732959616605356,0.7528795972112161,23,17.31623073585797
1462519522287313036,237,9,0.8575812176295688,0.05157057106140114,0.09084821490127416,0.8060106465681678,21,16.926223577931523
1464639620553409366,97,0,0.7494355032179091,0.1147849807370868,0.13577951547586256,0.6346505224808223,9,5.7118547023274004
1464843059589870064,329,5,0.5650454403625594,0.014904404317753183,0.4200501541296641,0.5501410360448062,18,9.902538648806512
1466095402779830212,487,7,0.845236297386388,0.017172980452111613,0.13759072202568254,0.8280633169342764,24,19.873519606422633
1468334174196719793,215,0,0.6870658645209144,0.06811003832584796,0.24482408841524053,0.6189558261950665,17,10.52224904531613
1469823371671580717,89,0,0.33,0.33,0.34,0.0,0,0.0
1470472051949008065,84,7,0.7614749394522773,0.11324887443437344,0.12527618598399892,0.6482260650179038,9,5.834034585161135
1470725803078897137,243,0,0.3234921075900396,0.1516650616998474,0.5248428477843602,0.17182704589019218,6,1.0309622753411531
1471021014225552837,319,15,0.6100041047359507,0.08486281504544119,0.3051330769589792,0.5251412896905094,24,12.603390952572227
1471914984170455552,55,0,0.33,0.33,0.34,0.0,0,0.0
1472026645401296869,207,4,0.4850717981656392,0.09392537406852676,0.4210028503504064,0.3911464240971125,9,3.5203178168740124
1474727568644157740,171,0,0.33,0.33,0.34,0.0,0,0.0
1475494623069365083,171,0,0.33,0.33,0.34,0.0,0,0.0
1477447491808207918,274,0,0.33197728427127005,0.15643637859262527,0.511586347380653,0.17554090567864478,8,1.4043272454291582
1477636402874460065,12,0,0.33,0.33,0.34,0.0,0,0.0
1478328458017775199,15,0,0.33,0.33,0.34,0.0,0,0.0
1480053141637924171,104,1,0.4127881587935346,0.35141144710725974,0.23580039030739242,0.061376711686274836,7,0.42963698180392385
1480529176360281014,340,3,0.8191815723691668,0.05207332801339882,0.12874510141355652,0.767108244355768,7,5.369757710490376
1480647898709846533,461,10,0.9434537713726362,0.005764329553736995,0.050781898433342576,0.9376894418188991,24,22.50454660365358
1482078099691700981,899,17,0.5443357320005695,0.1884272454159024,0.2672370159284522,0.3559084865846671,24,8.54180367803201
1483532241308256259,384,9,0.9418583959341049,0.011528302798978984,0.0466133092607682,0.9303300931351259,24,22.327922235243022
1484312147290642437,244,10,0.885912970751524,0.03183712809812278,0.0822499092121143,0.8540758426534012,16,13.66521348245442
1484877383600387840,17,0,0.33,0.33,0.34,0.0,0,0.0
1485121836035265820,109,1,0.9084984133460305,0.03732218723913486,0.0541793809153817,0.8711762261068956,11,9.582938487175852
1485240205166214916,195,0,0.33,0.33,0.34,0.0,0,0.0
1485428092561598175,316,2,0.6066964182853699,0.09739817048795521,0.29590540643036367,0.5092982477974146,10,5.092982477974147
1486623278662529968,216,0,0.9839958250522614,0.0034482614137232304,0.01255592773668468,0.9805475636385381,2,1.9610951272770762
1487186865714779815,174,0,0.8509825739860535,0.0696482063587755,0.07936923003941775,0.7813343676272779,5,3.90667183813639
1487286099583694970,320,11,0.8345534978894626,0.05291985082659213,0.11252665781689919,0.7816336470628705,17,13.287772000068799
1490634357940108928,203,2,0.8469134933607919,0.05444447595360024,0.09864202343459641,0.7924690174071917,7,5.547283121850342
1490743587918194305,309,0,0.3769925006106496,0.07049911768059247,0.5525084040313959,0.3064933829300571,8,2.451947063440457
1490818834873422786,510,0,0.547999754964628,0.16523570041764868,0.2867645437710664,0.3827640545469793,11,4.210404600016773
1492303604538141934,689,14,0.6733284708236654,0.04897605625524496,0.27769546770180265,0.6243524145684205,24,14.984457949642092
1493200120149484428,57,0,0.22581077829003335,0.1722972350753844,0.6018919479846955,0.05351354321464896,2,0.10702708642929792
1493608660734060850,222,4,0.7635229724630093,0.13678492855358249,0.09969210140872747,0.6267380439094268,12,7.520856526913121
1494325871041074678,435,0,0.7614962396863848,0.03926049211702776,0.19924326160456984,0.722235747569357,16,11.555771961109713
1495261694241507919,166,0,0.9223388234774271,0.008795038486520449,0.06886613244811694,0.9135437849909067,3,2.74063135497272
1495711841903669101,297,0,0.5187282153734795,0.09274441168643534,0.38852738305926326,0.4259838036870441,13,5.537789447931573
1496683405365209937,368,2,0.7699077228705088,0.04129468028744062,0.1887976055343946,0.7286130425830682,3,2.1858391277492046
1497175188164648682,174,1,0.46681249976158146,0.16976166279986502,0.3634258192777634,0.2970508369617164,2,0.5941016739234328
1498858240086357830,258,0,0.598181133766969,0.0950131114680941,0.3068057651259005,0.5031680222988749,6,3.0190081337932497
1499512136669122654,355,6,0.5676302459023216,0.1848095361668278,0.247560221105814,0.38282070973549376,11,4.2110278070904315
1500826078196790837,92,3,0.8476034078598023,0.07037228889204562,0.08202431782335043,0.7772311189677567,5,3.886155594838783
1501302125988120044,196,0,0.33,0.33,0.34,0.0,0,0.0
1501913311359276013,102,0,0.9383938550949097,0.010988895967602729,0.050617276690900326,0.9274049591273069,5,4.637024795636535
1504485799042585051,294,0,0.9657217264175415,0.008056768837074438,0.026221513437728088,0.9576649575804671,3,2.872994872741401
1504989923480397472,840,0,0.33,0.33,0.34,0.0,0,0.0
1506226826211580861,392,0,0.5194797515869141,0.04865450305598123,0.43186575333986965,0.4708252485309328,14,6.59155347943306
1506776194204224108,289,4,0.7515584280093511,0.02333026356063783,0.2251113111463686,0.7282281644487133,6,4.36936898669228
1507197900793454833,267,0,0.8016059291362763,0.08774222996318713,0.11065184130799026,0.7138636991730891,8,5.710909593384713
1507876460512502793,308,1,0.8134553474187851,0.08589573674136773,0.10064893405884505,0.7275596106774174,4,2.9102384427096695
1509614980075592030,587,6,0.7660289253625605,0.010859612246147461,0.2231114666081137,0.755169313116413,9,6.796523818047717
1511194346892116944,280,0,0.33,0.33,0.34,0.0,0,0.0
1511777793627659247,500,11,0.8520563294490179,0.014793142676353455,0.13315051320629814,0.8372631867726644,12,10.047158241271973
1513414268056604198,493,0,0.33,0.33,0.34,0.0,0,0.0
1513994692143342665,33,0,0.9780580401420593,0.00763987610116601,0.014302068389952183,0.9704181640408933,1,0.9704181640408933
1514003527865110475,192,0,0.33,0.33,0.34,0.0,0,0.0
1514935284712694743,366,2,0.5620794002215068,0.09140103347496026,0.34651958097186353,0.4706783667465465,9,4.236105300718918
1517643391592382818,388,1,0.6756112221479416,0.07717372242733836,0.24721504713594916,0.5984374997206032,5,2.992187498603016
1520460500143289236,44,0,0.33,0.33,0.34,0.0,0,0.0
1521113725233604317,137,0,0.8315312299728393,0.07169928688928486,0.0967694875150919,0.7598319430835545,5,3.7991597154177725
1522856223438220570,419,11,0.672110555938312,0.1105916443833017,0.21729780258876938,0.5615189115550103,14,7.861264761770144
1525361988367336907,347,4,0.6978087196871638,0.10625259925611318,0.19593866941519084,0.5915561204310507,8,4.732448963448405
1525555585461237527,484,12,0.8901945231482387,0.010401822374357531,0.0994036599683265,0.8797927007738812,24,21.115024818573147
1526064162277685673,412,0,0.7062952373590734,0.02830516593530774,0.26539958268404007,0.6779900714237657,18,12.203821285627782
1526266447108603980,183,0,0.11428943276405334,0.05606883019208908,0.829641729593277,0.058220602571964264,2,0.11644120514392853
1526491099374605818,326,0,0.9722318947315216,0.004174479050561786,0.023593572434037924,0.9680574156809598,2,1.9361148313619196
1528822401507350842,239,3,0.9824792345364889,0.00496989581733942,0.0125508780280749,0.9775093387191495,3,2.9325280161574483
1530254461262402004,371,12,0.7437287460152919,0.057665351849909015,0.1986059036392432,0.686063394165383,13,8.918824124149978
1531441376373046985,140,0,0.33,0.33,0.34,0.0,0,0.0
1531805508976100186,255,0,0.33,0.33,0.34,0.0,0,0.0
1531901124561567991,999,13,0.6773426395375282,0.06623759274370969,0.2564197604544461,0.6111050467938185,20,12.22210093587637
1533374428468061356,82,0,0.8769775629043579,0.005237186793237925,0.11778520792722702,0.87174037611112,1,0.87174037611112
1533400572873506294,170,0,0.33,0.33,0.34,0.0,0,0.0
1533666702880113708,153,0,0.33,0.33,0.34,0.0,0,0.0
1533890851300979834,159,0,0.5944891655445099,0.1667438759095967,0.23876695156097413,0.4277452896349132,2,0.8554905792698264
1534153995952711596,18,0,0.33,0.33,0.34,0.0,0,0.0
1534226070874057870,107,6,0.8256411092281342,0.03845372574124485,0.13590515499562025,0.7871873834868893,10,7.871873834868893
1534354723548057073,155,4,0.695926143527031,0.13162345616845414,0.17245041200425476,0.5643026873585768,8,4.514421498868614
1535477125547740044,211,0,0.33,0.33,0.34,0.0,0,0.0
1535617286176824313,50,0,0.9011054039001465,0.002700195414945483,0.09619445353746414,0.898405208485201,1,0.898405208485201
1535788984005130302,119,3,0.8502787152926127,0.014452412414054075,0.13526885335644087,0.8358263028785586,6,5.014957817271352
1535931705398095293,231,1,0.9654334187507629,0.009162216796539724,0.02540433593094349,0.9562712019542232,4,3.825084807816893
1537153192856728963,164,9,0.9431908006469408,0.00892461467689524,0.04788458611195286,0.9342661859700456,24,22.422388463281095
1538699509336754748,91,3,0.4461485989093781,0.13883866515755655,0.4150127322077751,0.30730993375182153,5,1.5365496687591076
1539362344499570931,93,2,0.8433549801508585,0.046185707091353834,0.11045931815169752,0.7971692730595047,12,9.566031276714057
1539462269304672199,149,0,0.33,0.33,0.34,0.0,0,0.0
1540272376860028480,121,2,0.9637019753456115,0.006652743415907025,0.02964528426527977,0.9570492319297046,5,4.785246159648523
1544445987498278426,125,0,0.33,0.33,0.34,0.0,0,0.0
1545052722485772864,72,8,0.924558861689134,0.007646716093983163,0.06779443006962538,0.9169121455951509,11,10.08603360154666
1545575190434471584,253,0,0.5874221380732276,0.06613133563406089,0.3464465236257423,0.5212908024391667,11,5.734198826830834
1545840457530201595,182,8,0.9525961329539617,0.010419336768488089,0.036984530898431935,0.9421767961854736,24,22.612243108451366
1547320014189502618,109,0,0.33,0.33,0.34,0.0,0,0.0
1548843433720632626,537,7,0.7722366707324981,0.05057273448165507,0.17719059317931535,0.7216639362508431,10,7.216639362508431
1548852609648110330,124,0,0.8959388562167684,0.04500334987339253,0.05905779629635314,0.8509355063433759,24,20.42245215224102
1549077837783374416,313,0,0.491036096173856,0.0984842589435478,0.4104796385185586,0.3925518372303082,9,3.5329665350727737
1550662965140114008,228,1,0.8008486223220825,0.08623918621335179,0.11291219484061003,0.7146094361087307,4,2.858437744434923
1550710376554177165,562,0,0.33,0.33,0.34,0.0,0,0.0
1550765552422560316,259,1,0.8576560815175375,0.009421998945375284,0.13292192791899046,0.8482340825721622,3,2.5447022477164865
1550893209268474979,156,0,0.9750489021341006,0.007360454774849738,0.017590636077026527,0.9676884473592509,24,23.22452273662202
1550983417466551016,89,0,0.33,0.33,0.34,0.0,0,0.0
1552043703500162629,381,2,0.5089738611131907,0.04586047865450382,0.44516566054274637,0.46311338245868683,12,5.557360589504242
1552173285106497143,44,0,0.33,0.33,0.34,0.0,0,0.0
1552365692282572533,174,0,0.8926561500380435,0.044910952833791574,0.06243289080293229,0.8477451972042521,24,20.34588473290205
1553091102947530765,123,0,0.9842671155929565,0.0037261330289766192,0.012006749399006367,0.9805409825639799,2,1.9610819651279598
1553446533175786935,207,3,0.9744700640439987,0.006704358966089785,0.01882558176293969,0.9677657050779089,4,3.8710628203116357
1554086740482119386,110,2,0.9333945512771606,0.006982579827308655,0.05962290242314339,0.926411971449852,1,0.926411971449852
1555219930247611071,178,16,0.8451086569825809,0.03637918192893267,0.11851215487966936,0.8087294750536481,24,19.409507401287556
1555781503957750170,507,0,0.33,0.33,0.34,0.0,0,0.0
1556150589515398812,132,3,0.9600762724876404,0.007630387786775827,0.03229338334252437,0.9524458847008646,3,2.8573376541025937
1557298826012054271,159,5,0.3563555009414752,0.08488288761427006,0.5587616275871793,0.2714726133272052,24,6.515342719852924
1557731194504895399,1092,13,0.8897156479458014,0.025948283572991688,0.08433606328132252,0.8637673643728098,12,10.365208372473717
1557736953435498811,412,9,0.4159586108289659,0.13990209810435772,0.4441392922308296,0.2760565127246082,8,2.2084521017968655
1558045108020340507,95,0,0.9471386671066284,0.004238381749019027,0.048622951842844486,0.9429002853576094,2,1.8858005707152188
1558103936823592792,171,0,0.33,0.33,0.34,0.0,0,0.0
1559992187318554729,121,0,0.6839081843694051,0.02158789321159323,0.2945039353022973,0.6623202911578119,3,1.9869608734734356
1561224451001918287,135,3,0.7097610350946586,0.11248265523360008,0.17775631926953794,0.5972783798610585,9,5.375505418749526
1563021187268482692,430,8,0.8096192525625229,0.04864217698760331,0.14173857068270446,0.7609770755749196,10,7.609770755749196
1563334940165343770,254,1,0.7861035507917404,0.09031314459163696,0.12358329821377993,0.6957904062001035,4,2.783161624800414
1564115051130996287,697,0,0.6384135289834096,0.02123761775258642,0.34034887013527065,0.6171759112308232,13,8.023286846000701
1564582671013853334,283,7,0.675072214433125,0.04360199987422675,0.28132578411272596,0.6314702145588983,7,4.420291501912288
1565272339858374536,370,0,0.33,0.33,0.34,0.0,0,0.0
1566010865843517649,303,0,0.5395286846905947,0.046287465491332114,0.4141838438808918,0.49324121919926256,8,3.9459297535941005
1566740170677308961,26,0,0.33,0.33,0.34,0.0,1,0.0
1567332840864124166,26,0,0.0807110071182251,0.07149706035852432,0.847791850566864,0.009213946759700775,1,0.009213946759700775
1568951757811209481,27,0,0.33,0.33,0.34,0.0,0,0.0
1569599262105320885,240,0,0.06961393356323242,0.03837583586573601,0.8920101523399353,0.031238097697496414,1,0.031238097697496414
1569706811761937385,122,0,0.33,0.33,0.34,0.0,0,0.0
1569779929091292709,175,0,0.9505212065577506,0.0189902297151275,0.03048855910931404,0.9315309768426232,24,22.356743444222957
1570387299686272822,58,17,0.3713393821499565,0.24512661262330682,0.3835340053114024,0.12621276952664962,22,2.7766809295862913
1570404418787157029,326,0,0.8291930854320526,0.0084756959695369,0.162331260740757,0.8207173894625157,2,1.6414347789250314
1570750061105479727,70,0,0.33,0.33,0.34,0.0,0,0.0
1571207532196955330,249,4,0.9657185723384222,0.006001988600473851,0.02827943939094742,0.9597165837379483,24,23.03319800971076
1571440774910587543,184,5,0.8321359604597092,0.006492564210202545,0.1613714608363807,0.8256433962495067,10,8.256433962495066
1571960141664956679,241,3,0.9763568788766861,0.004735333495773375,0.018907777965068817,0.9716215453809127,4,3.886486181523651
1572255796803526079,123,2,0.8880719989538193,0.01815420005004853,0.09377378551289439,0.8699177989037707,4,3.479671195615083
1573000410594145102,151,0,0.6569301867485047,0.16717256019823254,0.175897281691432,0.4897576265502721,2,0.9795152531005442
1573700703310239561,154,3,0.7643692819277446,0.07298962755128742,0.16264109905809165,0.6913796543764571,6,4.148277926258743
1576357750845616352,67,32,0.5075997645920143,0.18965254148856425,0.30274769591788453,0.31794722310344997,24,7.6307333544828
1576391560676577918,112,1,0.33,0.33,0.34,0.0,2,0.0
1577189980376112052,220,0,0.8151739222208659,0.05568847707255433,0.12913760079195102,0.7594854451483115,15,11.392281677224673
1577444406688859049,718,13,0.9029585728925817,0.029580220205928476,0.06746121233877014,0.8733783526866532,17,14.847431995673105
1577703404800376471,152,0,0.33,0.33,0.34,0.0,0,0.0
1577741974268906128,135,0,0.655885853767395,0.1676172462385148,0.1764969132654369,0.48826860752888024,2,0.9765372150577605
1578483032355454332,533,18,0.9339891889095305,0.022624412920325996,0.0433863988686353,0.9113647759892046,20,18.227295519784093
1579191147373198618,180,1,0.581853042046229,0.15707453029851118,0.26107241337498027,0.42477851174771786,3,1.2743355352431536
1579723876307767702,209,0,0.22052695691585542,0.19804712101817132,0.5814259481430054,0.022479835897684097,2,0.044959671795368195
1580340193345294764,651,0,0.33,0.33,0.34,0.0,0,0.0
1580692104072603694,112,1,0.7287366092205048,0.013693503569811583,0.2575698643922806,0.7150431056506932,2,1.4300862113013864
1581808095280825113,160,0,0.18156324326992035,0.05476858280599117,0.7636681795120239,0.12679466046392918,2,0.25358932092785835
1582248296955605727,7,0,0.33,0.33,0.34,0.0,0,0.0
1582303783454994887,114,2,0.7046989456812541,0.11403946063791713,0.18126159973442557,0.590659485043337,3,1.7719784551300108
1582769781651314826,109,0,0.7291713015238445,0.11242753699421883,0.158401185075442,0.6167437645296255,3,1.8502312935888767
1583496568224229763,103,0,0.9646556377410889,0.006212534382939339,0.029131833463907242,0.9584431033581495,1,0.9584431033581495
1583619627753440549,555,6,0.9125275286761197,0.012756748548285528,0.07471572675488213,0.8997707801278342,11,9.897478581406176
1584059549407777785,1975,1,0.6807370619022328,0.07007037999108434,0.2491925624596036,0.6106666819111485,23,14.045333683956414
1585696532487807057,184,0,0.9316837731748819,0.014205947605660185,0.05411027635758122,0.9174778255692217,24,22.019467813661322
1585788986608319535,72,0,0.33,0.33,0.34,0.0,0,0.0
1585789172902523364,189,0,0.33,0.33,0.34,0.0,0,0.0
1586822355607222769,249,0,0.3818388804793358,0.03670218586921692,0.5814589858055115,0.34513669461011887,2,0.6902733892202377
1587068140697624336,373,10,0.49469084687530995,0.08393903509364464,0.4213701184093952,0.4107518117816653,16,6.572028988506645
1588401839593024501,810,0,0.33,0.33,0.34,0.0,0,0.0
1588566483843010794,161,0,0.9856842756271362,0.003692933591082692,0.010622799396514893,0.9819913420360535,4,3.927965368144214
1588930149739331998,325,0,0.33,0.33,0.34,0.0,0,0.0
1589312703212743117,128,3,0.8195572135349115,0.13093142347255102,0.049511353795727096,0.6886257900623605,6,4.131754740374163
1590687277197031132,373,5,0.4281862616539002,0.2766315894511839,0.295182154327631,0.15155467220271626,6,0.9093280332162976
1591288577475423024,363,6,0.7279489377886057,0.04921427525347099,0.22283678678330035,0.6787346625351347,8,5.429877300281078
1591366902663333799,71,4,0.9765728712081909,0.004117116355337203,0.01931003201752901,0.9724557548528537,5,4.862278774264269
1591443062045947797,174,0,0.8253749152645469,0.02604274731129408,0.14858235306261727,0.7993321679532528,24,19.183972030878067
1592123417364507416,685,2,0.6782805478572845,0.15769482075547178,0.16402463278422755,0.5205857271018127,6,3.1235143626108766
1593054709533587498,322,0,0.33,0.33,0.34,0.0,0,0.0
1593309879026611001,191,0,0.8693237265256735,0.02309073907788843,0.1075855283697064,0.8462329874477851,26,22.002057673642412
1593315051367287116,196,7,0.6425456062952678,0.11296343979425728,0.24449095134933793,0.5295821665010104,6,3.1774929990060627
1594254161688190041,200,0,0.897221565246582,0.0062050786800682545,0.0965733602643013,0.8910164865665138,1,0.8910164865665138
1595060023130536495,214,0,0.792693544626236,0.09071756885852665,0.11658889058977366,0.7019759757677093,4,2.8079039030708373
1595965924920639002,65,1,0.9482644399007162,0.0077341206682225066,0.04400142344335715,0.9405303192324936,3,2.821590957697481
1596482584455184908,348,2,0.7077801127359271,0.11505665783421137,0.1771632419154048,0.5927234549017157,8,4.741787639213726
1596593811038345261,439,17,0.8969546130299568,0.04523045827751048,0.0578149219986517,0.8517241547524463,16,13.627586476039141
1596694102978777883,226,3,0.8119521103799343,0.03602669263879458,0.15202121001978716,0.7759254177411398,6,4.655552506446838
1596833187677332051,53,2,0.932074248790741,0.008511282503604889,0.059414468705654144,0.9235629662871361,2,1.8471259325742722
1597170924720648012,98,2,0.5205331975221634,0.17802547985687853,0.3014413100481034,0.34250771766528487,4,1.3700308706611395
1597241181383708897,35,0,0.943273663520813,0.00879692379385233,0.04792947322130203,0.9344767397269607,1,0.9344767397269607
1597302491429552891,254,8,0.7108124345541,0.05035530944587663,0.23883225279860198,0.6604571251082234,8,5.283657000865787
1597432666511367545,39,0,0.33,0.33,0.34,0.0,0,0.0
1597925096742552363,457,0,0.4231583131104708,0.34107171798590574,0.23576995085924865,0.08208659512456506,4,0.32834638049826026
1598816332337713346,83,0,0.974075198173523,0.009460915811359882,0.01646386831998825,0.9646142823621631,1,0.9646142823621631
1600114292191891770,262,0,0.33,0.33,0.34,0.0,0,0.0
1600257888566287409,104,2,0.9331879317760468,0.00966358627192676,0.05714847892522812,0.92352434550412,2,1.84704869100824
1600849333800741802,151,0,0.33,0.33,0.34,0.0,0,0.0
1600980842719740943,159,1,0.9810553789138794,0.00563841825351119,0.013306166976690292,0.9754169606603682,1,0.9754169606603682
1601471518474050169,100,3,0.8628543742497762,0.06156568061094731,0.07557995123167834,0.8012886936388289,6,4.807732161832973
1601728108443080852,421,14,0.7750067636370659,0.04275173521326745,0.182241499204846,0.7322550284237984,17,12.448335483204573
1602258781206255109,348,6,0.7884250477382115,0.07058689136856369,0.1409880645519921,0.7178381563696478,7,5.024867094587535
1602303893790733932,287,0,0.2615832109004259,0.1001773823518306,0.6382394172251225,0.1614058285485953,4,0.6456233141943812
1602921089138049257,89,1,0.5131216430664063,0.17152456609532238,0.31535377919673924,0.3415970769710839,2,0.6831941539421678
1602960658697837046,256,0,0.39761218801140785,0.08776414324529469,0.5146236680448055,0.30984804476611316,4,1.2393921790644526
1603204089087477969,320,9,0.700610081354777,0.017103031924408343,0.2822868935763836,0.6835070494303687,9,6.151563444873318
1603805262078365547,78,0,0.9368669390678406,0.004760509356856346,0.05837254226207733,0.9321064297109842,1,0.9321064297109842
1604388104030906762,509,13,0.6982062229743371,0.03483355579038079,0.26696023251861334,0.6633726671839563,13,8.623844673391432
1604536714955941115,110,0,0.9753634929656982,0.006359225604683161,0.018277229741215706,0.9690042673610151,1,0.9690042673610151
1604721669746145884,95,3,0.4734463604291281,0.22314278528094292,0.3034108654658,0.2503035751481851,3,0.7509107254445553
1604856273979118327,96,0,0.9799620807170868,0.004291013348847628,0.015746861230582,0.9756710673682392,2,1.9513421347364783
1605104099280029319,247,0,0.33,0.33,0.34,0.0,0,0.0
1605149765618816133,78,3,0.7422724854946137,0.08857101188506931,0.16915650110691788,0.6537014736095443,4,2.6148058944381773
1605163041723340333,179,0,0.33,0.33,0.34,0.0,1,0.0
1605254302211992527,448,5,0.7928497587717497,0.06413575611722011,0.14301447543960352,0.7287140026545296,13,9.473282034508884
1605515494742302975,205,0,0.9686694145202637,0.007731305406196043,0.023599282023496926,0.9609381091140676,24,23.062514618737623
1605832757584592462,84,0,0.45117765227953593,0.1294315235130489,0.4193908200164636,0.32174612876648706,3,0.9652383862994611
1605977831832427337,67,3,0.8346273541450501,0.02272861050441861,0.1426440354436636,0.8118987436406314,5,4.059493718203157
1607482771327121895,322,12,0.9682255652215745,0.005815947350735466,0.025958488695323467,0.9624096178708391,9,8.661686560837552
1609061166238940745,280,3,0.6810554417542048,0.05440805462189019,0.26453649680529323,0.6266473871323147,7,4.386531709926203
1609291275797148475,322,1,0.6418640075836863,0.11349721031263471,0.24463877498571365,0.5283667972710516,7,3.6985675808973615
1609442546433222272,112,5,0.6114479073385398,0.21168806657505534,0.17686401685078942,0.3997598407634844,6,2.3985590445809066
1609563944413755740,54,3,0.7776355298927852,0.06633951347587365,0.1560249448567629,0.7112960164169115,7,4.979072114918381
1610183619284828097,278,5,0.7687898799777031,0.09333160700043663,0.1378785080742091,0.6754582729772665,4,2.701833091909066
1610256360972516103,51,1,0.33,0.33,0.34,0.0,1,0.0
1610517891765827772,75,1,0.8686274290084839,0.031115826684981585,0.10025676557173331,0.8375116023235023,3,2.512534806970507
1611084046997646625,540,0,0.33,0.33,0.34,0.0,0,0.0
1611085271273510559,60,0,0.9581698775291443,0.014116980601102114,0.027713126502931118,0.9440528969280422,2,1.8881057938560843
1611097073229468092,244,5,0.9660079072822224,0.007560312409292568,0.02643177400089123,0.9584475948729299,22,21.085847087204456
1611727601978546630,697,0,0.953468382358551,0.010176820680499077,0.036354802548885345,0.943291561678052,1,0.943291561678052
1611753258216767583,532,0,0.7756532423198224,0.012045282777398825,0.2123014520853758,0.7636079595424234,5,3.8180397977121174
1611784516468177812,104,2,0.9746196468671163,0.006680388158808152,0.018699954574306805,0.9679392587083081,3,2.9038177761249244
1611914167404914564,80,0,0.33,0.33,0.34,0.0,2,0.0
1612054182632976160,284,1,0.5708559655717441,0.10210948477366141,0.327034556972129,0.4687464807980827,7,3.281225365586579
1612259985084266131,224,2,0.6908202173880168,0.08698032755404712,0.22219946982605118,0.6038398898339697,7,4.226879228837788
1612617008863782275,105,3,0.505446914264134,0.23666968093187152,0.2578834118055446,0.2687772333322625,7,1.8814406333258376
1612632073166927723,117,1,0.9812822043895721,0.003647820558398962,0.015070035122334957,0.9776343838311732,2,1.9552687676623464
1613607647440689072,461,1,0.9854613542556763,0.0024676184402778745,0.012071013916283846,0.9829937358153984,2,1.9659874716307968
1613985701584494042,220,0,0.8978077881783246,0.03598613232005543,0.06620608926595499,0.8618216558582693,24,20.683719740598463
1614797969465794763,71,0,0.33,0.33,0.34,0.0,0,0.0
1615153435095470338,299,0,0.33,0.33,0.34,0.0,0,0.0
1615685998841344570,80,0,0.33,0.33,0.34,0.0,0,0.0
1616611698796574226,199,0,0.33,0.33,0.34,0.0,0,0.0
1616762864474107395,117,1,0.8060283660888672,0.041993476217612624,0.15197817608714104,0.7640348898712546,2,1.5280697797425091
1617592296881229391,98,4,0.4296377400898685,0.2741748361297262,0.29618742333414655,0.15546290396014228,12,1.8655548475217074
1617984902240891200,197,1,0.9393489956855774,0.006736815441399813,0.05391417443752289,0.9326121802441776,1,0.9326121802441776
1618292964517543379,528,0,0.520021477714181,0.04190516727976501,0.43807335710152984,0.47811631043441594,4,1.9124652417376637
1619117979163756904,65,0,0.5712510794401169,0.02033420343650505,0.4084147186949849,0.5509168760036118,2,1.1018337520072237
1620221305704740342,243,2,0.5391953504937036,0.058915575556457045,0.4018890589156321,0.48027977493724655,7,3.3619584245607257
1621048613034320665,159,2,0.850695702234904,0.06036510670402398,0.0889392077860733,0.79033059553088,6,4.74198357318528
1621593767747179164,924,4,0.4176230770535767,0.08665281831054017,0.49572409479878843,0.33097025874303654,8,2.6477620699442923
1621774065910890519,109,5,0.18084306390956045,0.7029270350933075,0.11622993350028991,-0.522083971183747,5,-2.6104198559187353
1622016164559433551,86,5,0.3105421239713376,0.4666591872410341,0.22279868616299198,-0.15611706326969646,11,-1.717287695966661
1622026939173135349,171,11,0.9462209137586447,0.013596174880289115,0.040182906220881984,0.9326247388783556,26,24.248243210837245
1622060736322499533,627,0,0.8506128138303757,0.05197980958269909,0.09740738747175784,0.7986330042476766,8,6.389064033981413
1622104013250106517,310,2,0.783409309796989,0.04670497756684199,0.16988568941131235,0.736704332230147,8,5.893634657841176
1622276592763382741,429,8,0.925645669301351,0.01543689266933749,0.058917429142942034,0.9102087766320134,6,5.4612526597920805
1622341923284738450,1083,0,0.33,0.33,0.34,0.0,0,0.0
1622585302354539765,245,3,0.8211366426944733,0.08542267260374502,0.09344068685546518,0.7357139700907283,4,2.942855880362913
1622618034266869603,158,3,0.7715540528297424,0.01918130647391081,0.20926466956734657,0.7523727463558316,3,2.257118239067495
1622779959565283277,170,0,0.8639419078826904,0.03516835719347,0.10088977217674255,0.8287735506892204,1,0.8287735506892204
1623034158992171347,454,4,0.5811523327231407,0.10307177405493956,0.3157758916955855,0.47808055866820115,9,4.3027250280138105
1623532525254527660,81,0,0.9290014505386353,0.003730696626007557,0.06726783514022827,0.9252707539126277,1,0.9252707539126277
1624086907394073121,55,0,0.9514656066894531,0.0024531155358999968,0.046081241220235825,0.9490124911535531,1,0.9490124911535531
1624868688907799580,121,0,0.7570746429264545,0.052770546346437186,0.19015481870155782,0.7043040965800174,4,2.8172163863200694
1625377318900131374,190,4,0.6270706860721111,0.05018007885315456,0.32274923102930186,0.5768906072189566,8,4.615124857751653
1625396942287617538,150,5,0.8402538724740346,0.061364767284442984,0.09838135674906275,0.7788891051895916,6,4.67333463113755
1625474271001683349,837,4,0.6257913503795862,0.15168024580925704,0.2225283920764923,0.4741111045703292,5,2.370555522851646
1625484666642749732,93,0,0.19791909024119378,0.23788839668035508,0.5641925466060639,-0.0399693064391613,2,-0.0799386128783226
1626847580116560542,118,0,0.33,0.33,0.34,0.0,0,0.0
1626921646801707816,268,6,0.8613223135471344,0.006747873566512551,0.13192981388419867,0.8545744399806219,7,5.982021079864353
1626993222146357159,52,0,0.10240479558706284,0.055683162063360214,0.8419119715690613,0.04672163352370262,1,0.04672163352370262
1627360945546174031,294,0,0.5626762214427193,0.07764878808908786,0.3596749974725147,0.48502743335363147,24,11.640658400487155
1627571990674981002,171,7,0.8361058073043823,0.04155505121871829,0.12233914464339615,0.7945507560856641,10,7.94550756085664
1627728616773314581,159,3,0.8848723471164703,0.019477038100982707,0.09565060834089915,0.8653953090154877,6,5.192371854092926
1628921024265841322,256,27,0.400330613826712,0.08499704855649422,0.5146723289632549,0.3153335652702178,24,7.568005566485226
1629197825539547458,343,6,0.6540311457514763,0.059323378179222355,0.28664549385756255,0.594707767572254,10,5.947077675722539
1629319068674461396,66,0,0.33,0.33,0.34,0.0,0,0.0
1629799513455468813,404,0,0.741227818859948,0.020937977462179132,0.23783419446812737,0.720289841397769,9,6.48260857257992
1629804222667900705,410,2,0.7073300869762897,0.0890179900933678,0.2036519224776162,0.618312096882922,18,11.129617743892595
1630498195765382152,105,1,0.973558783531189,0.00762898987159133,0.018812209367752075,0.9659297936595976,1,0.9659297936595976
1631517876158372712,67,1,0.07524553686380386,0.00578277325257659,0.918971598148346,0.06946276361122727,1,0.06946276361122727
1631790049845412504,326,3,0.637956234626472,0.0379999615252018,0.3240437898784876,0.5999562731012702,4,2.399825092405081
1631946579770318696,199,0,0.33,0.33,0.34,0.0,0,0.0
1633835332422557933,297,3,0.7135998906940222,0.05139031397062354,0.23500981067307294,0.6622095767233986,8,5.297676613787189
1634109593599961488,86,2,0.5420006823539735,0.2233343282217781,0.23466501022378605,0.3186663541321953,3,0.9559990623965859
1634238694242588910,192,0,0.7531925123929977,0.08874338934818904,0.15806409996623794,0.6644491230448087,24,15.946778953075409
1635543562282188137,133,0,0.9769723415374756,0.0046774945221841335,0.018350163474678993,0.9722948470152915,1,0.9722948470152915
1636455607949568379,74,0,0.9672968983650208,0.007670585454131166,0.025032492975393932,0.9596263129108896,3,2.8788789387326688
1636990558298545596,183,0,0.33,0.33,0.34,0.0,0,0.0
1637376695545750060,182,5,0.9087950233312754,0.03719719004459106,0.05400779335831221,0.8715978332866843,13,11.330771832726896
1637727013672546893,170,2,0.9808233380317688,0.004272057209163904,0.014904627576470375,0.9765512808226049,2,1.9531025616452098
1637977344121694200,120,6,0.19660500437021255,0.18140017185360194,0.6219948291778564,0.015204832516610622,5,0.07602416258305311
1638166031539969598,77,2,0.6086379289627075,0.0411249998336037,0.3502370646844308,0.5675129291291038,3,1.7025387873873115
1638673556860874798,162,0,0.33,0.33,0.34,0.0,0,0.0
1639432297161084230,83,0,0.33,0.33,0.34,0.0,1,0.0
1639597289269138799,135,0,0.6069711924592655,0.12619324212272962,0.266835567591091,0.48077795033653575,6,2.8846677020192146
1640182066505916929,519,0,0.5398313226029277,0.27978487288020554,0.18038380391150716,0.2600464497227222,5,1.3002322486136109
1640528211886869913,140,0,0.33,0.33,0.34,0.0,0,0.0
1640736762657270040,514,4,0.8576601285735767,0.04194022616002865,0.10039964614436031,0.815719902413548,24,19.57727765792515
1640839455709406709,250,0,0.33,0.33,0.34,0.0,0,0.0
1640868875447658197,212,0,0.32984599471092224,0.08931974321603775,0.5808342695236206,0.2405262514948845,1,0.2405262514948845
1641328849298313231,731,0,0.7700206964462996,0.03459582883340773,0.195383469350636,0.7354248676128918,16,11.76679788180627
1641695874328609949,173,2,0.46046518951654436,0.19883340222761037,0.34070139940828087,0.261631787288934,4,1.046527149155736
1641897718790817855,354,3,0.9618379672368368,0.006283808189133803,0.03187818514804045,0.9555541590477029,3,2.866662477143109
1642750835997633903,481,0,0.33,0.33,0.34,0.0,0,0.0
1642974958673349140,1474,1,0.47472281781435016,0.15020899396799506,0.3750681877613068,0.3245138238463551,25,8.112845596158877
1644273073455410030,230,0,0.33,0.33,0.34,0.0,0,0.0
1644457223054922365,53,0,0.4604353349506855,0.08643635700829327,0.4531283110678196,0.37399897794239223,5,1.8699948897119612
1644495753652865625,624,6,0.8720870607495307,0.03929817133676261,0.08861475098691882,0.8327888894127682,20,16.655777788255364
1645714353877230528,238,1,0.7017635852098465,0.038486310513690114,0.2597501203417778,0.6632772746961564,2,1.3265545493923128
1645784158042407495,42,0,0.33,0.33,0.34,0.0,0,0.0
1645917004208398644,83,0,0.9812061488628387,0.006186185171827674,0.012607671320438385,0.9750199636910111,2,1.9500399273820221
1645975372830688292,57,0,0.8513884544372559,0.004538334906101227,0.14407314360141754,0.8468501195311546,1,0.8468501195311546
1646293837280251753,268,1,0.5762746758460999,0.13552526884526014,0.2882000685334206,0.4407494070008397,5,2.2037470350041986
1646675891677248960,143,3,0.6912415822347006,0.07306589907966554,0.23569252217809358,0.618175683155035,3,1.854527049465105
1647153408807566191,594,20,0.7861094491481782,0.04274413112271577,0.17114643281418832,0.7433653180254624,20,14.867306360509247
1647298220676921113,73,0,0.33,0.33,0.34,0.0,2,0.0
1647427463272547161,42,0,0.33,0.33,0.34,0.0,1,0.0
1648765101853094128,182,0,0.33,0.33,0.34,0.0,0,0.0
1649051001343593672,230,12,0.22362543269991875,0.027473598000748705,0.7489009745186195,0.19615183469917005,24,4.707644032780081
1649846946755470251,251,0,0.7626843274065427,0.0562674837479634,0.1810481879141714,0.7064168436585793,14,9.88983581122011
1650183600552030444,49,0,0.6302819335460663,0.16952419696375728,0.20019389137625695,0.460757736582309,2,0.921515473164618
1650852652655068594,337,0,0.33,0.33,0.34,0.0,0,0.0
1651681169446346406,843,4,0.7050709780305624,0.02483032681629993,0.2700986913405359,0.6802406512142625,8,5.4419252097141
1652573024412655125,84,0,0.9237313866615295,0.013103402219712734,0.06316516548395157,0.9106279844418168,1,0.9106279844418168
1653007611468211226,104,1,0.9313547313213348,0.0034999713534489274,0.06514529511332512,0.9278547599678859,2,1.8557095199357718
1653246143449004238,214,2,0.3214149521663785,0.014066184172406793,0.6645188271068037,0.3073487679939717,4,1.2293950719758868
1653700167318945327,196,0,0.33,0.33,0.34,0.0,0,0.0
1653870506939431707,299,0,0.33,0.33,0.34,0.0,0,0.0
1654010177941574293,647,39,0.9212824077833266,0.008574614085124008,0.07014298904687166,0.9127077936982027,21,19.166863667662255
1655075308715895065,624,0,0.33,0.33,0.34,0.0,0,0.0
1655288108784336265,279,14,0.6200693007490852,0.13233631296167997,0.24759440226988358,0.4877329877874052,11,5.365062865661457
1655835579147811674,220,1,0.4514523998896281,0.1303084433451295,0.4182391725977262,0.3211439565444986,3,0.9634318696334958
1655867993391877774,230,8,0.874767617781957,0.039301366015182186,0.08593102390567463,0.8354662517667748,12,10.025595021201298
1655993548958503599,116,3,0.7456416245301565,0.11638545552889507,0.13797292552888393,0.6292561690012614,6,3.7755370140075684
1656066959269380960,262,0,0.6084559659163157,0.047401816273729004,0.34414222339789075,0.5610541496425867,3,1.6831624489277601
1657585677279424349,303,1,0.961747944355011,0.005288210076590379,0.03296385829647382,0.9564597342784206,3,2.869379202835262
1657664846102947677,72,0,0.8935243785381317,0.020211039576679468,0.08626453392207623,0.8733133389614522,2,1.7466266779229045
1658750206735265219,369,3,0.44495622858405115,0.18296860855072739,0.37207514284178617,0.26198762003332376,4,1.047950480133295
1658890972341419786,212,6,0.7426189317022052,0.10021612811035344,0.15716494624103822,0.6424028035918516,7,4.496819625142962
1659708848251184326,837,0,0.33,0.33,0.34,0.0,0,0.0
1659784903094548945,142,0,0.33,0.33,0.34,0.0,0,0.0
1661181944254684717,638,0,0.33,0.33,0.34,0.0,0,0.0
1661990695470288316,155,0,0.48065945506095886,0.07305078953504562,0.4462897777557373,0.40760866552591324,1,0.40760866552591324
1662263948252388342,335,2,0.7762512166425586,0.06418361094780267,0.15956515215337277,0.7120676056947559,8,5.696540845558047
1662899602078194888,99,0,0.33,0.33,0.34,0.0,0,0.0
1663328001209019314,638,18,0.9279583640396595,0.01023768603336066,0.06180396107956767,0.9177206780062989,20,18.354413560125977
1664376215987623283,451,6,0.8037999887019396,0.024779500061413273,0.17142049921676517,0.7790204886405263,8,6.2321639091242105
1664725355807862586,173,16,0.8981066349272927,0.04852868195545549,0.05336467754871895,0.8495779529718371,24,20.389870871324092
1665110710089599150,83,0,0.8069779318571091,0.08460567959584296,0.10841639832593501,0.7223722522612661,4,2.8894890090450644
1665131724761066945,210,0,0.33,0.33,0.34,0.0,0,0.0
1665283771007385381,208,0,0.7832967936992645,0.008484214544296265,0.20821896567940712,0.7748125791549683,2,1.5496251583099365
1666061952727512965,161,0,0.33,0.33,0.34,0.0,0,0.0
1666873987194734522,1013,4,0.822804624071488,0.027040589976912506,0.1501547730026337,0.7957640340945755,13,10.344932443229482
1667067156241828994,155,0,0.33,0.33,0.34,0.0,0,0.0
1667575072246721149,197,0,0.33,0.33,0.34,0.0,0,0.0
1667616744878988772,166,0,0.33,0.33,0.34,0.0,0,0.0
1667776959995592461,207,0,0.33,0.33,0.34,0.0,1,0.0
1667828643751142424,144,0,0.33,0.33,0.34,0.0,1,0.0
1668435409125125567,76,4,0.7318328323215246,0.05466937645338476,0.21349777958355845,0.6771634558681399,8,5.417307646945119
1668455665254832707,499,0,0.9786712527275085,0.0020254384726285934,0.019303366541862488,0.97664581425488,1,0.97664581425488
1668482104814222031,270,3,0.8760043978691101,0.010500905336812139,0.11349468235857785,0.865503492532298,4,3.462013970129192
1668857978123260062,393,0,0.33,0.33,0.34,0.0,0,0.0
1669236472055885943,173,0,0.9172308444976807,0.011408917605876923,0.07136023044586182,0.9058219268918037,1,0.9058219268918037
1669331929878314447,336,0,0.9720288664102554,0.006151820300146937,0.021819316316395998,0.9658770461101085,4,3.863508184440434
1669598940713815546,424,0,0.7544085264205933,0.019810701627284287,0.22578078024089338,0.7345978247933089,10,7.34597824793309
1669781555383148470,826,0,0.5939131006598473,0.06239314842969179,0.34369379561394453,0.5315199522301555,2,1.063039904460311
1670442921507546105,203,0,0.33,0.33,0.34,0.0,0,0.0
1671241360769806501,66,0,0.4261256859699885,0.1368950058768193,0.4369792851805687,0.2892306800931692,3,0.8676920402795076
1671450505634868657,308,8,0.5083754491060972,0.19279073760844767,0.29883380932733417,0.31558471149764955,8,2.5246776919811964
1671962816197558125,241,0,0.33,0.33,0.34,0.0,0,0.0
1672608173034209611,335,0,0.7070183412233989,0.11376582983881235,0.17921586153407895,0.5932525113845865,3,1.7797575341537595
1673376699657689700,83,0,0.33,0.33,0.34,0.0,0,0.0
1673494796729367656,324,3,0.5552182625979185,0.051256516366265714,0.39352521672844887,0.5039617462316528,4,2.015846984926611
1673747873073038128,111,2,0.7097053175850918,0.030323478818233864,0.259971212407476,0.679381838766858,19,12.908254936570302
1673770717518070579,654,0,0.9432544708251953,0.004717268515378237,0.05202830210328102,0.9385372023098171,1,0.9385372023098171
1674053648622901607,821,16,0.9412403280536333,0.020026026584673673,0.03873365093022585,0.9212143014689597,24,22.109143235255033
1674762351544589855,242,1,0.7645153856277466,0.11247898100254437,0.12300563422342142,0.6520364046252022,3,1.9561092138756067
1674791689494968294,325,0,0.33,0.33,0.34,0.0,0,0.0
1674798170592119705,395,0,0.5576844470841544,0.036563872160123925,0.4057516919981156,0.5211205749240305,14,7.2956880489364275
1675558906539105942,75,6,0.6768692446251711,0.008391456950145463,0.31473925958077115,0.6684777876750255,6,4.010866726050153
1676731934862270025,110,0,0.33,0.33,0.34,0.0,1,0.0
1679223177015712983,94,0,0.33,0.33,0.34,0.0,1,0.0
1679815999867375810,624,0,0.06393315643072128,0.14586177468299866,0.7902050018310547,-0.08192861825227737,1,-0.08192861825227737
1679968587119805335,668,0,0.49095505848526955,0.0719647379592061,0.43708021007478237,0.41899032052606344,2,0.8379806410521269
1680003164157212566,456,0,0.33,0.33,0.34,0.0,0,0.0
1680269677178971839,335,0,0.33,0.33,0.34,0.0,0,0.0
1680594718272810331,851,0,0.33,0.33,0.34,0.0,0,0.0
1680618288131107153,85,0,0.33,0.33,0.34,0.0,0,0.0
1681365053255091190,168,3,0.6572960102558136,0.16693293602205814,0.17577103951945902,0.49036307423375547,2,0.9807261484675109
1682385026754230182,725,10,0.6212355311621319,0.038879198022186756,0.33988527581095695,0.5823563331399452,11,6.405919664539397
1682890482739235475,313,6,0.8103879693150521,0.07118098079537352,0.11843105683568866,0.7392069885196785,12,8.870483862236142
1683649637327360900,447,14,0.9757376779680667,0.006301872270262759,0.017960446076872555,0.969435805697804,23,22.29702353104949
1684411223502530522,159,0,0.1426091895500819,0.1257195283100009,0.7316712824503581,0.016889661240080994,3,0.05066898372024298
1685532316979811996,679,0,0.33,0.33,0.34,0.0,0,0.0
1685577236993902586,323,23,0.9789560493968782,0.0048738548343646385,0.016170085296921786,0.9740821945625135,21,20.455726085812785
1686428835988317048,203,0,0.7827852016687393,0.048731204171199353,0.16848359410185368,0.73405399749754,8,5.87243197998032
1686670330625306947,112,3,0.980891207853953,0.0040917121805250645,0.015017076705892881,0.9767994956734279,3,2.930398487020284
1687007620849667030,465,1,0.6971861098794376,0.03925906482864829,0.2635548312085516,0.6579270450507894,17,11.184759765863419
1687675941624753690,195,0,0.6574172163009644,0.16651186087168754,0.17607091607525946,0.4909053554292768,2,0.9818107108585536
1687747470095788209,439,0,0.5532034287850062,0.03605525102466345,0.41074132588174606,0.5171481777603427,9,4.654333599843085
1687771995264337588,489,2,0.6309158205986023,0.01725200767396018,0.35183215141296387,0.6136638129246421,2,1.2273276258492842
1687821038833184215,121,24,0.7337429580092429,0.060730914582187934,0.2055261341606577,0.6730120434270551,24,16.152289042249322
1687956610758896884,877,5,0.7148695876048161,0.05042114031214554,0.2347092814858143,0.6644484472926706,13,8.637829814804718
1688049289776980853,381,1,0.685278335571289,0.0740861961003393,0.24063547107577327,0.6111921394709497,5,3.055960697354749
1688171485901771042,389,4,0.8657122679551442,0.0626832698735719,0.07160443690915903,0.8030289980815724,6,4.818173988489434
1688559659761014245,312,0,0.33,0.33,0.34,0.0,0,0.0
1688712378621688955,116,0,0.979574978351593,0.0035820240154862404,0.016843045130372047,0.9759929543361068,1,0.9759929543361068
1688875242994059657,404,13,0.8875772698471943,0.03969849456916563,0.07272424001712352,0.8478787752780287,24,20.34909060667269
1689246377726664756,294,7,0.7801781708747149,0.05407981532858685,0.16574200663715602,0.726098355546128,8,5.808786844369024
1689328101828165734,255,11,0.8691423010031383,0.03766796263990303,0.0931897155729433,0.8314743383632351,15,12.472115075448528
1689391817617735949,161,0,0.33,0.33,0.34,0.0,1,0.0
1690004076656739751,606,1,0.7214111685752869,0.004624394234269857,0.27396443486213684,0.716786774341017,1,0.716786774341017
1690851741073050257,251,15,0.9270786970853806,0.009911356342490763,0.06300993454642594,0.9171673407428897,20,18.343346814857796
1690909735749328230,683,4,0.5745200831443071,0.029807452810928226,0.395672470331192,0.5447126303333789,4,2.1788505213335156
1691090038148217043,758,0,0.33,0.33,0.34,0.0,0,0.0
1691999298663029644,105,0,0.33,0.33,0.34,0.0,0,0.0
1692784571776848301,368,24,0.8406294921040535,0.0708278871496441,0.08854261678333085,0.7698016049544094,24,18.475238518905826
1693638503845238003,244,0,0.10899106413125992,0.04927750676870346,0.8417313694953918,0.05971355736255646,1,0.05971355736255646
1693677302607288566,186,0,0.7041036659479142,0.10690433850245817,0.18899199209042958,0.597199327445456,7,4.180395292118192
1693781638713404275,1771,15,0.5447234334237874,0.12094099509296939,0.3343355984333903,0.42378243833081797,16,6.7805190132930875
1695794158340893333,32,0,0.946632444858551,0.0046127256937325,0.04875488579273224,0.9420197191648185,1,0.9420197191648185
1695927983782904788,105,5,0.5300540631158012,0.2002655423831727,0.26968039603105615,0.32978852073262843,7,2.308519645128399
1696615630679233552,395,18,0.924570694565773,0.007300476060481742,0.06812881249934435,0.9172702185052912,20,18.345404370105825
1696871801949133075,271,0,0.33,0.33,0.34,0.0,0,0.0
1698006033338487638,327,5,0.7032537440293365,0.032608684960200834,0.2641375865497523,0.6706450590691356,27,18.107416594866663
1699469698497899613,68,0,0.9231675863265991,0.00999514467548579,0.06683728541247547,0.9131724416511133,4,3.6526897666044533
1699508527931079262,74,0,0.33,0.33,0.34,0.0,1,0.0
1699526575433532362,552,6,0.6010567513108254,0.09834101337357425,0.30060226171277465,0.5027157379372511,8,4.021725903498009
1699594078999331059,91,13,0.9154482471942902,0.036010791392658247,0.04854097464206544,0.8794374558016319,22,19.347624027635902
1699686848562994840,214,1,0.44909381711234647,0.04833000542324347,0.5025761741174696,0.400763811689103,24,9.618331480538473
1699943045855580300,1010,17,0.9186572324145924,0.031249670195393264,0.05009309807792306,0.8874075622191991,22,19.52296636882238
1700481058849472322,164,1,0.7384393135178834,0.12560257108377604,0.13595811201259494,0.6128367424341074,24,14.708081818418577
1700763617131489477,860,0,0.33,0.33,0.34,0.0,0,0.0
1701831528637609050,80,1,0.989190936088562,0.0019136184128001332,0.008895490318536758,0.9872773176757619,1,0.9872773176757619
1702264655252204805,131,2,0.9204082829611642,0.010231123405641742,0.06936059426516294,0.9101771595555225,7,6.371240116888657
1702662132633276083,448,0,0.33,0.33,0.34,0.0,0,0.0
1703265196363058723,120,3,0.8878215915816171,0.05154361797629723,0.060634784887411766,0.8362779736053199,7,5.853945815237239
1704132513974009183,145,8,0.7923232414722443,0.0370506825237535,0.17062606910057365,0.7552725589484908,20,15.105451178969815
1704289122262460735,392,0,0.6631466575463613,0.1725577958347276,0.1642955655169984,0.4905888617116337,6,2.943533170269802
1704510492007746989,329,7,0.8554416140488216,0.030927125242804842,0.11363125786451357,0.8245144888060167,14,11.543202843284234
1704520372832855746,143,0,0.5649469718337059,0.048094098921865225,0.38695896603167057,0.5168528729118407,2,1.0337057458236814
1704609109357091404,430,0,0.4891350958496332,0.03702267771586776,0.47384221479296684,0.45211241813376546,2,0.9042248362675309
1704669147052210859,215,21,0.7517785850815152,0.11790721312246245,0.13031420126962273,0.6338713719590526,23,14.579041555058211
1704691644860981493,178,0,0.7052191021707324,0.11444903941307631,0.18033186020122635,0.590770062757656,9,5.316930564818904
1704695042750482523,108,0,0.7087863186995188,0.02087231244271,0.2703414062658946,0.6879140062568089,3,2.0637420187704265
1705169612561432435,89,0,0.28551194071769714,0.01322077214717865,0.7012672424316406,0.2722911685705185,1,0.2722911685705185
1705819505168910341,165,1,0.6058349096775055,0.16979334313422442,0.22437175557017328,0.4360415665432811,2,0.8720831330865622
1705936426392276478,345,19,0.9227849693047372,0.02397548440010532,0.05323953616089727,0.898809484904632,19,17.077380213188007
1707436435283250040,506,0,0.33,0.33,0.34,0.0,0,0.0
1707517865413780793,215,19,0.846965298312051,0.05534906775757138,0.09768564285000875,0.7916162305544796,21,16.62394084164407
1708221916055593132,94,0,0.8210554275512696,0.07116971051692964,0.10777485708892347,0.7498857170343399,5,3.7494285851716995
1708265327958982317,1088,0,0.4944992773234844,0.12700254718462625,0.3784981795276205,0.36749673013885814,6,2.204980380833149
1708330293943047347,368,17,0.8915085934268103,0.03243472169308613,0.07605668178862995,0.8590738717337243,18,15.463329691207036
1708346641093588843,72,2,0.9600373208522797,0.004712665337137878,0.03524997364729643,0.9553246555151418,2,1.9106493110302836
1709661573156377466,314,1,0.4556938360134761,0.026145598851144314,0.5181605120499929,0.42954823716233176,3,1.2886447114869952
1710432930425153678,158,3,0.8247606310844422,0.07694656679779291,0.0982927989512682,0.7478140642866492,5,3.739070321433246
1711041765072533660,936,19,0.8795630353375485,0.04123096560618203,0.07920601171490393,0.8383320697313664,19,15.928309324895961
1711069113010281670,797,2,0.5858766981214285,0.1089538018964231,0.30516948414966466,0.4769228962250054,4,1.9076915849000216
1711184212880648092,80,2,0.9736105600992838,0.0032240874134004116,0.023165360403557617,0.9703864726858834,3,2.9111594180576503
1711348234091683679,163,2,0.6937015838623047,0.14179272942058743,0.16450569263100626,0.5519088544417172,5,2.7595442722085863
1711661656569907815,371,0,0.33,0.33,0.34,0.0,0,0.0
1711742555291885681,219,9,0.5728386079333723,0.13177728675305844,0.29538410164648665,0.4410613211803138,16,7.056981138885021
1711913727506049860,574,9,0.9237428296605746,0.03344352106175696,0.042813656689443945,0.8902993085988177,24,21.367183406371623
1712553522551360807,191,1,0.6575956428050995,0.16770560430362821,0.17469879107549788,0.4898900385014713,2,0.9797800770029426
1712597504057206006,409,6,0.9686188016619001,0.005901589706939246,0.02547960342573268,0.9627172119549608,7,6.739020483684726
1713199462732425959,153,0,0.12621739506721497,0.006724141072481871,0.8670583963394165,0.1194932539947331,1,0.1194932539947331
1713233322937986077,286,2,0.7735916492342949,0.09412375995772891,0.13228459706529977,0.679467889276566,8,5.435743114212528
1713372502660682597,456,19,0.8444424070011486,0.04896271119105884,0.10659489578821443,0.7954796958100897,22,17.500553307821974
1714075137231458277,45,0,0.3899264335632324,0.006244491785764694,0.603829026222229,0.3836819417774677,1,0.3836819417774677
1714604649069249448,95,4,0.6246228454794203,0.06243074231914112,0.31294642723564586,0.5621921031602791,7,3.935344722121954
1714615245005539630,173,0,0.7359083443880081,0.012402332853525877,0.25168932671658695,0.7235060115344822,2,1.4470120230689645
1714658451671639924,103,4,0.874371694624424,0.04701077512232587,0.07861752809956671,0.8273609195020981,8,6.618887356016785
1714666836246445019,683,0,0.9663524627685547,0.006441543810069561,0.0272060614079237,0.9599109189584851,1,0.9599109189584851
1715344050229682230,130,2,0.48662103772163395,0.11664032242881756,0.3967386192828417,0.36998071529281634,3,1.109942145878449
1715501044808525866,1259,2,0.3179532467786755,0.08489623625895806,0.5971505272069147,0.23305701051971742,7,1.631399073638022
1715652889602245622,614,10,0.9064187005810116,0.0443249922549433,0.04925629553263602,0.8620937083260682,23,19.82815529149957
1715872433440608383,295,2,0.6538728260993958,0.1677088155038655,0.1784183542057872,0.48616401059553027,2,0.9723280211910605
1716408352455457971,110,2,0.45607739448547363,0.2499360620882362,0.29398654878139496,0.20614133239723742,4,0.8245653295889497
1716940338226114171,239,5,0.9472333192825317,0.007840798569044896,0.04492586385458708,0.9393925207134869,7,6.575747644994408
1717594529685477717,132,1,0.45338938196500145,0.17967745472987495,0.3669331186016401,0.2737119272351265,3,0.8211357817053795
1718559848741778207,459,0,0.6791573060913519,0.08501145133621651,0.23583123009482565,0.5941458547551354,22,13.071208804612978
1719041232493287522,119,24,0.8843075208153043,0.02129501278068693,0.09439745909756139,0.8630125080346174,21,18.123262668726966
1719902782045423460,215,1,0.30834371695527807,0.42628397524822503,0.26537231355905533,-0.11794025829294696,8,-0.9435220663435757
1720422675974894107,906,25,0.8995799484036184,0.026733600711026654,0.07368646063249219,0.872846347692592,22,19.202619649237022
1720739788493153743,785,0,0.6488452325016261,0.05771620196083354,0.2934385723931094,0.5911290305407925,18,10.640322549734265
1720757876204355818,212,5,0.8137360459566116,0.11089288049493917,0.07537109755910934,0.7028431654616725,8,5.62274532369338
1720816006403848298,400,15,0.9140298116207123,0.02775668982474599,0.058213492515496915,0.8862731217959663,16,14.18036994873546
1721243782405366266,115,0,0.33,0.33,0.34,0.0,0,0.0
1721371600051616910,51,1,0.3882776284217835,0.17203808991238476,0.43968428492546086,0.2162395385093987,2,0.4324790770187974
1721423553796204994,652,0,0.33,0.33,0.34,0.0,0,0.0
1721610692718633535,50,0,0.7740587592124939,0.040873829275369644,0.18506745994091034,0.7331849299371243,1,0.7331849299371243
1721929517804739582,1238,19,0.8202142324230888,0.04343855088238012,0.1363472086512907,0.7767756815407086,22,17.08906499389559
1721943165340752842,91,0,0.607672610282898,0.1734951361641288,0.2188322414457798,0.43417747411876917,2,0.8683549482375383
1721982701428361033,373,0,0.5747728557139635,0.08829860946163536,0.336928495708853,0.48647424625232816,4,1.9458969850093126
1722084158118918756,44,0,0.33,0.33,0.34,0.0,0,0.0
1722205371191024220,182,6,0.6719177425238821,0.04572199579121338,0.282360255734788,0.6261957467326688,9,5.635761720594019
1722233542550778833,64,0,0.33,0.33,0.34,0.0,0,0.0
1722669293197625970,187,0,0.33,0.33,0.34,0.0,0,0.0
1722698442385403114,1058,20,0.8913646403948466,0.03838896449073218,0.07024638786756744,0.8529756759041144,24,20.471416221698746
1722985825251076794,217,10,0.7398441386222839,0.06453268774992063,0.19562316584090392,0.6753114508723633,9,6.07780305785127
1723450203163189247,115,2,0.9385208785533905,0.003862114390358329,0.057617031037807465,0.9346587641630322,2,1.8693175283260643
1723522670257907932,740,0,0.45160967628161114,0.06096155397387015,0.4874287800408072,0.390648122307741,9,3.515833100769669
1724098498074262892,1094,22,0.7302002146840095,0.036801823077257725,0.23299796739593148,0.6933983916067519,20,13.867967832135037
1724103597351513589,711,24,0.8975152138868968,0.031597196525738884,0.0708875946320283,0.8659180173611579,24,20.78203241666779
1724823933504393736,201,2,0.370521180331707,0.06425379713376363,0.5652249579628309,0.3062673831979434,3,0.9188021495938301
1724940752217255770,328,2,0.7341410415172577,0.0909894915688783,0.17486948838084937,0.6431515499483794,10,6.431515499483794
1725041389710672762,61,0,0.33,0.33,0.34,0.0,0,0.0
1725476320220859346,376,6,0.6183258903771639,0.14126836486742833,0.24040573814883828,0.47705752550973557,16,7.632920408155769
1725524124398193452,416,4,0.7818212022100176,0.05582655097091837,0.1623522290906736,0.7259946512390992,7,5.081962558673695
1725646446944606948,180,7,0.6903824140131474,0.08700922932941467,0.22260834909044208,0.6033731846837327,8,4.8269854774698615
1725805206250142968,952,0,0.936772882938385,0.011580125972007712,0.05164701755469044,0.9251927569663773,6,5.551156541798264
1725834123525812778,348,4,0.9727416187524796,0.005525593122001737,0.021732792491093278,0.9672160256304778,4,3.8688641025219113
1725999352764019157,116,2,0.7025131837526958,0.12131158919694524,0.1761752330263456,0.5812015945557505,3,1.7436047836672515
1726169656523038264,837,4,0.4594166651368141,0.0815112657312836,0.45907207152673174,0.37790539940553053,7,2.6453377958387136
1726536757115239251,776,1,0.7744711740658834,0.04061727415627012,0.18491156184329435,0.7338538999096132,13,9.540100698824972
1726784729628115165,167,5,0.2637323721498251,0.0929517337617775,0.643315878411134,0.1707806383880476,6,1.0246838303282857
1726982162932285120,255,0,0.33,0.33,0.34,0.0,0,0.0
1727056258802878736,306,24,0.8775952757894993,0.06310571194975638,0.05929901626737168,0.8144895638397429,24,19.54774953215383
1727241818252001099,147,0,0.33,0.33,0.34,0.0,0,0.0
1727672367733380542,76,0,0.33,0.33,0.34,0.0,0,0.0
1727677418849745752,51,0,0.33,0.33,0.34,0.0,0,0.0
1727752184130537880,733,14,0.8012166248049055,0.03958021655944842,0.15920315204986504,0.7616364082454571,14,10.662909715436399
1728434565658101340,153,7,0.790686710410648,0.07553610286778874,0.13377716519766386,0.7151506075428592,9,6.436355467885733
1728706294734345345,386,0,0.33,0.33,0.34,0.0,0,0.0
1729190966097469417,127,0,0.33,0.33,0.34,0.0,1,0.0
1729339632700368266,236,6,0.7544093831131855,0.09644265640138959,0.14914796263910832,0.657966726711796,24,15.791201441083103
1729961950577611534,438,4,0.7879761933641775,0.05509378934611699,0.1569300224286105,0.7328824040180605,14,10.260353656252846
1730190981158151353,362,1,0.6634013205766678,0.02448946889489889,0.31210917327553034,0.6389118516817689,2,1.2778237033635378
1730443687286269070,390,0,0.9522755980491638,0.006572661269456148,0.04115172997117043,0.9457029367797076,5,4.728514683898538
1730599970301426202,290,9,0.9416040493683382,0.007127319303849204,0.0512686187655411,0.934476730064489,22,20.558488061418757
1730624537873341399,1123,17,0.9683154986964332,0.00616765574603859,0.025516841301901474,0.9621478429503946,18,17.318661173107103
1730819538668113947,600,0,0.4445953071117401,0.03144557774066925,0.5239591598510742,0.41314972937107086,1,0.41314972937107086
1731624789250762508,75,0,0.33,0.33,0.34,0.0,0,0.0
1732008274071146482,101,1,0.17803050577640533,0.09167882800102234,0.7302906513214111,0.086351677775383,2,0.172703355550766
1732103230789531332,137,0,0.9806835055351257,0.005264752893708646,0.014051723759621382,0.9754187526414171,2,1.9508375052828342
1732135794510832288,939,0,0.8358553147315979,0.0563003363693133,0.10784435506910087,0.7795549783622846,8,6.236439826898277
1732355525147660480,299,15,0.9434875753521919,0.019515921300432334,0.036996487922345604,0.9239716540517596,24,22.17531969724223
1732643937618917045,247,0,0.9532174468040466,0.005343771539628506,0.041438743472099304,0.9478736752644181,1,0.9478736752644181
1732913350408383288,592,0,0.7030758942498101,0.07249144101722374,0.22443267011394102,0.6305844532325864,9,5.6752600790932775
1732981484954291781,179,2,0.42538660764694214,0.08379808440804482,0.49081532657146454,0.3415885232388973,2,0.6831770464777946
1733023358913711648,70,0,0.9760905802249908,0.007291650399565697,0.016617773566395044,0.9687989298254251,2,1.9375978596508503
1733269215097742308,226,0,0.33,0.33,0.34,0.0,0,0.0
1733548961786832593,76,0,0.7670898735523224,0.006771393585950136,0.22613873332738876,0.7603184799663723,2,1.5206369599327445
1733723974264137532,185,0,0.755737628142039,0.11474938882204394,0.1295129890119036,0.640988239319995,3,1.9229647179599851
1733825175436976758,101,0,0.33,0.33,0.34,0.0,0,0.0
1734206489026806722,1316,0,0.6621228928367296,0.024443998622397583,0.3134330877413352,0.6376788942143321,3,1.9130366826429963
1734445248882897932,37,0,0.08417420089244843,0.2549546845257282,0.6608710686365763,-0.1707804836332798,3,-0.5123414508998394
1734960938191596017,212,0,0.33,0.33,0.34,0.0,0,0.0
1734986638360136225,813,3,0.3666367024679979,0.14718661312479528,0.48617668297141786,0.21945008934320262,6,1.3167005360592157
1735057699894247126,288,1,0.6318058501929045,0.09122070070588961,0.2769734365865588,0.5405851494870149,8,4.324681195896119
1735190681385980993,116,0,0.2553071081638336,0.05340932309627533,0.6912835836410522,0.2018977850675583,1,0.2018977850675583
1735217813062426819,142,1,0.8415582552552223,0.01669702783692628,0.1417447226898124,0.824861227418296,12,9.898334729019552
1735464958315091547,435,2,0.3061499930471182,0.3375552745088935,0.3562947430610657,-0.031405281461775306,5,-0.15702640730887651
1735936221529920575,186,3,0.7158721415201823,0.061605549793069564,0.22252230364208422,0.6542665917271128,6,3.9255995503626764
1736471423830292674,1005,7,0.5754797149300576,0.10143876527498166,0.3230815199812253,0.47404094965507587,15,7.110614244826138
1737133513534031189,151,2,0.5598735851049423,0.19376967665040867,0.24635673411190512,0.36610390845453367,4,1.4644156338181347
1737272051645017681,327,4,0.7496881857514381,0.1480301013798453,0.10228171618655324,0.6016580843715928,4,2.4066323374863714
1737305516965002967,158,0,0.4404161081711451,0.11914435011024277,0.44043953100840255,0.32127175806090236,3,0.9638152741827071
1737964325060818892,88,0,0.506452739238739,0.012892043218016624,0.48065516352653503,0.4935606960207224,1,0.4935606960207224
1738089398167115737,324,19,0.9274203119178613,0.009571834418845052,0.0630078500835225,0.9178484774990162,24,22.02836345997639
1738126590174776215,85,0,0.33,0.33,0.34,0.0,0,0.0
1738468559698374351,793,20,0.6958915094818388,0.08180303780228963,0.22230545141867228,0.6140884716795492,14,8.597238603513688
1738789647124966392,746,6,0.6873561764756838,0.02377903430412213,0.2888647766473393,0.6635771421715617,6,3.9814628530293703
1738871422530727593,108,0,0.654428580403328,0.09416584121063351,0.2514055896550417,0.5602627391926944,5,2.801313695963472
1738981265052603760,246,10,0.7726806674762206,0.04082675580189309,0.18649257424541493,0.7318539116743275,11,8.050393028417602
1739950989389021701,370,12,0.7681884220764041,0.03796871837321669,0.19384286297298967,0.7302197037031875,20,14.604394074063748
1740020669193574073,74,1,0.6567399287223816,0.16744605145417155,0.17581400794908406,0.48929387726821005,2,0.9785877545364201
1740284851824644188,65,0,0.33,0.33,0.34,0.0,0,0.0
1740589043638385504,567,0,0.33,0.33,0.34,0.0,0,0.0
1741033998886491642,376,0,0.33,0.33,0.34,0.0,0,0.0
1741400209048328345,219,2,0.9594040513038635,0.006623750397314628,0.03397215778628985,0.9527803009065489,3,2.8583409027196467
1741495337505713192,123,0,0.8557861049969991,0.004749185560892026,0.13946467575927576,0.851036919436107,3,2.5531107583083212
1742044319805797218,91,0,0.33,0.33,0.34,0.0,0,0.0
1742474853183961766,660,19,0.9082818392912547,0.03425435696030036,0.0574638087154987,0.8740274823309543,24,20.976659575942904
1742580291694077268,126,0,0.726233055194219,0.042297802244623504,0.23146911400059858,0.6839352529495955,3,2.0518057588487864
1743488533883923981,236,0,0.286800558368365,0.034959226846694946,0.6782402197519938,0.25184133152167004,3,0.7555239945650101
1743723578300102365,243,2,0.6181115070078522,0.15985223703435622,0.2220362530183047,0.458259269973496,8,3.666074159787968
1743891620857855548,247,19,0.7043840604890947,0.06537229622795207,0.23024364201756922,0.6390117642611427,23,14.697270578006282
1744439274287018800,132,0,0.9465905129909515,0.005813016323372722,0.04759649932384491,0.9407774966675788,2,1.8815549933351576
1744622555546848638,412,15,0.8532252770000034,0.061079971525145486,0.08569475136490332,0.792145305474858,18,14.258615498547442
1744625945131711465,73,0,0.33,0.33,0.34,0.0,0,0.0
1745821634357797496,74,0,0.6546502196788788,0.16825093348510564,0.17709888665005566,0.48639928619377315,2,0.9727985723875463
1745829000235545643,224,4,0.6514885718056134,0.18379909187156176,0.164712337287409,0.46768947993405163,7,3.2738263595383614
1745832898294436552,657,0,0.7310606425338322,0.08018872099618118,0.18875062353495095,0.6508719215376509,9,5.857847293838859
1745947722802598598,387,0,0.795027058995687,0.04159569449579487,0.1633772275596857,0.7534313644998922,13,9.794607738498598
1746055503917477794,1147,5,0.8543652363798835,0.027609982760623097,0.11802475992590189,0.8267552536192604,11,9.094307789811864
1746101201227527820,446,0,0.8585668790588775,0.026746192943925662,0.11468694243269661,0.831820686114952,24,19.963696466758847
1746110978620120671,74,0,0.33,0.33,0.34,0.0,0,0.0
1746681503393582753,552,0,0.7667618954181671,0.055228623050885904,0.17800947248935697,0.7115332723672813,12,8.538399268407375
1746779452296636150,334,0,0.33,0.33,0.34,0.0,0,0.0
1746925755501035982,437,0,0.7528338711708784,0.1691364222788252,0.07802972430363297,0.5836974488920532,4,2.334789795568213
1747353697408804720,187,13,0.9227888797010694,0.015865695671111877,0.06134542949231608,0.9069231840299575,14,12.696924576419406
1748007440227550955,155,3,0.9562828143437704,0.00714838885081311,0.036568816751241684,0.9491344254929572,3,2.8474032764788717
1748171587084206016,285,0,0.834671139717102,0.008399925660341978,0.15692895278334618,0.8262712140567601,2,1.6525424281135201
1748362315098255067,731,11,0.8047297980104174,0.06539689859242312,0.12987328028040274,0.7393328994179943,7,5.17533029592596
1748615710592037423,442,15,0.7069477893272414,0.15681822712804813,0.13623398617375643,0.5501295621991934,24,13.20310949278064
1748885686095979218,758,19,0.8936318698194291,0.028989617863876955,0.07737850398653084,0.8646422519555522,18,15.56356053519994
1749014384664962212,515,18,0.8004684636467382,0.05392872509056408,0.14560281225529156,0.7465397385561741,19,14.184255032567307
1749156088815019973,379,23,0.9332941466321548,0.007793733888926606,0.058912127725003906,0.9255004127432281,24,22.212009905837476
1749334635581433907,144,1,0.9526978731155396,0.0036617107689380646,0.043640437070280313,0.9490361623466015,2,1.898072324693203
1749454975035979561,99,0,0.33,0.33,0.34,0.0,0,0.0
1749457725745467893,880,0,0.33,0.33,0.34,0.0,0,0.0
1749615153667709161,223,5,0.5146903440356254,0.07746833562850952,0.4078413190320134,0.43722200840711595,5,2.1861100420355797
1749701901630577194,156,1,0.6336068594455719,0.17112556794658304,0.19526759915053846,0.46248129149898887,2,0.9249625829979777
1749911813048467654,169,0,0.6673370182514191,0.0833126490470022,0.2493503574281931,0.5840243692044169,5,2.9201218460220844
1749957133167502730,147,0,0.8969927728176117,0.019907819107174873,0.08309938758611679,0.8770849537104368,2,1.7541699074208736
1750060450233334298,321,1,0.9507862329483032,0.012701393105089664,0.036512404680252075,0.9380848398432136,1,0.9380848398432136
1750258163457466501,706,0,0.7511756668488184,0.02820546319708228,0.2206188659183681,0.7229702036517361,6,4.337821221910417
1750515175843102954,270,18,0.8837067448347806,0.030686051048105584,0.08560720940430959,0.8530206937866751,24,20.472496650880203
1750769670673391766,396,0,0.33,0.33,0.34,0.0,0,0.0
1750863612875721993,923,13,0.9811121433973312,0.005436276190448552,0.01345158126205206,0.9756758672068827,20,19.513517344137654
1750909156591654071,741,0,0.7069532771905264,0.0106127611361444,0.2824339388559262,0.696340516054382,3,2.089021548163146
1751010375347530390,150,0,0.7508375406265259,0.06544684004038573,0.18371563777327538,0.6853907005861402,5,3.426953502930701
1751302832025246458,128,0,0.5485859885811806,0.03433186747133732,0.4170821961015463,0.5142541211098433,2,1.0285082422196865
1751565402151166068,338,6,0.8176355299850305,0.02833688472552846,0.15402761303509274,0.789298645259502,6,4.735791871557012
1752013823220354668,306,4,0.9767700731754303,0.005603439756669104,0.01762650697492063,0.9711666334187612,4,3.8846665336750448
1752276935800652532,372,16,0.882993594010671,0.04219307240641987,0.07481332678554788,0.8408005216042511,18,15.13440938887652
1752342523726008596,133,1,0.6773089518149694,0.03867977407450477,0.28401127209266025,0.6386291777404646,3,1.9158875332213938
1753084960933195245,488,14,0.7708837122266943,0.06660626895048402,0.16251002957536417,0.7042774432762102,11,7.747051876038313
1753164113355451901,152,2,0.456454873085022,0.025121468119323254,0.5184236466884613,0.4313334049656987,2,0.8626668099313974
1753460528300950506,270,20,0.8531293186793724,0.03150509648238464,0.11536558122451727,0.8216242221969878,24,19.718981332727708
1753690132774152371,310,3,0.4520527878403664,0.1795019821356982,0.3684452269971371,0.27255080570466816,4,1.0902032228186727
1754128557054863302,752,3,0.9123769402503967,0.00988127738237381,0.07774176783859729,0.902495662868023,5,4.512478314340115
1754184999399244058,134,3,0.7187068313360214,0.008009220007807016,0.27328393096104264,0.7106976113282144,4,2.8427904453128576
1754253956409117779,474,2,0.6613383746147156,0.13281989079589646,0.2058417462309202,0.5285184838188192,3,1.5855554514564574
1754726440091205831,668,0,0.33,0.33,0.34,0.0,0,0.0
1754750430551886397,95,0,0.33,0.33,0.34,0.0,0,0.0
1754920193940997325,43,0,0.33,0.33,0.34,0.0,0,0.0
1754933693343090545,549,7,0.894939124584198,0.006350838479452899,0.09871003164776734,0.888588286104745,7,6.220118002733216
1755253882046898944,222,7,0.7374000768959522,0.07389427906274795,0.18870564515888694,0.6635057978332043,10,6.635057978332043
1755492313978495359,550,0,0.8010966095786828,0.01531712431460619,0.18358627348565137,0.7857794852640766,13,10.215133308432996
1755676877841084315,31,2,0.4654911563793818,0.13908915141597392,0.3954196867719293,0.32640200496340793,3,0.9792060148902237
1755936257995135303,709,16,0.8945041739239412,0.04418612169320969,0.061309690906063606,0.8503180522307315,17,14.455406887922436
1755976333397055035,130,0,0.8158454895019531,0.006713757989928126,0.17744075134396553,0.809131731512025,2,1.61826346302405
1756605868672301239,431,0,0.7002404807011287,0.09281968025335423,0.20693985406309368,0.6074208004477745,6,3.6445248026866466
1756786977451120831,107,0,0.33,0.33,0.34,0.0,0,0.0
1756787125829018171,713,5,0.6185131464004516,0.08912668547965587,0.2923601817637682,0.5293864609207958,5,2.646932304603979
1756883006167290691,912,0,0.9097945654392242,0.033657278122069936,0.056548142119621246,0.8761372873171543,24,21.027294895611703
1756935218895108144,549,1,0.6602815896272659,0.05561367711052299,0.28410474173724654,0.6046679125167429,5,3.0233395625837147
1757134228041330829,29,0,0.33,0.33,0.34,0.0,0,0.0
1757166612816745007,312,2,0.9436001181602478,0.01142993732355535,0.04496997129172087,0.9321701808366925,2,1.864340361673385
1757610648042683179,707,4,0.6381810266375542,0.11912179271131755,0.24269717636704446,0.5190592339262367,5,2.595296169631183
1757686400915250349,380,0,0.33,0.33,0.34,0.0,0,0.0
1758400340720705446,353,13,0.4611961725468819,0.22581447954074696,0.31298935027649766,0.23538169300613496,13,3.0599620090797544
1758484746725669180,747,3,0.8144411337375641,0.08598064332501963,0.09957820110954345,0.7284604904125445,4,2.913841961650178
1758666158779458547,111,0,0.33,0.33,0.34,0.0,0,0.0
1758709990515719847,452,14,0.684928179199879,0.08926273302175104,0.2258090769069699,0.5956654461781279,13,7.743650800315662
1758771090929169930,358,9,0.9278956280435835,0.02950099730398506,0.04260338065613594,0.8983946307395984,14,12.577524830354378
1758822851233111331,424,0,0.7734687221050263,0.09405466318596155,0.13247661016881468,0.6794140589190647,4,2.717656235676259
1758895425962971630,1263,5,0.5500395968556404,0.055399358089614124,0.39456102943846155,0.4946402387660263,14,6.924963342724368
1758902589313099627,327,11,0.9647090666823916,0.010390987218771543,0.024899955269777112,0.9543180794636201,18,17.177725430345163
1759057978344127214,1234,0,0.8564678836427628,0.029072861441139446,0.11445924620920171,0.8273950222016234,24,19.857480532838963
1759096779254811410,116,0,0.33,0.33,0.34,0.0,0,0.0
1759146399524936833,58,0,0.33,0.33,0.34,0.0,0,0.0
1759589371260207118,120,0,0.09174459427595139,0.05390716344118118,0.854348212480545,0.0378374308347702,2,0.0756748616695404
1759853301825025236,308,10,0.973885158697764,0.006036082224454731,0.020078774852057297,0.9678490764733093,12,11.614188917679712
1760123375927173360,124,0,0.9640055000782013,0.005407586460933089,0.030586964450776577,0.9585979136172682,2,1.9171958272345364
1760295217929765431,827,19,0.9387660684368826,0.024172736635346984,0.03706119794398546,0.9145933318015357,22,20.121053299633786
1760540391155113300,711,3,0.8163360986709595,0.07388736143149435,0.10977654050290586,0.7424487372394651,5,3.7122436861973256
1760926068950278746,930,0,0.33,0.33,0.34,0.0,0,0.0
1761013844643418335,880,15,0.9288563763011585,0.02243098565461961,0.04871263300661337,0.9064253906465389,22,19.941358594223857
1761027805519033122,280,0,0.4002722005049388,0.027442581641177338,0.5722852150599161,0.3728296188637614,3,1.1184888565912843
1761066340998480329,118,2,0.7901151403784752,0.10190441075246781,0.10798044945113361,0.6882107296260074,4,2.7528429185040295
1761083365603025145,144,2,0.7475857734680176,0.012463812250643969,0.23995045572519302,0.7351219612173736,2,1.4702439224347472
1761170650191763407,968,0,0.33,0.33,0.34,0.0,0,0.0
1761508112684973271,537,13,0.918716718753179,0.00958091308712028,0.07170235784724355,0.9091358056660587,24,21.819259335985407
1761680414601382207,162,5,0.8792789152264595,0.047978005333570765,0.07274309303145857,0.8313009098928887,8,6.65040727914311
1761775338722341652,117,2,0.6559950494766236,0.1683271734137088,0.17567777967080475,0.48766787606291473,2,0.9753357521258295
1761936924593835090,261,0,0.33,0.33,0.34,0.0,0,0.0
1762084587246523156,120,0,0.33,0.33,0.34,0.0,0,0.0
1762458543900033308,1113,12,0.66243122114585,0.11623563810394934,0.22133313123996443,0.5461955830419006,13,7.100542579544708
1762558772783645716,282,5,0.8561857455968857,0.04358817991412556,0.10022607935902973,0.8125975656827601,12,9.751170788193122
1762579015207994260,196,0,0.6950175613164902,0.03685043084745606,0.26813199433187646,0.6581671304690341,3,1.9745013914071023
1763385877320394249,98,0,0.6034324397146702,0.108133824756369,0.2884337311051786,0.4952986149583012,4,1.9811944598332047
1763619150607871628,257,0,0.9557870924472809,0.010039310029242188,0.034173607593402267,0.9457477824180387,4,3.782991129672155
1763689251737761159,144,2,0.8895466327667236,0.006828682264313102,0.1036247001029551,0.8827179505024105,2,1.765435901004821
1763951855718972732,289,9,0.718718536734581,0.10786691678315401,0.1734145343285054,0.610851619951427,10,6.10851619951427
1764335810647086383,344,10,0.7140181629525291,0.05756524514820841,0.2284165950036711,0.6564529178043207,9,5.908076260238886
1764371707563608935,408,1,0.5770537133018175,0.05373816300804416,0.369208129743735,0.5233155502937734,3,1.5699466508813202
1764567753693377575,595,0,0.33,0.33,0.34,0.0,0,0.0
1764674707766849986,1347,20,0.7882801905545321,0.04891228304752573,0.1628075210005045,0.7393679075070064,22,16.26609396515414
1765279541536215637,117,0,0.46577344179153446,0.24396082103252412,0.2902657446265221,0.22181262075901031,2,0.44362524151802063
1765309071726317214,733,16,0.9772782041912987,0.0057258497302730875,0.016995945501895177,0.9715523544610256,21,20.402599443681538
1765780078519529336,261,0,0.33,0.33,0.34,0.0,0,0.0
1765842919133426980,600,0,0.33,0.33,0.34,0.0,0,0.0
1766200323686525051,80,6,0.9804648160934448,0.005843773678255578,0.013691409180561701,0.9746210424151892,6,5.8477262544911355
1766370726062207937,292,17,0.7713391250489574,0.05655313293008428,0.1721077290314593,0.7147859921188731,19,13.580933850258589
1766503806907741379,264,15,0.9133378751575947,0.00649272563168779,0.0801694022375159,0.9068451495259069,16,14.50952239241451
1766591185524586980,15,0,0.33,0.33,0.34,0.0,0,0.0
1766732438821641259,325,1,0.7488486063480377,0.09119635946583003,0.1599550433829427,0.6576522468822077,4,2.6306089875288308
1767269714609305152,687,16,0.8994690190255642,0.027073965184972622,0.07345701510552317,0.8723950538405916,16,13.958320861449465
1767581095854754334,53,0,0.33,0.33,0.34,0.0,0,0.0
1768066831001891101,368,1,0.7639632225036621,0.013519950211048126,0.22251677513122559,0.750443272292614,1,0.750443272292614
1768264631829461204,337,23,0.506332721322154,0.19591470836273706,0.2977525677733744,0.31041801295941696,24,7.450032311026007
1768557071034499821,119,0,0.33,0.33,0.34,0.0,0,0.0
1768871376086699143,704,0,0.33,0.33,0.34,0.0,0,0.0
1768990631701324422,192,0,0.8106359365582466,0.05405482126923744,0.135309240615461,0.7565811152890092,16,12.105297844624147
1768999899998588365,167,3,0.8662788569927216,0.00679703177108119,0.12692413680876294,0.8594818252216404,6,5.156890951329842
1769008016437777586,266,0,0.33,0.33,0.34,0.0,0,0.0
1769111381954857870,769,2,0.6815101329088211,0.07491128024086356,0.24357857707142833,0.6065988526679575,5,3.0329942633397877
1769566700390130181,183,5,0.8203912675380707,0.020509897207375616,0.15909883321728557,0.7998813703306951,8,6.3990509626455605
1769837559775335888,229,3,0.6484532553553581,0.08106665842607617,0.27048006489127874,0.567386596929282,5,2.8369329846464097
1770214540807402040,271,0,0.9409462894712176,0.013435215223580599,0.04561849217861891,0.927511074247637,7,6.492577519733459
1770945204251982384,622,7,0.7714923090594156,0.056683132647137556,0.17182457648749863,0.714809176412278,7,5.003664234885946
1771132988601766107,991,1,0.28926825523376465,0.09127196669578552,0.6194597482681274,0.19799628853797913,1,0.19799628853797913
1771231861851583434,442,20,0.8928938333554701,0.0387677118876441,0.06833845310590485,0.8541261214678261,22,18.790774672292173
1771234468536194406,626,24,0.9484673482894896,0.020572676208615307,0.03095997296869755,0.9278946720808744,25,23.19736680202186
1771310598820022489,427,0,0.8591788908697309,0.03256565052661158,0.10825546033325649,0.8266132403431194,21,17.358878047205508
1771630681191333768,511,16,0.9072924000566656,0.03811347570693629,0.054594125781546946,0.8691789243497293,11,9.560968167847022
1771780741174986145,414,17,0.9484863980192886,0.021224664422242266,0.030288935254671075,0.9272617335970464,19,17.617972938343883
1771878018013259158,114,2,0.8581717312335968,0.014846739824861288,0.12698150426149368,0.8433249914087355,2,1.686649982817471
1772012435903737440,119,0,0.973701556523641,0.0072238400268057985,0.01907459491242965,0.9664777164968351,3,2.8994331494905055
1772080886483044203,144,0,0.33,0.33,0.34,0.0,0,0.0
1772269277706804525,457,0,0.929706868648529,0.02748646980896592,0.04280665890375774,0.9022203988395632,15,13.533305982593447
1773326682750286404,145,0,0.8639419078826904,0.03516835719347,0.10088977217674255,0.8287735506892204,1,0.8287735506892204
1773924852147703791,240,3,0.7557614699999492,0.11397231553991637,0.13026621135572594,0.6417891544600328,3,1.9253674633800983
1773955865737447657,592,0,0.33,0.33,0.34,0.0,0,0.0
1774430806006485796,185,0,0.13448220491409302,0.08500979095697403,0.7805079221725464,0.04947241395711899,1,0.04947241395711899
1774789311523994461,345,0,0.33,0.33,0.34,0.0,0,0.0
1774839330234544756,336,0,0.33,0.33,0.34,0.0,0,0.0
1775606019949247305,83,0,0.33,0.33,0.34,0.0,0,0.0
1775614164213797742,348,8,0.7331772989034653,0.0989103196905521,0.1679123977749892,0.6342669792129132,23,14.588140521897003
1775655899585360398,723,8,0.764149603843689,0.07096968435343694,0.16488069958984852,0.693179919490252,11,7.624979114392772
1775878282328164910,33,0,0.5955063700675964,0.023688994348049164,0.3808045983314514,0.5718173757195473,1,0.5718173757195473
1776269400362813591,208,0,0.33,0.33,0.34,0.0,0,0.0
1776303994278712429,58,0,0.5348831452429295,0.006296486593782902,0.45882035233080387,0.5285866586491466,2,1.0571733172982931
1776903694353230340,472,20,0.9531036352027545,0.019088232515972445,0.027808127423579045,0.9340154026867822,22,20.548338859109208
1777086245638678278,35,0,0.33,0.33,0.34,0.0,0,0.0
1777606768076354230,12,0,0.33,0.33,0.34,0.0,0,0.0
1777675822368071295,712,0,0.9781241416931152,0.008617616258561611,0.013258210383355618,0.9695065254345536,1,0.9695065254345536
1778266435492045229,166,0,0.33,0.33,0.34,0.0,1,0.0
1778447531144172168,710,3,0.6516901950041453,0.062142871941129364,0.2861669460932414,0.5895473230630159,3,1.7686419691890478
1778490928752214636,108,0,0.638047382235527,0.0213081578258425,0.34064443316310644,0.6167392244096845,2,1.233478448819369
1778509361224984729,15,1,0.1327851377427578,0.1977224200963974,0.6694924533367157,-0.0649372823536396,2,-0.1298745647072792
1778670545418344182,161,7,0.9858200086487664,0.004308039762286676,0.009871953322241703,0.9815119688864797,9,8.833607719978318
1778984886556845157,314,3,0.29761238455772404,0.1325883834064007,0.5697992531458537,0.16502400115132332,3,0.49507200345396996
1779031362448342189,261,0,0.43695260147253673,0.1444019001349807,0.41864548255999884,0.29255070133755606,3,0.8776521040126681
1779954729658794151,443,5,0.6719348135590554,0.15901603012966614,0.1690491388489803,0.5129187834293892,6,3.077512700576335
1779966426849857974,91,1,0.9757728576660156,0.00811142846941948,0.01611574087291956,0.9676614291965961,2,1.9353228583931923
1779986586522195117,312,1,0.6072215735912323,0.017548727182050545,0.37522969394922256,0.5896728464091817,3,1.7690185392275453
1780168293961727735,258,3,0.9679386218388876,0.005344971859206756,0.02671642539401849,0.9625936499796808,3,2.8877809499390423
1780467274386401229,302,4,0.5740468955785036,0.1358975064952392,0.29005559271667153,0.4381493890832644,8,3.505195112666115
1780561521194181337,220,1,0.1943967377438265,0.09936485875069219,0.7062384039711427,0.09503187899313428,17,1.615541942883283
1781247956960267590,238,19,0.9269677617549895,0.024671194314491003,0.04836103306896985,0.9022965674404986,20,18.045931348809972
1781293381817747717,165,0,0.14507408440113068,0.10528551042079926,0.7496404051780701,0.03978857398033142,4,0.15915429592132568
1781356092383883866,322,19,0.8929615630706151,0.03458048185818673,0.0724579482463499,0.8583810812124284,24,20.60114594909828
1781378710111224856,120,5,0.9702823400497437,0.004721285356208682,0.024996350333094598,0.9655610546935349,5,4.827805273467675
1781495992254692859,75,0,0.6969129101435344,0.12160068313280742,0.18148638685544335,0.5753122270107269,3,1.7259366810321808
1782070611255030601,548,9,0.962036214091561,0.007335311352190646,0.030628475614569405,0.9547009027393704,22,21.00341986026615
1782170924587217393,729,2,0.8616337480911842,0.05827040695155469,0.0800958484497208,0.8033633411396295,13,10.443723434815183
1782203011005059614,461,6,0.8911651717498899,0.013767196166251475,0.09506764049486567,0.8773979755836384,24,21.05755141400732
1782250467649565933,502,7,0.6800651519229779,0.12120749555241604,0.19872735349174878,0.5588576563705618,26,14.530299065634608
1782448371261633757,89,0,0.33,0.33,0.34,0.0,0,0.0
1782471777433954423,416,0,0.18052926659584045,0.012822345830500126,0.8066483736038208,0.16770692076534033,1,0.16770692076534033
1782509939248460055,183,7,0.5830742125213146,0.09267047195637133,0.32425532400608065,0.4904037405649433,8,3.9232299245195463
1782773293038682194,115,4,0.5556282017230988,0.07286854240484536,0.3715032393410802,0.4827596593182534,5,2.413798296591267
1783009364580687281,716,0,0.33,0.33,0.34,0.0,0,0.0
1783421678505632745,221,0,0.9889585971832275,0.0028281169943511486,0.008213271386921406,0.9861304801888764,1,0.9861304801888764
1783550840738228571,377,0,0.33,0.33,0.34,0.0,0,0.0
1784440766073783943,1172,7,0.30706834737743655,0.15314277764941966,0.5397888667242868,0.15392556972801685,7,1.077478988096118
1784588287185535149,248,0,0.9188363732894261,0.02195011253623913,0.0592135248069341,0.896886260753187,24,21.52527025807649
1784849800211916844,257,1,0.9803376197814941,0.003445799850548307,0.016216575168073177,0.9768918199309459,3,2.9306754597928375
1784953633512399702,70,0,0.33,0.33,0.34,0.0,0,0.0
1785388922281768164,14,0,0.2751257709562779,0.2844106777906418,0.44046356391906744,-0.009284906834363938,5,-0.04642453417181969
1785389922329646589,14,0,0.06815232336521149,0.08397673815488815,0.847870945930481,-0.015824414789676666,1,-0.015824414789676666
1785709666213172817,269,0,0.9052702109018962,0.013010121198991935,0.08171966963758072,0.8922600897029043,30,26.767802691087127
1785715362681338407,427,0,0.33,0.33,0.34,0.0,0,0.0
1786059459530076123,24,0,0.33,0.33,0.34,0.0,0,0.0
1786060406947985973,272,65,0.22165963229980873,0.08330494748408648,0.695035414038662,0.13835468481572227,94,13.005340372677894
1786071519026397909,148,0,0.6658357735723257,0.00640555436257273,0.3277586894109845,0.659430219209753,4,2.637720876839012
1786424525265895707,672,7,0.8966852873563766,0.021026375383371487,0.08228834229521453,0.8756589119730052,24,21.015813887352124
1786917517617647275,16,1,0.3776033818721771,0.16929391724988818,0.4531027376651764,0.20830946462228894,2,0.4166189292445779
1787142046253704894,309,0,0.33,0.33,0.34,0.0,0,0.0
1787162032270142070,669,5,0.7640461623668671,0.02095429180189967,0.21499951913331947,0.7430918705649674,6,4.458551223389804
1787197165565101998,449,16,0.9114487870115981,0.023143833290883587,0.06540737267583609,0.8883049537207147,19,16.87779412069358
1788040781431169716,67,0,0.33,0.33,0.34,0.0,0,0.0
1788111056733482068,898,0,0.7469077603816986,0.04750289841741324,0.20558935889601707,0.6994048619642854,10,6.994048619642854
1789135743446571053,445,23,0.9109994728739063,0.02680125076828214,0.062199284128534295,0.8841982221056242,24,21.22075733053498
1789259150983809032,138,0,0.49237027525901794,0.24799483100883662,0.2596349032782018,0.24437544425018132,4,0.9775017770007253
1790056635947968712,228,0,0.08128016069531441,0.0275389164686203,0.8911809086799621,0.05374124422669411,10,0.5374124422669411
1790814834243993713,41,0,0.6061128163337708,0.16913881801068784,0.22474838241934778,0.4369739983230829,2,0.8739479966461658
1790848002279888032,99,2,0.7037973658243816,0.11737292288492124,0.17882971222201985,0.5864244429394603,3,1.7592733288183808
1790851460784029117,501,5,0.9614914779861768,0.005926074625070517,0.032582439947873354,0.9555654033611063,24,22.93356968066655
1790947835555171376,519,18,0.6591219553832586,0.18612188311060893,0.154756168005988,0.4730000722726497,24,11.352001734543592
1791014965820145393,354,1,0.8406985227266949,0.0545060315306875,0.10479543652917658,0.7861924911960072,21,16.510042315116152
1791147058679547029,65,0,0.8009505313634873,0.08702643044991419,0.11202300157397986,0.7139241009135731,4,2.8556964036542922
1791288047893767711,489,1,0.457947701215744,0.06549539417028427,0.4765568971633911,0.39245230704545975,1,0.39245230704545975
1791335369021532166,458,0,0.33,0.33,0.34,0.0,0,0.0
1791399424170954023,394,1,0.9439370367262099,0.010717085821347104,0.0453458763141599,0.9332199509048628,18,16.79795911628753
1792940486789687642,203,11,0.9231711370294744,0.034589674846184526,0.042239197924394505,0.8885814621832899,11,9.774396084016189
1793193548755385686,653,0,0.33,0.33,0.34,0.0,0,0.0
1793578241551752795,590,0,0.6317482441663742,0.053385287833710514,0.31486645589272183,0.5783629563326637,3,1.735088868997991
1793602190592298592,439,2,0.7682855625947317,0.13433441635376464,0.09738001661996047,0.633951146240967,15,9.509267193614505
1793661254410676309,298,21,0.9329161753966695,0.013015154327842452,0.054068676417782194,0.919901021068827,21,19.317921442445368
1794009157515716184,333,0,0.33,0.33,0.34,0.0,0,0.0
1794051046943906819,137,0,0.33,0.33,0.34,0.0,0,0.0
1794369665083786568,1333,11,0.9020748489835988,0.0350625880362223,0.06286256437716277,0.8670122609473765,23,19.94128200178966
1794397215050232968,468,4,0.8263466540028651,0.0448439332038785,0.1288093798942864,0.7815027207989866,30,23.4450816239696
1794522915103243038,674,0,0.9882043600082397,0.0021574590355157852,0.009638123214244843,0.986046900972724,1,0.986046900972724
1795055209836648088,278,1,0.659407015889883,0.3026276476836453,0.03796533138180772,0.35677936820623773,3,1.0703381046187133
1795488478932647894,205,0,0.33,0.33,0.34,0.0,0,0.0
1795899030132702918,154,0,0.33,0.33,0.34,0.0,0,0.0
1796236626968641902,136,3,0.6988581485748291,0.13776778473332524,0.16337406827509404,0.5610903638415039,5,2.8054518192075193
1796333878250444156,450,0,0.33,0.33,0.34,0.0,0,0.0
1796444496206850963,192,2,0.887901628613472,0.046012069758726286,0.06608630381058903,0.8418895588547457,8,6.735116470837966
1796510452174272999,66,1,0.7431677579879761,0.019835464656352997,0.23699674010276794,0.7233322933316231,1,0.7233322933316231
1796511021659860236,60,0,0.9697816371917725,0.004393570125102997,0.02582480199635029,0.9653880670666695,1,0.9653880670666695
1796521096814469410,464,14,0.8624431755963494,0.060124404952477895,0.07743242631282878,0.8023187706438715,17,13.639419100945815
1796621328918768582,47,2,0.4703523969650269,0.17159962962071104,0.3580479870736599,0.29875276734431583,3,0.8962583020329475
1796802191743748362,733,5,0.7432241532802581,0.12362434327043595,0.1331515005156398,0.6195998100098222,5,3.0979990500491112
1796810560152949617,804,0,0.5689920457825065,0.1841594936818971,0.24684845625733334,0.38483255210060935,24,9.235981250414625
1797447827787696007,104,0,0.9837812185287476,0.005846732296049595,0.010372072458267212,0.977934486232698,1,0.977934486232698
1797596087089634104,63,0,0.7553186458349228,0.09594654010608793,0.1487348128948361,0.6593721057288349,4,2.6374884229153395
1798291517371165533,113,3,0.6726622041066488,0.11397862897564968,0.2133591498434544,0.5586835751309991,3,1.6760507253929973
1798839229300677542,207,11,0.9364615861007145,0.028092284165988014,0.035446127288575685,0.9083693019347265,14,12.717170227086172
1798934481224983193,38,0,0.33,0.33,0.34,0.0,0,0.0
1799004987600968654,148,4,0.6878049601614475,0.09767216899082996,0.21452285795472564,0.5901327911706176,8,4.7210623293649405
1799025290548997330,84,0,0.912683367729187,0.00479674618691206,0.08251988887786865,0.907886621542275,1,0.907886621542275
1799165304728994028,189,6,0.8074116806189219,0.015816144878044724,0.17677216495697698,0.7915955357408772,6,4.749573214445263
1799255351653148956,173,6,0.5994911970411029,0.19144188235913004,0.2090669068960207,0.40804931468197275,7,2.8563452027738094
1799453644219879110,128,13,0.9261269281804562,0.025109280696487987,0.04876380059635267,0.9010176474839682,16,14.41628235974349
1799554299068907556,315,19,0.8687887446333965,0.025573911843821406,0.1056373348692432,0.8432148327895751,24,20.2371559869498
1799609358913732075,144,5,0.8746510342189244,0.05685994467032807,0.0684890281621899,0.8177910895485964,7,5.724537626840174
1799800511770005593,16,0,0.33,0.33,0.34,0.0,0,0.0
1799986373550610443,18,0,0.33,0.33,0.34,0.0,0,0.0
1799988721966628213,23,0,0.4537457609176636,0.19026012994349004,0.3559940886497498,0.26348563097417355,2,0.5269712619483471
1800030971602401118,850,0,0.3965510626633962,0.020214384732147057,0.5832345386346182,0.37633667793124914,3,1.1290100337937474
1800160609075415837,215,0,0.2859217049429814,0.27860813866058987,0.4354701483249664,0.007313566282391548,6,0.04388139769434929
1800348079120352695,192,7,0.8221709442003207,0.10793651447123426,0.06989255294881085,0.7142344297290865,11,7.856578727019951
1800371000043639635,962,6,0.6621925359166093,0.10345479812473059,0.23435266569256782,0.5587377377918789,28,15.644656658172607
1800472921522992158,69,0,0.6062104950845242,0.1323206895624753,0.26146880764048547,0.47388980552204885,8,3.7911184441763908
1800681910403626123,65,0,0.33,0.33,0.34,0.0,0,0.0
1800836607751689508,342,13,0.7692087345321973,0.0604323118335257,0.17035894013009967,0.7087764226986716,12,8.50531707238406
1801072885068848898,56,1,0.9036699533462524,0.0030847000113377967,0.09324536410470803,0.9005852533349147,3,2.701755760004744
1801325718710257317,1180,9,0.4434445517063141,0.06540362030919641,0.49115183950960634,0.3780409313971177,10,3.7804093139711767
1801546573445316774,767,0,0.33,0.33,0.34,0.0,0,0.0
1801639401128529978,105,0,0.877661451952798,0.05296747132603612,0.06937108057950224,0.8246939806267619,7,5.772857864387333
1801640483443454850,254,11,0.776337272883171,0.062022995987374874,0.16163972331299667,0.7143142768957963,21,15.000599814811721
1802065879963789228,479,7,0.7485303299294578,0.015023398264828656,0.23644628706905577,0.7335069316646291,9,6.601562384981662
1802132505114826295,595,0,0.4010559755067031,0.04729209809253613,0.5516519186397394,0.3537638774141669,6,2.1225832644850016
1802282758245210456,282,9,0.7922519714292139,0.05862962362414692,0.1491184030403383,0.733622347805067,16,11.737957564881071
1802318553819773667,89,0,0.33,0.33,0.34,0.0,0,0.0
1802335831434698649,431,0,0.33,0.33,0.34,0.0,0,0.0
1802762534060362315,187,1,0.9793604910373688,0.004598811734467745,0.016040692571550608,0.974761679302901,2,1.949523358605802
1802977946661526289,176,0,0.33,0.33,0.34,0.0,0,0.0
1802979262120473552,193,0,0.7114354968070984,0.05399059131741524,0.23457390069961548,0.6574449054896832,1,0.6574449054896832
1803379306992104211,294,0,0.6743731250365576,0.036629968167593084,0.2889969249566396,0.6377431568689644,3,1.9132294706068933
1803838676294128269,942,34,0.8147199565172195,0.036624347833373275,0.14865569600835443,0.7780956086838463,24,18.67429460841231
1804536153909370765,277,1,0.8182777871843427,0.06457299274431232,0.11714921647217125,0.7537047944400305,24,18.08891506656073
1804758405814945619,138,1,0.7559313674767812,0.011145803611725569,0.23292278312146664,0.7447855638650557,3,2.234356691595167
1805223144698691885,320,21,0.8271643756826719,0.0430012018076377,0.12983441297818596,0.7841631738750342,24,18.81991617300082
1805245249309503025,83,0,0.33,0.33,0.34,0.0,0,0.0
1805375575544956670,1053,16,0.5056881040449326,0.09885318303337463,0.3954587232378813,0.40683492101155794,13,5.288853973150253
1806078179658301698,227,5,0.6709215704202652,0.08253155265375972,0.2465468712449074,0.5883900177665055,5,2.9419500888325274
1806087604787354100,208,0,0.9344668388366699,0.006526460871100426,0.05900667607784271,0.9279403779655695,1,0.9279403779655695
1806107224859561862,237,6,0.7577023760477702,0.1148036730537812,0.1274939496566852,0.642898702993989,9,5.786088326945901
1806122557733415855,65,0,0.9710001647472382,0.005518392892554402,0.02348143234848976,0.9654817718546838,2,1.9309635437093675
1806744017717120842,931,0,0.6933718450638381,0.05588525830387054,0.25074290616776457,0.6374865867599676,22,14.024704908719288
1806829150327945059,300,25,0.3625332342901013,0.13302491880191322,0.5044418440081857,0.2295083154881881,22,5.049182940740138
1806896514121626024,203,0,0.9858843684196472,0.003742397762835026,0.010373213328421116,0.9821419706568122,1,0.9821419706568122
1807020365736407795,315,22,0.7549803750997498,0.039437934043152,0.20558170234340997,0.7155424410565978,21,15.026391262188554
1807383397736587106,204,0,0.8642042108376821,0.05968788771346833,0.07610791260531793,0.8045163231242137,12,9.654195877490565
1807436513690862093,280,3,0.8718481076260408,0.019931650429498404,0.10822025104425848,0.8519164571965424,24,20.445994972717017
1807515109837528385,698,15,0.9730097912251949,0.005392415667301975,0.02159777778433636,0.967617375557893,16,15.481878008926287
1807593113608689120,53,0,0.9878172278404236,0.0029749011155217886,0.009207924827933311,0.9848423267249018,1,0.9848423267249018
1808841022463307884,102,1,0.949914962053299,0.006616175407543778,0.04346886184066534,0.9432987866457552,2,1.8865975732915103
1808923374435295971,126,0,0.33,0.33,0.34,0.0,0,0.0
1809140556259154078,711,0,0.6312536280602217,0.12964971608986767,0.23909664961198965,0.501603911970354,24,12.038493887288496
1809461910794499721,630,0,0.33,0.33,0.34,0.0,0,0.0
1809489902733620900,77,2,0.6911886185407639,0.01757582478846113,0.29123552702367306,0.6736127937523028,3,2.020838381256908
1810041923681668061,166,3,0.24500628436605135,0.06082645493249098,0.6941672364870707,0.18417982943356037,6,1.1050789766013622
1810609072376189279,74,0,0.02654654160141945,0.8899019360542297,0.0835515633225441,-0.8633553944528103,1,-0.8633553944528103
1810731794455441046,134,0,0.3383749723434448,0.051191532984375954,0.6104335337877274,0.28718343935906887,2,0.5743668787181377
1810757950420327664,470,16,0.8453057662559592,0.049892199138260415,0.10480203191304337,0.7954135671176988,23,18.294512043707073
1811010671381313531,58,2,0.9616648256778717,0.0067889331839978695,0.0315462457947433,0.9548758924938738,4,3.8195035699754953
1811629710646217294,946,0,0.33,0.33,0.34,0.0,0,0.0
1811808273752344068,319,14,0.8650075362977528,0.053659688637458854,0.08133277951074498,0.8113478476602939,21,17.03830480086617
1811934231402114910,68,1,0.9837077260017395,0.005878702737390995,0.010413574054837227,0.9778290232643485,1,0.9778290232643485
1812059306074688362,379,21,0.9259961800773938,0.028607402925069136,0.045396412612559896,0.8973887771523247,24,21.537330651655793
1812421280140101893,205,3,0.7885995507240295,0.12368002661969513,0.08772043348290026,0.6649195241043344,4,2.6596780964173377
1813233443255202578,54,0,0.948323537906011,0.004802523219647507,0.04687393456697464,0.9435210146863634,6,5.661126088118181
1813682539806622161,120,1,0.8639419078826904,0.03516835719347,0.10088977217674255,0.8287735506892204,1,0.8287735506892204
1813779376715424936,353,0,0.33,0.33,0.34,0.0,0,0.0
1813851412855875999,426,13,0.5142234737139482,0.07854116048377294,0.4072353728230183,0.43568231323017526,13,5.663870071992278
1814231083500622267,176,0,0.9830517768859863,0.0053946757689118385,0.011553552933037281,0.9776571011170745,1,0.9776571011170745
1814362391985465114,629,1,0.9048002683199369,0.00525611552159087,0.08994362152253206,0.899544152798346,13,11.694073986378498
1814425130953307748,119,4,0.7153346836566925,0.06029165699146688,0.2243736383970827,0.6550430266652256,4,2.6201721066609025
1814694686978086621,294,0,0.910783264786005,0.023226540011819452,0.06599019910208881,0.8875567247741856,24,21.301361394580454
1814747803927703027,432,15,0.7694306116853841,0.07352710204839241,0.15704227466834708,0.6959035096369917,16,11.134456154191867
1814827565833454296,144,0,0.33,0.33,0.34,0.0,0,0.0
1814901601968489262,108,0,0.33,0.33,0.34,0.0,0,0.0
1815000581184259176,74,0,0.33,0.33,0.34,0.0,0,0.0
1815436036701790037,103,0,0.33,0.33,0.34,0.0,0,0.0
1815487869130078788,520,3,0.8352236557503542,0.04795499837724492,0.11682135227524365,0.7872686573731092,24,18.89444777695462
1815861105539281613,229,8,0.8762383144242423,0.0521064480394125,0.07165523753634521,0.8241318663848298,7,5.7689230646938086
1815982384072857526,607,0,0.33,0.33,0.34,0.0,0,0.0
1816015628404004224,48,2,0.3238752782344818,0.037779856473207474,0.6383448839187622,0.28609542176127434,1,0.28609542176127434
1816050726506792421,693,1,0.33,0.33,0.34,0.0,1,0.0
1816064238708622024,30,0,0.33,0.33,0.34,0.0,0,0.0
1816104155061024852,117,2,0.9187290469805399,0.008233027998358011,0.0730379382148385,0.9104960189821819,3,2.731488056946546
1816299250563007770,75,1,0.6515919649600983,0.1697170063480735,0.17869100820273162,0.4818749586120248,2,0.9637499172240496
1816416322209450656,679,0,0.7210222451295704,0.167184410050977,0.11179333537817002,0.5538378350785933,20,11.076756701571867
1816665003978579023,117,1,0.01677527977153659,0.7885045558214188,0.19472020119428635,-0.7717292760498822,4,-3.0869171041995287
1816699230004166080,888,14,0.6574657265345256,0.09572546051763413,0.24680881655671533,0.5617402660168914,18,10.111324788304046
1817213940612839544,262,0,0.33,0.33,0.34,0.0,0,0.0
1817294431227190074,160,4,0.8356209874153138,0.018766612838953735,0.14561238512396812,0.81685437457636,5,4.0842718728818
1817457836386737012,476,0,0.33,0.33,0.34,0.0,0,0.0
1817699527895624672,95,0,0.6569421275456747,0.16773177640823025,0.1753260821538667,0.4892103511374444,6,2.9352621068246663
1817708988625856539,504,3,0.770546767860651,0.018861758871935308,0.21059148386120796,0.7516850089887157,4,3.006740035954863
1817753619341346131,689,0,0.33,0.33,0.34,0.0,1,0.0
1818106236174635099,113,5,0.3347585076921516,0.11214959278288816,0.5530918603059318,0.22260891490926346,9,2.003480234183371
1818304053593848358,455,6,0.7923979544950028,0.07638964914910806,0.1312123969864721,0.7160083053458948,24,17.184199328301474
1818313993060927942,863,10,0.9449140048027038,0.020586032579126567,0.03449996601952159,0.9243279722235773,23,21.259543361142278
1818343302237665148,502,1,0.8074285586265957,0.031121691081892045,0.16144974174525806,0.7763068675447036,17,13.197216748259962
1818372294383060380,109,0,0.7119872573018075,0.10157004412729294,0.18644269884253542,0.6104172131745145,6,3.662503279047087
1819292519832066862,149,0,0.8180675009886423,0.010593818112586936,0.17133867663020888,0.8074736828760555,6,4.844842097256333
1819470451057347958,220,7,0.7616990723874834,0.047810214201195377,0.1904906949400902,0.713888858186288,9,6.424999723676592
1819570485593046168,393,18,0.7933699008201559,0.061125373678126683,0.14550474205209563,0.7322445271420293,24,17.573868651408702
1819641628319830656,172,1,0.6413882756233216,0.17309393543750048,0.18551780197769405,0.46829434018582106,2,0.9365886803716421
1819779684642893400,327,0,0.9806738197803497,0.0038304765475913882,0.015495726373046637,0.9768433432327583,2,1.9536866864655167
1819792927922354929,88,0,0.06966730207204819,0.26756975054740906,0.6627629399299622,-0.19790244847536087,1,-0.19790244847536087
1820298672644361850,160,7,0.7258641019889287,0.05473495765988316,0.21940091972904546,0.6711291443290455,7,4.6979040103033185
1820516409777871624,371,0,0.6898470856249332,0.03869354957714677,0.2714593708515167,0.6511535360477865,4,2.604614144191146
1820855677733331076,146,7,0.5163432689756156,0.08302274177782237,0.40063397495922715,0.4333205271977931,11,4.766525799175724
1821149188065179511,125,0,0.5611910820007324,0.005769106559455395,0.4330397844314575,0.555421975441277,1,0.555421975441277
1821208356063280560,379,20,0.7686912269341318,0.06501928154036012,0.16628948318036763,0.7036719453937718,19,13.369766962481663
1821212122757855799,279,0,0.33,0.33,0.34,0.0,0,0.0
1821779395813985474,24,0,0.33,0.33,0.34,0.0,0,0.0
1822009921597012138,151,3,0.41108930081129075,0.28947670343797655,0.29943399947602306,0.1216125973733142,8,0.9729007789865136
1822139841002604515,177,3,0.46073939487338067,0.0769745748746209,0.46228600330185143,0.3837648199987598,8,3.070118559990078
1822242915965246309,66,7,0.8213054094314576,0.0713765410091728,0.10731805901229383,0.7499288684222847,10,7.499288684222847
1822615359095043187,228,1,0.9103674292564392,0.0030449433252215385,0.08658766001462936,0.9073224859312177,1,0.9073224859312177
1822691587491369162,670,0,0.33,0.33,0.34,0.0,0,0.0
1823092025672008046,568,0,0.33,0.33,0.34,0.0,0,0.0
1824038807836422041,397,19,0.7676941626412528,0.06645827458107047,0.1658475621789694,0.7012358880601823,21,14.725953649263829
1824039717621833819,598,0,0.43911674432456493,0.06657139171147719,0.4943118877708912,0.37254535261308774,4,1.490181410452351
1824123027269705097,467,11,0.9183339788516363,0.03471371313557029,0.04695231232016037,0.883620265716066,24,21.206886377185583
1824445566940391571,95,0,0.7135782189369202,0.1358526295684278,0.1505691467449069,0.5777255893684924,5,2.888627946842462
1824841551157588522,397,0,0.8651973090988273,0.06979464808440146,0.06500805165463437,0.7954026610144259,24,19.08966386434622
1825311557204315404,47,0,0.33,0.33,0.34,0.0,0,0.0
1825507915852540626,157,5,0.49375752406194806,0.10014881938695908,0.40609366819262505,0.393608704674989,4,1.574434818699956
1825533120449851460,595,0,0.33,0.33,0.34,0.0,0,0.0
1825799418085215816,288,6,0.8658603178337216,0.011116565554402769,0.12302310951054096,0.8547437522793189,8,6.837950018234551
1826046679771983947,447,0,0.5560698509216309,0.029688065871596336,0.41424210369586945,0.5263817850500345,2,1.052763570100069
1826143471254380938,343,2,0.8819528222084045,0.007503976269314687,0.110543226202329,0.8744488459390899,3,2.6233465378172696
1826152040101109519,51,0,0.33,0.33,0.34,0.0,0,0.0
1826221093476986516,184,1,0.9233380556106567,0.007108694757334888,0.06955323019064963,0.9162293608533219,4,3.6649174434132874
1826543046348263696,485,20,0.8356178282607686,0.04683903151107106,0.11754315563731574,0.7887787967496975,22,17.353133528493345
1827682121545069715,256,12,0.845332978407542,0.05570492785361906,0.0989620970139901,0.7896280505539228,15,11.844420758308843
1827764134710026751,403,2,0.5538623351520963,0.06327577089683878,0.382861896124151,0.49058656425525743,9,4.415279078297317
1827776040477343681,1116,48,0.8745207645992438,0.047093603847703586,0.07838563322167223,0.8274271607515402,24,19.858251858036965
1828486040631171476,198,16,0.6429760067077244,0.0485459547719973,0.3084780475869775,0.5944300519357271,17,10.10531088290736
1828518156491473043,1148,12,0.835766234745582,0.024340672156540677,0.13989308600624403,0.8114255625890413,24,19.47421350213699
1828748383902048754,461,9,0.7228974226188092,0.11633670685635437,0.16076588325291163,0.6065607157624548,21,12.737775031011552
1829535439814256931,252,7,0.4769940248131752,0.12461748002329842,0.3983884784579277,0.3523765447898768,8,2.8190123583190143
1829789854054839177,460,13,0.9209431518448723,0.026896650730632247,0.05216020439647966,0.8940465011142401,18,16.092837020056322
1829891181511177882,236,17,0.9130061199551537,0.03647072857556244,0.05052315039382805,0.8765353913795912,21,18.407243218971416
1829912061401358134,1082,15,0.8999442051475247,0.016660112305544317,0.08339568289617698,0.8832840928419804,24,21.19881822820753
1830022118723366142,800,0,0.6944171469658613,0.03075187773598979,0.27483097196090966,0.6636652692298716,24,15.927966461516917
1830448371829856465,110,1,0.33,0.33,0.34,0.0,1,0.0
1830554552454881523,370,23,0.7394914173831543,0.02285953549047311,0.2376490461950501,0.7166318818926811,12,8.599582582712173
1830732274410475264,145,12,0.9732177152353174,0.004294869120177978,0.022487418863045817,0.9689228461151395,17,16.47168838395737
1831262497802592508,942,14,0.9810449831625995,0.0055088118567843646,0.013446208445683998,0.975536171305815,17,16.584114912198856
1831624287218067976,943,1,0.9723499536514282,0.005869789235293865,0.0217802494764328,0.9664801644161344,5,4.832400822080672
1831624315041597060,702,2,0.524310957590739,0.22575045868754387,0.2499385725458463,0.2985604989031951,3,0.8956814967095852
1831928554462119008,267,4,0.5674714546203614,0.20803801599144936,0.2244905454069376,0.35943343862891197,5,1.7971671931445599
1832027691886626965,75,0,0.656568922996521,0.16634540826547892,0.17708564976230265,0.4902235147310421,2,0.9804470294620842
1832090559687637535,601,19,0.8924395486286708,0.03863241764495061,0.06892803062196999,0.8538071309837202,21,17.929949750658125
1832169299750943715,422,2,0.7448019816788535,0.07044268142257352,0.18475533483705173,0.6743593002562799,24,16.184623206150718
1832326624143995327,355,0,0.33,0.33,0.34,0.0,0,0.0
1832567804953806797,618,5,0.7743119869232178,0.073485144212842,0.15220286420732737,0.7008268427103758,5,3.504134213551879
1832706715269681094,148,6,0.7782497107982635,0.031467254140547345,0.19028301537036896,0.7467824566577163,7,5.227477196604013
1832793206204900114,259,2,0.6396870994567871,0.16696070969104768,0.19335215732455255,0.47272638976573944,2,0.9454527795314789
1832795313765976728,536,23,0.9690703749656677,0.006857930925131465,0.024071692644308012,0.9622124440405363,24,23.09309865697287
1833735005189698043,61,0,0.33,0.33,0.34,0.0,0,0.0
1833971809328643548,87,0,0.9769385457038879,0.00735260546207428,0.015708858147263527,0.9695859402418137,1,0.9695859402418137
1834257597247822427,962,13,0.8840330586085717,0.040567115486289065,0.07539982813643292,0.8434659431222826,24,20.243182634934783
1834444836673977668,187,0,0.9013343453407288,0.008363873697817326,0.0903017446398735,0.8929704716429114,1,0.8929704716429114
1834454439232417277,257,0,0.5329426234960556,0.1517098012080209,0.31534757097562155,0.3812328222880347,9,3.431095400592312
1834925673304297534,234,3,0.739321325905621,0.02570715278852731,0.23497152468189597,0.7136141731170937,4,2.854456692468375
1834952866310428047,299,9,0.9013183329502742,0.033324389421225835,0.06535727846280982,0.8679939435290484,12,10.41592732234858
1834983957504769206,632,3,0.93793625831604,0.007261681091040373,0.0548020739108324,0.9306745772249997,5,4.653372886124998
1835046725925088257,194,0,0.7183459997177124,0.01205576490610838,0.2695982176810503,0.706290234811604,2,1.412580469623208
1835049495508696604,272,1,0.974886417388916,0.0050969249568879604,0.02001667395234108,0.969789492432028,1,0.969789492432028
1835069549123141983,239,13,0.7506014946848154,0.061180109585014485,0.18821838884226358,0.6894213850998009,24,16.546113242395222
1835091243254505649,125,4,0.8537968546152115,0.01716110750567168,0.12904202262870967,0.8366357471095398,4,3.3465429884381592
1835234045547922525,354,0,0.8792267032861709,0.02452507223561406,0.09624822648055852,0.8547016310505569,20,17.094032621011138
1835395878296199841,98,2,0.9075698256492615,0.012017171597108245,0.08041298855096102,0.8955526540521532,2,1.7911053081043065
1835438690094323935,143,2,0.970906933148702,0.004519447606677811,0.024573619477450848,0.9663874855420241,3,2.8991624566260725
1835799729029974737,1323,7,0.7802055460959673,0.04625307199467595,0.17354137793183325,0.7339524741012914,12,8.807429689215496
1835840913780734685,692,0,0.33,0.33,0.34,0.0,0,0.0
1836168286656677958,120,2,0.7167430818080902,0.013846580870449543,0.2694103568792343,0.7028965009376407,2,1.4057930018752813
1836367329762297525,258,0,0.5858769789338112,0.02607966074720025,0.3880433589220047,0.5597973181866109,3,1.6793919545598328
1836529196249571845,539,3,0.6690425922473272,0.012023731445272764,0.3189336732029915,0.6570188608020544,3,1.9710565824061632
1836578418813189300,56,0,0.9482543468475342,0.00598332448862493,0.045762363355606794,0.9422710223589092,2,1.8845420447178185
1836580771985601568,56,0,0.33,0.33,0.34,0.0,0,0.0
1836587464031218781,822,9,0.3928531207982451,0.16546799154253677,0.4416789014544338,0.2273851292557083,8,1.8190810340456665
1836878610721794532,157,4,0.4723168024793267,0.02609916601795703,0.5015840260311961,0.4462176364613697,4,1.7848705458454788
1836983552006463797,53,1,0.07896777987480164,0.06713314354419708,0.8538990616798401,0.011834636330604553,1,0.011834636330604553
1837098487074787760,143,2,0.8692283928394318,0.004602778237313032,0.12616879679262638,0.8646256146021187,2,1.7292512292042375
1837583073514850380,343,14,0.7641373988986015,0.10591293438803405,0.1299496671499219,0.6582244645105675,16,10.53159143216908
1837926302151585675,167,13,0.611159926111048,0.02336946404962377,0.3654706274921244,0.5877904620614242,11,6.465695082675666
1838067678674662870,732,2,0.5924086370319128,0.09531659718370065,0.3122747522220016,0.49709203984821215,4,1.9883681593928486
1838156620359843015,248,8,0.558808835318519,0.1572512621494631,0.2839398966853817,0.40155757316905594,9,3.614018158521503
1838294805378234735,128,0,0.6495601520873606,0.21699165808968246,0.13344819797202945,0.43256849399767816,4,1.7302739759907126
1838846951307889232,410,3,0.8659948099652927,0.05183375302158918,0.08217143062967808,0.8141610569437034,24,19.539865366648883
1838852523945137856,300,0,0.869561700920264,0.05094303583959118,0.07949527255337065,0.8186186650806727,24,19.646847961936146
1838908802729484665,92,0,0.33,0.33,0.34,0.0,0,0.0
1839144225315210790,26,0,0.33,0.33,0.34,0.0,0,0.0
1839168685254466763,219,15,0.5898095056745741,0.09273717776665258,0.31745331880946953,0.49707232790792155,9,4.473650951171294
1839336175513844815,59,0,0.33,0.33,0.34,0.0,0,0.0
1839350767463699660,112,0,0.33,0.33,0.34,0.0,0,0.0
1839487145333884695,83,0,0.5338914096355438,0.03649162710644305,0.42961699748411775,0.4973997825291008,2,0.9947995650582016
1839791953946143673,38,0,0.3811127841472626,0.02907923050224781,0.5898079872131348,0.35203355364501476,1,0.35203355364501476
1840058345770161052,275,25,0.9343750285108884,0.021107987051364036,0.0445169929554686,0.9132670414595244,24,21.918408995028585
1840146508259966027,313,21,0.9025170404625975,0.015125914319904277,0.08235704935277285,0.8873911261426933,23,20.409995901281945
1840278617638316868,359,21,0.7403052574336528,0.048945271134004,0.21074946859180926,0.6913599862996489,25,17.283999657491222
1840731782757476050,945,11,0.8138123394846917,0.08802368087181822,0.09816398100554943,0.7257886586128734,20,14.515773172257468
1840895417959395494,537,3,0.866037355735898,0.01025627483613789,0.12370637024287134,0.8557810808997601,8,6.846248647198081
1841001643907420103,722,1,0.19244908258318902,0.1770511157438159,0.630499793291092,0.015397966839373112,2,0.030795933678746223
1841040335523723011,452,3,0.6674327909201384,0.13157655955214675,0.2009906470247855,0.5358562313679917,12,6.430274776415899
1841070359266692179,167,1,0.4088030805190404,0.08748483067999284,0.5037120717267195,0.3213182498390476,3,0.9639547495171428
1841078220441517739,276,4,0.8083940935134888,0.08724093295633793,0.10436494186520577,0.7211531605571508,4,2.8846126422286034
1841235412920572005,121,1,0.984021008014679,0.0022070177365094423,0.013771909289062023,0.9818139902781695,1,0.9818139902781695
1841260566490126711,569,9,0.8420093082464658,0.02102468187849109,0.13696601428091526,0.8209846263679748,26,21.345600285567343
1841341313947827737,151,2,0.6036295251051585,0.2141130030838152,0.1822574384386341,0.3895165220213433,3,1.16854956606403
1841682348216080823,645,0,0.33,0.33,0.34,0.0,0,0.0
1842031257653773211,138,1,0.9086080193519592,0.019573917612433434,0.07181806862354279,0.8890341017395258,1,0.8890341017395258
1842225900597079380,637,3,0.773430112361908,0.07622767629474402,0.15034222549945117,0.6972024360671639,10,6.972024360671639
1842234613532352751,667,3,0.6491791988743676,0.056963177311958546,0.29385762942747934,0.592216021562409,9,5.329944194061682
1842258164525252057,656,3,0.7149248761807879,0.06078052884588639,0.22429459931949777,0.6541443473349015,24,15.699464336037636
1842433755915243568,701,2,0.5877875514030457,0.1508390019349754,0.2613734350204468,0.43694854946807027,5,2.1847427473403513
1842943798139030840,159,0,0.33,0.33,0.34,0.0,0,0.0
1843016820668702312,73,0,0.5669227954745293,0.09628897414542735,0.33678823596797886,0.4706338213291019,4,1.8825352853164077
1843102516976421146,329,0,0.33,0.33,0.34,0.0,0,0.0
1843205569968958832,691,3,0.5567447033897043,0.20837947197258475,0.23487582479293148,0.3483652314171195,6,2.090191388502717
1843529683042155893,1173,0,0.33,0.33,0.34,0.0,1,0.0
1843556899962918937,587,6,0.8218335310618082,0.010810574050992727,0.1673559077704946,0.8110229570108155,6,4.866137742064893
1844039842126481632,227,13,0.8874643776151869,0.03879383410741058,0.07374179715083705,0.8486705435077764,9,7.638034891569987
1844089233275778965,436,22,0.9352554542322954,0.010144557047169656,0.054599983365430184,0.9251108971851257,24,22.202661532443017
1844474421907439530,527,5,0.9492377936840057,0.014257171850961944,0.03650501680870851,0.9349806218330438,6,5.609883730998263
1844485370147199598,435,6,0.5430726468834011,0.17543884908357127,0.2814884967306121,0.36763379779982974,22,8.087943551596254
1844717325325289423,714,2,0.5016169631481171,0.19642959414981306,0.3019534238427878,0.305187368998304,4,1.220749475993216
1844782811472216635,249,11,0.9683498077922397,0.00571347470395267,0.02593672037538555,0.962636333088287,9,8.663726997794583
1845067235138055760,37,0,0.33,0.33,0.34,0.0,0,0.0
1845385162331775288,86,1,0.9756189584732056,0.0037610880099236965,0.020619967952370644,0.9718578704632819,1,0.9718578704632819
1845423106615657774,281,7,0.7457205442871366,0.07312491628208331,0.1811545384994575,0.6725956280050533,7,4.708169396035373
1845876821138597019,27,0,0.33,0.33,0.34,0.0,0,0.0
1845879173262126481,442,2,0.8457952427367369,0.01430280312585334,0.13990194746293128,0.8314924396108836,24,19.955818550661206
1846242689035322254,163,2,0.7859616180260977,0.03337473593031367,0.1806636198113362,0.752586882095784,3,2.257760646287352
1846426010335558348,114,4,0.3668747916693489,0.4740785074606538,0.15904670894145967,-0.1072037157913049,6,-0.6432222947478294
1846658585044866597,808,0,0.9724673748016357,0.005766253219917417,0.021766369976103307,0.9667011215817183,10,9.667011215817183
1846778319580747073,97,1,0.9285190999507904,0.006304212263785303,0.06517667789012194,0.9222148876870051,2,1.8444297753740102
1846823090916780892,343,17,0.3940045520549883,0.27584168271080634,0.33015377514469235,0.11816286934418199,23,2.7177459949161857
1846963572955785082,193,4,0.7633001446723938,0.029919128865003586,0.2067807488143444,0.7333810158073902,5,3.666905079036951
1847309907389487106,90,0,0.13429971039295197,0.07042444497346878,0.795275866985321,0.06387526541948318,1,0.06387526541948318
1847448216661071904,343,11,0.7370194485187531,0.1059503421196714,0.15703020295873285,0.6310691063990816,10,6.3106910639908165
1847581308908135825,548,5,0.8892917199929555,0.051754106596345086,0.0589541754188637,0.8375376133966105,24,20.10090272151865
1848076906560140873,285,7,0.7436663280593024,0.08036629675473604,0.17596737898886206,0.6633000313045664,9,5.969700281741098
1848118695138722593,115,0,0.5559797063469887,0.02147225523367524,0.4225480640307069,0.5345074511133134,2,1.0690149022266269
1848483261635107146,175,0,0.33,0.33,0.34,0.0,0,0.0
1848785597804626933,180,3,0.8221074640750885,0.008921535219997168,0.16897102445363998,0.8131859288550913,5,4.065929644275457
1848955418596892357,152,0,0.8306711614131927,0.007558946730569005,0.1617699097841978,0.8231122146826237,2,1.6462244293652475
1849170760859860546,376,6,0.6546912925938765,0.0358672192475448,0.3094415009642641,0.6188240733463317,6,3.7129444400779903
1849474906821855715,166,0,0.9796644151210785,0.005752874538302422,0.014582730364054441,0.9739115405827761,2,1.9478230811655521
1849501345741347230,343,0,0.8500234512488047,0.06066899213784685,0.08930755579844118,0.7893544591109579,6,4.736126754665747
1850015300360273842,164,0,0.6434345924854279,0.1716824029199779,0.18488301251083614,0.47175218956544995,2,0.9435043791308999
1850051902659974542,99,3,0.48596443701535463,0.07846409711055458,0.43557143583893776,0.40750033990480006,4,1.6300013596192002
1850423713222622678,100,0,0.9906452894210815,0.00300027197226882,0.006354387849569321,0.9876450174488127,1,0.9876450174488127
1850706525175631654,86,0,0.33,0.33,0.34,0.0,0,0.0
1850821254387345467,1592,16,0.6861836593562648,0.04851707974315754,0.2652992612886287,0.6376665796131074,21,13.390998171875255
1850943714818831874,625,21,0.948098324239254,0.008659677124038959,0.04324199208834519,0.9394386471152151,24,22.54652753076516
1851216570710691587,235,0,0.8272523542757456,0.07265225974144414,0.10009538976630816,0.7546000945343015,24,18.110402268823236
1851428744074608006,365,0,0.33,0.33,0.34,0.0,0,0.0
1851469911806526437,309,5,0.8733227841556073,0.011675969790667295,0.11500122789293528,0.86164681436494,10,8.6164681436494
1851576761685272296,156,2,0.7722546585400899,0.06061653046558301,0.16712882480894528,0.7116381280745069,6,4.2698287684470415
1851601916930596959,188,1,0.565775454044342,0.04842939991503954,0.3857951439917088,0.5173460541293025,5,2.5867302706465125
1851606811908993994,175,0,0.33,0.33,0.34,0.0,0,0.0
1851792283477911324,426,6,0.6980556150277456,0.044304390670731664,0.25763999205082655,0.6537512243570139,6,3.9225073461420834
1851825975182782726,318,21,0.8491743363575501,0.02309795560780913,0.12772771373899144,0.8260763807497411,22,18.173680376494303
1851910531360108439,411,0,0.6928413100242615,0.14167418886721134,0.16548449067771437,0.5511671211570501,5,2.7558356057852507
1852115471446675882,536,0,0.33,0.33,0.34,0.0,0,0.0
1852244801569079973,112,3,0.7648071087896824,0.06792023699381389,0.16727265110239387,0.6968868717958685,4,2.787547487183474
1852310666210116517,148,3,0.7049516506195068,0.13396356773376467,0.1610847913324833,0.5709880828857422,5,2.854940414428711
1852379826566736533,580,14,0.9105518450960517,0.008449499446821088,0.08099865624293064,0.9021023456492306,24,21.650456295581535
1852435851026259820,379,6,0.6406443565047306,0.10929984147619942,0.2500557998324866,0.5313445150285311,23,12.220923845656214
1852932344623000698,78,3,0.8421105146408081,0.06065591162769124,0.09723356610629708,0.7814546030131169,4,3.1258184120524675
1852963858818419403,304,2,0.5062057822942734,0.023190812052537996,0.47060338656107586,0.4830149702417354,3,1.4490449107252061
1852997128693943379,165,3,0.7662730614344279,0.01086198864504695,0.22286492958664894,0.7554110727893809,3,2.266233218368143
1853161025776701607,508,2,0.8395494513163964,0.0664115594883139,0.09403899496172866,0.7731378918280825,30,23.194136754842475
1853382549242558279,48,0,0.9377549067139626,0.011923017795197666,0.05032207421027124,0.9258318889187649,8,7.406655111350119
1853834189977434905,207,1,0.9720509290695191,0.005613234313204885,0.022335819713771344,0.9664376947563141,5,4.832188473781571
1853894786732034631,710,0,0.33,0.33,0.34,0.0,0,0.0
1853950778290838029,420,3,0.7116930464903514,0.026753311231732368,0.2615536339581013,0.684939735258619,15,10.274096028879285
1854374868049700877,600,0,0.5459843923648199,0.04707596466566125,0.406939630707105,0.4989084276991586,3,1.4967252830974758
1854801729784039144,394,0,0.33,0.33,0.34,0.0,0,0.0
1855025732544318834,213,34,0.9195429481127683,0.02995824712492964,0.05049880867933526,0.8895847009878386,17,15.122939916793257
1855296571698026072,61,0,0.633760758638382,0.1667928978195414,0.1994463373720646,0.46696786081884056,2,0.9339357216376811
1855379056025852019,55,3,0.5228732041828335,0.15592501776292922,0.321201785504818,0.36694818641990423,4,1.467792745679617
1855419133798180023,91,0,0.33,0.33,0.34,0.0,0,0.0
1855447118699734757,136,2,0.9802363316218058,0.003127634602909287,0.01663603788862626,0.9771086970188966,3,2.9313260910566896
1855475101376399100,481,21,0.9013629892598027,0.0166298796766964,0.08200712910974803,0.8847331095831064,23,20.348861520411447
1855552605477089529,144,11,0.8267468037009239,0.0386970959994942,0.13455611548013985,0.7880497077014297,10,7.880497077014297
1855678144940251013,13,0,0.33,0.33,0.34,0.0,0,0.0
1855874334456186594,282,0,0.33,0.33,0.34,0.0,0,0.0
1855958007415084113,65,0,0.33,0.33,0.34,0.0,0,0.0
1856094155597932703,49,1,0.5135556244850159,0.20886028274893761,0.27758409649133686,0.30469534173607826,2,0.6093906834721565
1856258276657106160,1055,24,0.9110169489228206,0.024162275065546454,0.06482078052652271,0.8868546738572742,23,20.397657498717308
1856317123238104311,109,12,0.7365855536636498,0.11944917084981821,0.14396527104611906,0.6171363828138315,14,8.639909359393641
1856711863824633992,417,15,0.870766877503622,0.049767637106235184,0.07946548274585179,0.8209992403973869,21,17.240984048345126
1857514552821163236,196,0,0.9010100950087819,0.031706343355056434,0.06728354335895606,0.8693037516537255,14,12.170252523152158
1857531606762138916,297,24,0.8130421563982964,0.018148848039951797,0.16880899710425487,0.7948933083583446,24,19.07743940060027
1858311996789974091,351,0,0.9436369836330414,0.016404797788709402,0.03995823301374912,0.927232185844332,2,1.854464371688664
1858419458315844264,79,2,0.9800170461336771,0.003851299872621894,0.01613164956991871,0.9761657462610552,3,2.928497238783166
1858681190225348478,563,15,0.8467901088209713,0.04464951699051787,0.10856037035365317,0.8021405918304535,17,13.636390061117709
1859134117083633075,316,15,0.8604323198397954,0.037322468434770904,0.10224520433694124,0.8231098514050246,15,12.346647771075368
1859384933148044630,97,1,0.5981726431846619,0.1676444394607097,0.23418291479349138,0.4305282037239522,2,0.8610564074479043
1859612810281767384,725,10,0.9721028283238411,0.006818299725030859,0.021078874725693215,0.9652845285988102,24,23.166828686371446
1859708031610560176,630,0,0.9114490859955549,0.020619906239444392,0.06793101225669186,0.8908291797561105,24,21.379900314146653
1859744433044386141,142,2,0.8138454714715481,0.07281885816901923,0.11333567599393428,0.7410266133025288,10,7.410266133025289
1859769456379366450,64,0,0.953032374382019,0.007518018828704953,0.039449624717235565,0.9455143555533141,2,1.8910287111066282
1859856849811432945,70,0,0.33,0.33,0.34,0.0,0,0.0
1860274152390761347,334,22,0.7378831424954392,0.13708362286023443,0.12503324837024724,0.6007995196352047,21,12.6167899123393
1860764536873908335,209,2,0.5387750081717968,0.02817068947479129,0.43305430312951404,0.5106043186970055,6,3.063625912182033
1860879464160763154,148,8,0.7115000585714976,0.012405383711059889,0.2760945465415716,0.6990946748604377,6,4.194568049162626
1860977478736806783,118,0,0.9410568177700043,0.005851675057783723,0.053091518580913544,0.9352051427122205,2,1.870410285424441
1861071833204201077,614,15,0.9367272997131715,0.013505040273930017,0.04976766554710384,0.9232222594392414,26,24.003778745420277
1861118480246602347,99,4,0.7567553296685219,0.015682288096286356,0.22756240726448596,0.7410730415722355,4,2.964292166288942
1861128947485712080,196,1,0.20913822293281556,0.19792450681328774,0.592937273979187,0.011213716119527817,2,0.022427432239055634
1861213133324312608,240,18,0.8998900725530541,0.04649547705183858,0.0536144384296368,0.8533945955012155,23,19.628075696527958
1861232154298564787,339,1,0.6656054084499677,0.027132792708774407,0.3072618134319782,0.6384726157411933,3,1.9154178472235799
1861312409966700888,345,18,0.5164858766148488,0.26945147072452874,0.21406265576503108,0.24703440589032002,21,5.187722523696721
1861340876572549619,458,0,0.6075589392185211,0.0852763028666377,0.3071647666692734,0.5222826363518834,5,2.611413181759417
1861672615569411206,85,1,0.5253588756248355,0.31942542243562644,0.15521570505946874,0.2059334531892091,5,1.0296672659460455
1861698453202473807,1073,19,0.9448860951662063,0.02197082629054785,0.033143084829673174,0.9229152688756586,20,18.45830537751317
1862006054473671177,417,21,0.9041050200661024,0.016861628372377407,0.07903334952425212,0.8872433916937249,24,21.2938414006494
1862061600035757961,707,3,0.8128894013166428,0.08776546640321613,0.09934514485299588,0.7251239349134266,4,2.9004957396537066
1862245604940953521,460,16,0.6519347631335258,0.06990422766748816,0.2781610045656562,0.5820305354660377,20,11.640610709320754
1862306699064756238,163,3,0.5557543281465769,0.048146886518225074,0.396098792552948,0.5076074416283518,4,2.0304297665134072
1862442447579461386,84,2,0.3402055040933192,0.4419594150967896,0.2178350631147623,-0.10175391100347042,4,-0.4070156440138817
1862476110290701972,889,0,0.9807017701012748,0.005240725054006491,0.014057503081858158,0.9754610450472683,21,20.484681945992634
1862770363165590701,230,7,0.6866039639115333,0.11750877029355615,0.1958872730359435,0.5690951936179772,10,5.690951936179772
1862826427797619124,158,0,0.33,0.33,0.34,0.0,0,0.0
1863071158960073676,109,0,0.33,0.33,0.34,0.0,0,0.0
1863273412795136691,47,3,0.8379800319671631,0.07192123914137483,0.0900987262527148,0.7660587928257883,3,2.298176378477365
1863483291933805051,136,1,0.03524355590343475,0.025979217141866684,0.9387772083282471,0.00926433876156807,1,0.00926433876156807
1863485547698082404,339,19,0.7595788861467289,0.07111528043026248,0.1693058350796883,0.6884636057164664,26,17.900053748628125
1863496061029795229,766,1,0.7426590919494629,0.03454084708937444,0.22280006234844527,0.7081182448600885,24,16.994837876642123
1863706063003147315,153,5,0.6080853310227394,0.1301960379164666,0.26171860032714905,0.4778892931062728,4,1.9115571724250913
1863992279304762504,251,1,0.8656816250937326,0.05435117412890707,0.07996720915926356,0.8113304509648255,7,5.6793131567537785
1864007620861765102,392,0,0.4009683132171631,0.03979814425110817,0.559233546257019,0.3611701689660549,1,0.3611701689660549
1864065558400820523,249,9,0.7949194696085418,0.08677293114638066,0.11830759208211127,0.7081465384621611,17,12.03849115385674
1864297823051492199,11,0,0.33,0.33,0.34,0.0,0,0.0
1864557379284900968,362,7,0.8091700585863806,0.027496531686999583,0.16333339990539983,0.7816735268993811,22,17.196817591786385
1864731422281205136,460,0,0.7609767066973906,0.04733411034067663,0.19168918401862564,0.713642596356714,13,9.277353752637282
1864934078105790682,373,20,0.9015668604988605,0.06244219156603018,0.035990937205497175,0.8391246689328303,24,20.138992054387927
1865431494090392078,212,3,0.7393857806921005,0.049605820514261725,0.2110084354877472,0.6897799601778388,5,3.448899800889194
1865994154989837426,88,0,0.9390553633371989,0.010396215521420041,0.050548432084421314,0.9286591478157789,3,2.7859774434473366
1866243514707361737,46,0,0.33,0.33,0.34,0.0,0,0.0
1866269745634147768,618,15,0.8958877430242651,0.010408832376603694,0.09370341612135663,0.8854789106476614,17,15.053141481010243
1866400441823625039,486,10,0.891733871439229,0.04955766968591058,0.05870845545326238,0.8421762017533183,23,19.37005264032632
1866409502098650179,1317,21,0.8504938222467899,0.03358303977606388,0.11592313919502956,0.816910782470726,26,21.239680344238877
1866479342771892959,66,0,0.5193030958374342,0.06410903561239441,0.4165878506998221,0.4551940602250397,3,1.3655821806751192
1866556499721283363,98,3,0.7309616059064865,0.012782333030675849,0.25625605570773285,0.7181792728758106,3,2.154537818627432
1866672912569154910,896,1,0.6655433257669211,0.10736429159451898,0.22709238746979585,0.5581790341724021,24,13.39629682013765
1866708346602531743,618,6,0.6952851889530818,0.07820517778086165,0.22650965072835486,0.6170800111722201,6,3.7024800670333207
1866854581355910763,241,9,0.7361155267755191,0.05179758935980499,0.2120868639498949,0.6843179374157141,15,10.264769061235711
1866979023562003782,280,4,0.7399059511572122,0.07293603630643339,0.18715801623836162,0.6669699148507788,10,6.669699148507789
1867205053304456044,611,18,0.5775124083744253,0.18822631645345075,0.23426129030611587,0.3892860919209745,17,6.6178635626565665
1867616546170134839,128,0,0.8490715775489808,0.07005017528682947,0.08087823915481568,0.7790214022621512,5,3.895107011310756
1867617145292486481,902,6,0.7802600373540606,0.07130140670442156,0.14843855640717915,0.708958630649639,7,4.962710414547473
1867671137855451729,518,0,0.8031632106999557,0.047980286601620424,0.14885651228328547,0.7551829240983352,24,18.124390178360045
1867723148305785074,387,12,0.7021311197280884,0.08129511207093795,0.2165737727334102,0.6208360076571504,15,9.312540114857256
1867831781718679279,74,0,0.7130225896835327,0.011228104121983051,0.275749322026968,0.7017944855615497,2,1.4035889711230993
1868214323391169418,324,0,0.33,0.33,0.34,0.0,0,0.0
1868282588114560322,1466,20,0.8877116394313899,0.022961874143220484,0.089326483536173,0.8647497652881694,22,19.024494836339727
1868341302169748668,618,16,0.9016830292530358,0.025933301949407905,0.07238365494413301,0.8757497273036279,24,21.01799345528707
1868341891730538126,310,4,0.6350384507179261,0.08701633520796895,0.2779452277645469,0.548022115509957,5,2.7401105775497854
1868419214278575013,123,0,0.33,0.33,0.34,0.0,0,0.0
1868596014921148087,75,1,0.9433971047401428,0.005777082250763972,0.050825802919765316,0.9376200224893788,3,2.8128600674681365
1868598897440220982,319,5,0.8742600316589786,0.04366507567110516,0.08207488584021727,0.8305949559878736,21,17.442494075745344
1868701960405247019,477,21,0.919237515727679,0.034209362118272114,0.046553138190259545,0.8850281536094068,24,21.240675686625764
1869174303871072833,400,17,0.9506688977423168,0.019382596655438344,0.029948506844008255,0.9312863010868785,21,19.55701232282445
1869309008626550632,282,12,0.8538131013938359,0.05668112740984985,0.08950577478855849,0.797131973983986,14,11.159847635775805
1869520631563745919,126,4,0.6998981460928917,0.04344740882515907,0.2566544655710459,0.6564507372677326,4,2.6258029490709305
1869770409085662453,351,18,0.8405765797942877,0.0441156392917037,0.1153077829706793,0.796460940502584,24,19.115062572062016
1870149174423599057,497,3,0.7847911888360977,0.10255480323646528,0.112654005298391,0.6822363855996324,24,16.37367325439118
1870338349061848502,300,0,0.22634011507034302,0.029286229982972145,0.7443736791610718,0.19705388508737087,1,0.19705388508737087
1870584969867162485,127,1,0.23312270730733872,0.1710273976996541,0.5958498847484589,0.06209530960768461,2,0.12419061921536922
1870625470175084697,50,1,0.8672190247263227,0.05212596397048661,0.0806549870222807,0.8150930607558361,7,5.705651425290853
1870875419571305444,287,6,0.8418636051813762,0.06420581778821846,0.09393056484560174,0.7776577873931577,6,4.665946724358946
1871160673103785044,91,0,0.33,0.33,0.34,0.0,0,0.0
1871214310149453990,225,4,0.7598965620994568,0.1134088072522233,0.12669463041548928,0.6464877548472335,6,3.878926529083401
1871215596784442887,270,0,0.33,0.33,0.34,0.0,0,0.0
1871226333632285823,1221,7,0.7274582041427493,0.04218535078689456,0.2303564555477351,0.6852728533558547,8,5.482182826846838
1871289887254583716,105,9,0.5889689656719566,0.17088646527146922,0.24014457505196335,0.41808250040048733,8,3.3446600032038987
1871387678215543691,164,9,0.05665057325735689,0.15048447500745005,0.7928649764575741,-0.09383390175009315,22,-2.0643458385020494
1871428023217405683,74,8,0.9069520783424377,0.03991695786257171,0.05313095074353947,0.8670351204798661,9,7.803316084318794
1871480812048532139,269,11,0.5503977886339029,0.2737998757449289,0.1758023281705876,0.27659791288897395,12,3.3191749546676874
1871944396816460076,593,15,0.8874854234286718,0.049359523096520995,0.06315505022626548,0.8381259003321507,21,17.600643906975165
1871987170053217439,1145,0,0.33,0.33,0.34,0.0,0,0.0
1871987183054162968,657,8,0.6349753815531731,0.09645756071805954,0.26856704739108683,0.5385178208351136,10,5.385178208351135
1872035419581126909,623,21,0.8829423879086971,0.022098435832886027,0.09495918228290974,0.8608439520758111,24,20.660254849819466
1872198009325293232,865,14,0.9220605307103446,0.0416759293875657,0.03626354593628397,0.8803846013227788,24,21.12923043174669
1872668383096236781,797,1,0.7794510669793401,0.04256531732201222,0.17798362049939376,0.7368857496573279,21,15.474600742803887
1872708041155808799,605,0,0.7811439831182361,0.05384546354413033,0.16501054926309736,0.7272985195741057,8,5.818388156592846
1872787717220101262,218,1,0.35572196770459413,0.28776562614705076,0.3565124117786234,0.06795634155754339,11,0.7475197571329772
1872975754845977321,494,26,0.8454811305094224,0.0231567982566328,0.13136208675300273,0.8223243322527896,26,21.38043263857253
1873048795657251470,221,7,0.7406726582845052,0.08142311315776574,0.17790421598487433,0.6592495451267395,9,5.933245906140655
1873671489469590000,309,1,0.6674585773263659,0.12367749132215977,0.2088639169824975,0.5437810860042062,7,3.8064676020294432
1873730177639341628,272,0,0.8708196194171905,0.06483073032274843,0.0643496442064643,0.8059888890944421,15,12.089833336416632
1873998072322146370,119,2,0.656708904504776,0.16619775044731797,0.17709334714338185,0.49051115405745804,2,0.9810223081149161
1874056931989306996,71,2,0.9621110081672668,0.004997201287187636,0.03289179308339953,0.9571138068800792,5,4.785569034400396
1874064035654629847,426,16,0.8887755204666228,0.03838223700855105,0.07284225302437941,0.8503932834580719,21,17.858258952619508
1874204232783429372,140,2,0.6060892343521118,0.04128133769457539,0.35262942872941494,0.5648078966575364,3,1.6944236899726093
1874266945631357343,183,5,0.9737896819909414,0.006054475748290618,0.020155845675617456,0.9677352062426507,6,5.8064112374559045
1874291059087293074,100,3,0.592086996237437,0.12286601523558299,0.28504701584577563,0.46922098100185394,3,1.4076629430055618
1874371680512898358,247,0,0.33,0.33,0.34,0.0,0,0.0
1874467321188252710,311,0,0.33,0.33,0.34,0.0,0,0.0
1874623081859889082,340,18,0.823965650939423,0.04504142114163741,0.13099292492251033,0.7789242297977857,23,17.91525728534907
1874683848727770268,405,19,0.8707204549511274,0.03495245797831255,0.09432708845784267,0.8357679969728148,24,20.058431927347556
1874799333888368097,1243,0,0.6929370286729601,0.1159280197084364,0.1911349494713876,0.5770090089645237,9,5.193081080680713
1874853888462915328,231,5,0.8841734528541565,0.010585880000144243,0.10524069219827652,0.8735875728540122,5,4.367937864270061
1874936377695675101,760,0,0.33,0.33,0.34,0.0,0,0.0
1875040279069767441,329,1,0.9076902270317078,0.006635668687522411,0.08567408472299576,0.9010545583441854,1,0.9010545583441854
1875125988943630732,75,0,0.33,0.33,0.34,0.0,0,0.0
1875587881748045851,506,0,0.33,0.33,0.34,0.0,0,0.0
1875631696503096218,434,2,0.8078948652744294,0.08653874732204714,0.10556638120440766,0.7213561179523822,24,17.312546830857173
1875767972014858749,393,0,0.33,0.33,0.34,0.0,0,0.0
1875777588531999668,57,0,0.9870360493659973,0.0045313118025660515,0.008432681672275066,0.9825047375634313,1,0.9825047375634313
1875948327062454062,122,3,0.45284444650014244,0.17089542557795845,0.37626014033953353,0.281949020922184,3,0.845847062766552
1875948770098455157,188,4,0.6155873835004039,0.06819969771843819,0.3162129273182816,0.5473876857819656,9,4.926489172037691
1876284484866616321,264,1,0.6954186018308004,0.12269958587363362,0.1818818015853564,0.5727190159571668,3,1.7181570478715003
1876316151642868400,1308,12,0.7918121895832675,0.037880755656265794,0.1703070485405624,0.7539314339270017,14,10.555040074978024
1876364559279907675,337,22,0.9443913226326307,0.010209549703480056,0.0453991323010996,0.9341817729291506,24,22.420362550299615
1876587311005937190,140,13,0.8222868939546438,0.08062808253300878,0.0970850302107059,0.741658811421635,13,9.641564548481256
1876750263642364020,56,0,0.33,0.33,0.34,0.0,0,0.0
1877133171151491762,418,4,0.9118090101650783,0.008128001520942365,0.08006297956619944,0.9036810086441359,7,6.3257670605089515
1877166848609493454,325,3,0.7263400889933109,0.0638323548482731,0.20982754253782332,0.6625077341450378,4,2.6500309365801513
1877282279993109219,434,10,0.8749405033771809,0.05518724838056817,0.069872239197676,0.8197532549966127,13,10.656792314955965
1877290973996557116,163,0,0.7472747686174182,0.11344241371688743,0.13928281769156456,0.6338323549005307,9,5.704491194104776
1877411857033947174,136,3,0.7636050701141357,0.05065294550731778,0.185742006637156,0.712952124606818,5,3.56476062303409
1878171492094121626,282,8,0.5205356062000448,0.09167203426445751,0.38779234855012457,0.42886357193558733,11,4.71749929129146
1878247090909783606,392,4,0.7920020967721939,0.009375207591801882,0.19862270914018154,0.782626889180392,4,3.130507556721568
1878602004415171916,354,9,0.5031472011738354,0.13913848991091882,0.35771430847545466,0.3640087112629165,9,3.2760784013662487
1878665753004368018,599,1,0.5604279090464115,0.06025237373342472,0.37931972270831465,0.5001755353129868,14,7.002457494381814
1878720756337063340,140,0,0.7568050479888916,0.11286607455927879,0.13032887818912667,0.6439389734296128,3,1.9318169202888384
1878743650717006919,251,9,0.9036093175411224,0.006006412417627871,0.09038426652550698,0.8976029051234946,10,8.976029051234946
1879201877105455192,170,1,0.64067118704319,0.16972606188850478,0.1896027527563274,0.47094512515468523,4,1.883780500618741
1879300178873043324,462,9,0.6240084793666999,0.062389261917366344,0.3136022655262301,0.5616192174493335,12,6.739430609392002
1879444018503285297,1567,28,0.9803306460380554,0.004993796833635618,0.014675551423958192,0.9753368492044198,24,23.408084380906075
1879713644420006640,107,0,0.9753212630748749,0.007160589564591646,0.017518138978630304,0.9681606735102832,2,1.9363213470205665
1879912065079204296,1106,16,0.7411128013816319,0.11497824075435731,0.1439089553273822,0.6261345606272746,19,11.896556651918218
1879913074926103631,422,16,0.5240843933783472,0.26358601225167516,0.21232959325239062,0.260498381126672,20,5.209967622533441
1879928497776118305,44,9,0.6135162465812432,0.25163864091297405,0.13484511246697772,0.3618776056682691,9,3.256898451014422
1880020553681539278,607,13,0.6446575483565147,0.0853921033699925,0.2699503533599468,0.5592654449865222,13,7.270450784824789
1880031315341308491,685,0,0.33,0.33,0.34,0.0,0,0.0
1880226874002896744,141,1,0.07255318760871887,0.11490245908498764,0.8125443458557129,-0.04234927147626877,1,-0.04234927147626877
1880627939583560515,594,6,0.8774091183680753,0.05336316931670389,0.06922769804986624,0.8240459490513715,26,21.42519467533566
1880669171201964415,628,6,0.29703785673431726,0.06718797167844098,0.6357741716682263,0.2298498850558763,23,5.286547356285155
1880739378374661312,421,0,0.6988662548065185,0.14151076466590168,0.15962299002707006,0.5573554901406169,5,2.7867774507030845
1881016426498003911,144,5,0.965230127175649,0.00702522334177047,0.027744630662103493,0.9582049038338786,6,5.749229423003271
1881095563769397071,319,17,0.5898669393062591,0.03604982469975949,0.37408323711156843,0.5538171146064996,15,8.307256719097495
1881333671874388085,140,0,0.33,0.33,0.34,0.0,0,0.0
1881345828855883787,151,1,0.8271606593240391,0.04061031770553779,0.13222903581844137,0.7865503416185013,11,8.652053757803515
1881413329332152135,241,12,0.8836653660933177,0.03317091760970652,0.08316371553639572,0.8504944484836111,15,12.757416727254167
1881495459820080508,141,1,0.9856888055801392,0.0034993509761989117,0.010811790823936462,0.9821894546039402,1,0.9821894546039402
1882030099966722911,456,1,0.8727981001138687,0.013913434813730419,0.11328845610842109,0.8588846653001383,4,3.435538661200553
1882068882865673884,37,0,0.33,0.33,0.34,0.0,0,0.0
1882098414844296926,262,22,0.904448781311512,0.03333875956363045,0.06221245610776047,0.8711100217478815,24,20.906640521949157
1882162885683349664,291,17,0.8687021436010088,0.0384340961614535,0.09286376822030261,0.8302680474395553,21,17.435628996230662
1882319682708405087,895,0,0.33,0.33,0.34,0.0,0,0.0
1882375720682714499,144,3,0.5060821776092053,0.1020040152175352,0.3919138266146183,0.40407816239167005,4,1.6163126495666802
1882484198520885940,291,1,0.6415667021274567,0.1746341408789158,0.1837991812080145,0.4669325612485409,2,0.9338651224970818
1882528477837315314,146,1,0.6595314228534699,0.166377381850034,0.17409120274707676,0.49315404100343585,2,0.9863080820068717
1882784133726539787,1566,1,0.8905239392320315,0.03865298697065252,0.07082306616241113,0.851870952261379,24,20.444902854273096
1882900287511111976,180,5,0.45610378061731655,0.10870178501742582,0.43519443459808826,0.34740199559989077,6,2.0844119735993445
1882905003518191459,586,0,0.6736851227283478,0.09435567327775062,0.23195918816141786,0.5793294494505972,4,2.3173177978023887
1882908539637092184,303,13,0.8421189070213586,0.06760789515101351,0.09027319952535133,0.7745110118703451,24,18.588264284888282
1882908680430984836,67,2,0.5123769901692867,0.013164086733013391,0.474458958953619,0.49921290343627334,2,0.9984258068725467
1883594823122939433,200,8,0.5136997892800719,0.26316437682136895,0.22313582970760765,0.2505354124587029,8,2.0042832996696234
1883599294200892023,68,4,0.40894707697629934,0.24544604732841252,0.3456068688035011,0.16350102964788676,5,0.8175051482394338
1883643711243744689,248,0,0.6065166378021241,0.17148720702156425,0.2219961453974247,0.4350294307805598,2,0.8700588615611196
1883807119296394468,710,3,0.9857089519500732,0.004597342883547147,0.009693713548282782,0.9811116090665261,3,2.9433348271995783
1884017908180715273,538,6,0.6229826039634645,0.04003351807477884,0.3369839114602655,0.5829490858886857,8,4.663592687109485
1884111505299314859,202,5,0.2858783633510272,0.14664122226958473,0.5674804188807806,0.13923714108144244,6,0.8354228464886546
1884526532761176352,724,22,0.5230121631954204,0.06907228949141096,0.4079155475459993,0.45393987370400946,22,9.986677221488208
1884720669780321545,158,0,0.3923073410987854,0.32434362173080444,0.28334900736808777,0.06796371936798096,1,0.06796371936798096
1884858622838336201,808,28,0.8975831304084171,0.016645947301929646,0.08577093291519718,0.8809371831064875,22,19.380618028342724
1884936240235796107,232,5,0.5749187271084104,0.08552434077619442,0.3395569257624448,0.489394386332216,14,6.851521408651024
1885012557293306505,738,0,0.33,0.33,0.34,0.0,0,0.0
1885019999195423436,2004,3,0.7971717611090703,0.03031071523839439,0.17251753049987284,0.7668610458706759,22,16.87094300915487
1885109696542844326,143,2,0.6777182370424271,0.03925892012193799,0.2830228768289089,0.6384593169204891,2,1.2769186338409781
1885366892421135901,220,18,0.6202929285168648,0.09478779830853455,0.284919298524037,0.5255051302083302,8,4.204041041666642
1885520671333768435,197,5,0.9802556463650295,0.004652981571520546,0.015091363274093186,0.9756026647935089,14,13.658437307109125
1885564761883082863,229,0,0.33,0.33,0.34,0.0,0,0.0
1885574291811896981,292,5,0.8980964163939158,0.01577051032024125,0.08613307594011227,0.8823259060736746,15,13.234888591105118
1885574430105891536,234,9,0.885035490989685,0.05452429025899619,0.06044023251160979,0.8305112007306888,10,8.305112007306889
1885662653028949629,299,0,0.33,0.33,0.34,0.0,0,0.0
1886283330463659207,323,17,0.2952521884503464,0.2274963833546887,0.47725142315030106,0.0677558050956577,24,1.626139322295785
1886332336133689729,110,11,0.8928848296403885,0.007294319507976373,0.09982084091752767,0.8855905101324121,15,13.283857651986182
1886406771565922938,98,0,0.12840457260608673,0.047215186059474945,0.8243802189826965,0.08118938654661179,1,0.08118938654661179
1886442565746905572,284,10,0.9337383551256997,0.010536522804094213,0.055725115284855874,0.9232018323216055,14,12.924825652502477
1886550167706729761,65,1,0.33,0.33,0.34,0.0,2,0.0
1886654472487192521,608,9,0.7316704278522068,0.0692996322353267,0.1990299584095677,0.6623707956168801,9,5.9613371605519205
1887157630464909330,613,15,0.8506299627907573,0.06921639405982569,0.08015365168265999,0.7814135687309317,20,15.628271374618635
1887699212360067720,472,5,0.4156216997653246,0.04013757995562628,0.5442407310474664,0.3754841198096983,4,1.5019364792387933
1888008538036863965,498,14,0.8442242540631976,0.03238659393108849,0.12338916080338615,0.811837660132109,14,11.365727241849527
1888068013467745366,157,0,0.8375205649683873,0.0630273108681043,0.0994521097590526,0.774493254100283,15,11.617398811504245
1888371727911080729,175,14,0.9201045175393422,0.00627376944757998,0.07362171532586217,0.9138307480917622,15,13.707461221376434
1888607247299329385,1112,4,0.7417378127574921,0.0325666043208912,0.22569558210670948,0.7091712084366009,4,2.8366848337464035
1888642267726299297,293,0,0.7854514410495759,0.10191484303306789,0.11263369289040566,0.6835365980165079,10,6.835365980165079
1889193540023889742,1059,3,0.6016223585605621,0.12677792286500336,0.27159972183406356,0.4748444356955588,6,2.8490666141733527
1889335634888271754,937,10,0.9177283141726539,0.023676285017725257,0.05859540119767189,0.8940520291549287,21,18.775092612253502
1889348683982359035,200,2,0.6415038446549859,0.19257890344464354,0.1659172662028245,0.4489249412103423,7,3.142474588472396
1889370936558306196,417,8,0.9144475311040878,0.01529980847789418,0.07025266851165465,0.8991477226261937,21,18.882102175150067
1889433784907480612,127,1,0.8039221593049857,0.0347862430755049,0.16129159520165276,0.7691359162294807,13,9.99876691098325
1889459724168993074,119,5,0.5149839331422533,0.09861745890496033,0.38639860070177484,0.416366474237293,7,2.914565319661051
1889812145630312398,312,10,0.9187383992021734,0.03433209411461245,0.04692949508401481,0.8844063050875609,11,9.72846935596317
1889927090289796517,152,0,0.33,0.33,0.34,0.0,1,0.0
1889936702106173878,340,1,0.07357871439307928,0.4364799465984106,0.4899413362145424,-0.3629012322053313,2,-0.7258024644106627
1890044455002391779,759,1,0.9133353901427724,0.025977833000943067,0.06068676852499662,0.8873575571418294,23,20.409223814262077
1890065982896869294,91,2,0.9773620367050171,0.0065206068102270365,0.01611734740436077,0.97084142989479,2,1.94168285978958
1890131581960761071,311,0,0.33,0.33,0.34,0.0,0,0.0
1890172461796287344,1040,23,0.7322706082649528,0.03052370794156256,0.23720567844808102,0.7017469003233904,24,16.841925607761368
1890303246746458278,293,2,0.45763477387623147,0.31420636809359376,0.22815886694937945,0.14342840578263769,13,1.86456927517429
1890417461260329708,332,11,0.8547799953818321,0.06822763693402521,0.07699236430809833,0.7865523584478069,16,12.58483773516491
1891128319342848438,1252,20,0.768874292210454,0.08835774453179468,0.14276796864611763,0.6805165476786593,21,14.290847501251847
1891266695965703490,283,5,0.877079676836729,0.009574598108883947,0.11334573046769947,0.8675050787278451,8,6.940040629822761
1891406453101779961,727,20,0.9453106322495833,0.02080107107434584,0.033888298882900375,0.9245095611752375,23,21.263719907030463
1891453420431404501,349,0,0.21751850843429565,0.11598489433526993,0.6664966344833374,0.10153361409902573,1,0.10153361409902573
1891522833025507688,182,0,0.9740986029307047,0.005152715796915193,0.020748671144247055,0.9689458871337896,6,5.813675322802737
1891525391208456157,573,6,0.16515567508836587,0.4021462988077353,0.4326980111251275,-0.23699062371936938,12,-2.8438874846324325
1891564304752695173,75,0,0.33,0.33,0.34,0.0,0,0.0
1891572276051424450,205,0,0.33,0.33,0.34,0.0,0,0.0
1891578155636807971,835,24,0.9694638875397769,0.006242839492518793,0.02429328173060309,0.963221048047258,22,21.190863057039678
1891605182599358345,435,8,0.6764851056411862,0.05159497474029195,0.27191992711275814,0.6248901309008943,8,4.999121047207154
1891826082102088277,275,8,0.9098200135760837,0.010888142640598945,0.07929183097763194,0.8989318709354848,9,8.090386838419363
1891906370821079715,424,0,0.33,0.33,0.34,0.0,0,0.0
1892175811457338271,585,18,0.7345115738700737,0.09973810390611604,0.16575032244605772,0.6347734699639577,22,13.965016339207068
1892291911436249459,665,0,0.33,0.33,0.34,0.0,0,0.0
1892327356444320340,85,0,0.8297865755217416,0.0592614511985864,0.11095196290207762,0.7705251243231552,7,5.393675870262086
1892475482542590266,482,4,0.5402444820404053,0.20237852293252945,0.25737700098752975,0.3378659591078758,5,1.6893297955393791
1892624686602168025,215,8,0.7424097858369351,0.026456324756145476,0.23113389126956463,0.7159534610807896,10,7.159534610807896
1892809038393407506,121,0,0.33,0.33,0.34,0.0,0,0.0
1892913334728420893,220,0,0.33,0.33,0.34,0.0,0,0.0
1892982854754169784,232,0,0.9032553434371948,0.0070214890874922276,0.08972319960594177,0.8962338543497026,1,0.8962338543497026
1893033598342647568,510,11,0.6818315996726354,0.04680182962678373,0.27136656270672876,0.6350297700458517,12,7.62035724055022
1893426106192308185,217,0,0.33,0.33,0.34,0.0,0,0.0
1893687841491732574,116,0,0.33,0.33,0.34,0.0,0,0.0
1893715130027263139,1400,0,0.7481503668816193,0.032074449327571884,0.21977519471360288,0.7160759175540474,23,16.46974610374309
1893766245908917131,440,4,0.6581032827225598,0.11720626086927952,0.22469046032394877,0.5408970218532804,22,11.899734480772167
1894420275099315517,325,0,0.33,0.33,0.34,0.0,0,0.0
1894468515769200025,531,2,0.5477422099113465,0.20241795624792575,0.24983985693752767,0.3453242536634207,5,1.7266212683171034
1894671346387281654,52,0,0.33,0.33,0.34,0.0,0,0.0
1894694735211416760,750,1,0.9809212684631348,0.004374505486339331,0.014704251661896706,0.9765467629767954,1,0.9765467629767954
1894751504276176730,51,0,0.33,0.33,0.34,0.0,0,0.0
1894817083898022342,519,3,0.7880421876907349,0.012684130442461796,0.1992736923109208,0.7753580572482731,7,5.4275064007379115
1894887437543189546,46,4,0.23138669764995576,0.10529042816162111,0.663322859287262,0.12609626948833466,5,0.6304813474416733
1894938651714782967,236,8,0.7483706303437551,0.06267798194040855,0.18895137863544129,0.6856926484033465,6,4.114155890420079
1895161939370430939,489,0,0.3920370638370514,0.019051173701882362,0.5889117121696472,0.37298589013516903,1,0.37298589013516903
1895168572957031844,181,6,0.869444215297699,0.007031141081824899,0.12352464124560356,0.8624130742158741,5,4.31206537107937
1895265800815963279,177,7,0.7847626829147339,0.05732500671808209,0.15791230890367713,0.7274376761966518,7,5.092063733376563
1895804311590528842,243,20,0.5125142804980278,0.2073893443616107,0.2800963704604656,0.3051249361364171,20,6.102498722728342
1895879025960906448,640,6,0.7579263050481677,0.06379246210213751,0.17828124181367458,0.6941338429460302,8,5.553070743568242
1895913980570335071,554,13,0.8473459579263415,0.03106095466696258,0.12159306829795243,0.8162850032593789,14,11.427990045631304
1896113853054439037,1899,16,0.8014455868303775,0.0753447478155916,0.12320967870298773,0.726100839014786,24,17.426420136354864
1896171586367405717,117,3,0.6495563669999441,0.16810593424364925,0.18233768820141752,0.4814504327562948,6,2.888702596537769
1896268957503227266,143,0,0.5708985850214958,0.01708635361865163,0.4120150748640299,0.5538122314028442,2,1.1076244628056884
1896436764021650161,801,9,0.8897387100183047,0.035472892881729286,0.07478840313565273,0.8542658171365753,26,22.21091124555096
1896553799868702434,166,6,0.27628867636124294,0.1528992258384824,0.5708121049404145,0.12338945052276055,6,0.7403367031365633
1896734359613006717,359,5,0.5256829687527248,0.034104508879993646,0.44021251797676086,0.49157845987273113,7,3.441049219109118
1896764851733140239,178,22,0.8776300605318763,0.038170705436813564,0.08419924857264216,0.8394593550950628,22,18.46810581209138
1896874941610058853,422,23,0.9165112196721814,0.0071297552627088,0.07635902909731324,0.9093814644094725,22,20.006392217008397
1896876172940941976,152,3,0.7505367547273636,0.036388487729709595,0.21307475143112242,0.714148266997654,4,2.856593067990616
1897298346106591557,72,0,0.33,0.33,0.34,0.0,1,0.0
1897368122520991818,647,6,0.5709485936164856,0.13310037548188122,0.29595104762663443,0.4378482181346044,6,2.6270893088076264
1897388247563697228,305,0,0.4424762067469683,0.23622206932103093,0.3213017125021328,0.20625413742593743,22,4.537591023370624
1897525804645066184,370,14,0.8699695618152619,0.034759486772120006,0.0952709601049622,0.8352100750431418,15,12.528151125647128
1897826717470292023,270,1,0.7569667553901672,0.11247244606725872,0.13056081383178633,0.6444943093229085,3,1.9334829279687256
1898013797663226108,62,0,0.33,0.33,0.34,0.0,0,0.0
1898268611438856681,80,6,0.5697923824191093,0.016543186269700527,0.41366442292928696,0.5532491961494088,4,2.2129967845976353
1898455366172088431,371,0,0.9706630706787109,0.006805135984905064,0.0225318088196218,0.9638579346938059,4,3.8554317387752235
1898467141804976054,288,5,0.5968516942432949,0.11460478455360447,0.2885435367694923,0.48224690968969036,7,3.3757283678278327
1898623618889748463,431,5,0.9417962687356132,0.006173522411180394,0.05203019268810749,0.9356227463244328,7,6.549359224271029
1898652023981810888,1330,0,0.5037864688783884,0.07220799615606666,0.4240055261179805,0.43157847272232175,4,1.726313890889287
1898713939551483877,639,13,0.9124375060200691,0.010687804315239191,0.07687470158966987,0.9017497017048299,23,20.74024313921109
1898872007317415385,110,0,0.9419253468513489,0.0108363451436162,0.047238320112228394,0.9310890017077327,1,0.9310890017077327
1898888166662729595,758,13,0.43725350478291514,0.19770043348055333,0.36504605873301627,0.23955307130236178,10,2.395530713023618
1899086108860601907,313,8,0.882732443511486,0.015860047831665725,0.10140750068239868,0.8668723956798203,8,6.934979165438563
1899251335490857526,69,4,0.4066842370480299,0.11814350155647844,0.47517226547002794,0.28854073549155146,4,1.1541629419662058
1899831233670444067,397,3,0.774961021900177,0.07148561830073595,0.15355335272103549,0.703475403599441,10,7.0347540359944105
1899905697848606782,143,0,0.9384843120855444,0.025444705856635292,0.03607096660882235,0.9130396062289091,17,15.521673305891454
1900274800930978473,156,1,0.19202008932828904,0.4450148725509644,0.36296504557132725,-0.2529947832226753,2,-0.5059895664453506
1900359733152392367,401,3,0.4286827713251114,0.04245370412245393,0.5288635194301605,0.3862290672026575,5,1.9311453360132873
1900574903473413801,155,6,0.6633909237384796,0.08803135375957936,0.24857772890478375,0.5753595699789003,4,2.301438279915601
1900721988914548830,200,10,0.7881850334150451,0.08422770372791481,0.12758726686505334,0.7039573296871302,14,9.855402615619823
1900777492685552208,224,3,0.7221794674793879,0.021312213852070272,0.2565083430769543,0.7008672536273176,6,4.205203521763906
1900867664156615789,465,5,0.9683807611465454,0.006479169777594507,0.025140083953738214,0.9619015913689509,5,4.8095079568447545
1900886298307555860,81,8,0.7713718876242638,0.01778393171261996,0.21084418958052992,0.7535879559116438,10,7.535879559116438
1900957419216063197,87,2,0.9664459675550461,0.0065367965726181865,0.027017248095944524,0.9599091709824279,4,3.8396366839297116
1900989759161894269,265,19,0.712099850259044,0.1174007977896624,0.17049936476756225,0.5946990524693816,22,13.083379154326394
1901054452989153210,316,0,0.33,0.33,0.34,0.0,0,0.0
1901159212642627385,742,0,0.7334727196005129,0.06654752038153154,0.19997975733485962,0.6669251992189813,21,14.005429183598608
1901536601949235273,181,1,0.2727879248559475,0.04541832084457079,0.6817937393983206,0.2273696040113767,3,0.6821088120341301
1901558204006122159,107,5,0.6427784794569016,0.1684322957508266,0.18878921734169127,0.47434618370607495,4,1.8973847348242998
1901680770477903933,68,0,0.33,0.33,0.34,0.0,0,0.0
1901827229332424285,317,0,0.9577839101354281,0.007355927838943899,0.0348601685060809,0.9504279822964842,24,22.81027157511562
1901862015866160655,181,8,0.9013440629839897,0.045201931052142756,0.053453990742564204,0.856142131931847,8,6.849137055454776
1901928371711840880,514,2,0.743017477798793,0.11739102981311994,0.13959150111923616,0.6256264479856731,18,11.261276063742116
1902382083733638380,124,4,0.9519184827804565,0.004222835724552472,0.04385867528617382,0.947695647055904,3,2.843086941167712
1902738941570680228,100,0,0.6367367506027222,0.005280748941004276,0.3579825162887573,0.6314560016617179,1,0.6314560016617179
1903089843005614280,567,0,0.4280191054195166,0.20254468623083086,0.3694362333789468,0.22547441918868572,4,0.9018976767547429
1903123527101834984,317,6,0.26365259297516036,0.0628367545577171,0.6735106671050839,0.20081583841744324,23,4.618764283601195
1903242208817946695,685,7,0.8964772096276283,0.0473936829273589,0.0561291024973616,0.8490835267002694,8,6.7926682136021554
1903424921346977593,472,22,0.8868270224581162,0.025329429539851844,0.0878435408230871,0.8614975929182643,24,20.675942230038345
1903586739677529853,75,8,0.42562838395436603,0.044706554928173624,0.5296650590995947,0.3809218290261924,6,2.2855309741571546
1903837540944607754,396,0,0.33,0.33,0.34,0.0,0,0.0
1903952278522378241,142,3,0.5215942437450091,0.029969859635457397,0.4484359100461006,0.4916243841095517,6,2.9497463046573102
1904111527420477398,217,8,0.6911033748090267,0.130679722429486,0.17821686955401675,0.5604236523795407,8,4.483389219036326
1904286437823939283,103,1,0.13123859465122223,0.05107297748327255,0.8176884055137634,0.08016561716794968,1,0.08016561716794968
1904538776506365807,640,0,0.33,0.33,0.34,0.0,0,0.0
1904639005220339504,450,11,0.7217500695356956,0.08569796243754144,0.19255197123266182,0.6360521070981542,13,8.268677392276004
1904743694629040487,777,0,0.8749585440382361,0.03192042564721002,0.09312104309598605,0.8430381183910262,24,20.232914841384627
1904770893675377640,345,0,0.7552421148618063,0.11438677923132977,0.13037111397832632,0.6408553356304765,3,1.9225660068914294
1905062247119765127,246,0,0.33,0.33,0.34,0.0,1,0.0
1905252253646552619,330,2,0.9547060579061508,0.006120061501860619,0.039173887111246586,0.9485859964042902,4,3.794343985617161
1905340704905931584,1304,24,0.9362208793560663,0.025775301600030314,0.038003830588422716,0.9104455777560361,24,21.850693866144866
1905340711617001717,675,1,0.9424548454085985,0.020478124533159038,0.03706703444321951,0.9219767208754396,24,22.12744130101055
1905419881890076512,97,1,0.9834848344326019,0.004979535937309265,0.01153563940897584,0.9785052984952927,2,1.9570105969905853
1905568910561750850,116,5,0.7633078352610271,0.1123826505833616,0.1243095146988829,0.6509251846776655,3,1.9527755540329963
1906006205164315213,238,31,0.1794513517100778,0.29665811689363586,0.5238905301027827,-0.11720676518355806,18,-2.109721773304045
1906020696585248557,605,17,0.968615877131621,0.0077535616389165325,0.023630555408696335,0.9608623154927045,24,23.06069557182491
1906078660893824554,69,4,0.6424716841429472,0.31731658754870296,0.04021173591415087,0.32515509659424424,3,0.9754652897827327
1906487351208943785,127,0,0.6447423183918,0.16986313598230482,0.18539455261081458,0.4748791824094951,2,0.9497583648189902
1906523060127852112,693,22,0.8758019563555717,0.023162885362204788,0.10103515210251013,0.852639070993367,24,20.463337703840807
1906545085652430694,455,1,0.9789035320281982,0.007840561680495739,0.013255941681563854,0.9710629703477025,1,0.9710629703477025
1906550786223817890,762,0,0.33,0.33,0.34,0.0,0,0.0
1906834141018670239,600,19,0.8973230812698603,0.011023173545254394,0.09165374399162829,0.8862999077246059,16,14.180798523593694
1906855148192054477,489,0,0.837869992852211,0.07536448868534838,0.08676551009994,0.7625055041668626,24,18.300132100004703
1907282463076706620,57,1,0.33,0.33,0.34,0.0,1,0.0
1907567451269324484,418,45,0.3187222417573566,0.3577619132593922,0.3235158450237435,-0.0390396715020356,23,-0.8979124445468187
1907696430621946903,222,0,0.931302676598231,0.005558155127801001,0.06313915938759844,0.92574452147043,6,5.55446712882258
1907707168645497839,677,17,0.886889965307145,0.050939170921310076,0.0621708491808247,0.8359507943858349,21,17.55496668210253
1907924567911282137,499,0,0.33,0.33,0.34,0.0,0,0.0
1908151846675383002,1200,19,0.7161367383776677,0.15507177712218395,0.1287914809300786,0.5610649612554837,21,11.782364186365157
1908165443032320463,49,2,0.22717899546027184,0.19149023104459048,0.5813307744264603,0.03568876441568136,4,0.14275505766272545
1908285695739368818,518,8,0.8961206164799238,0.010847364797403938,0.09303201845307883,0.8852732516825199,19,16.82019178196788
1908441154882503879,677,0,0.33,0.33,0.34,0.0,0,0.0
1908474625161927700,745,0,0.33,0.33,0.34,0.0,0,0.0
1908681886994144566,149,0,0.33,0.33,0.34,0.0,0,0.0
1908826216619926570,616,0,0.33,0.33,0.34,0.0,0,0.0
1908843734657850484,172,4,0.9556252479553222,0.00591977359727025,0.03845497071743011,0.949705474358052,5,4.74852737179026
1908904062054305485,63,0,0.33,0.33,0.34,0.0,0,0.0
1908993777906121277,362,0,0.33,0.33,0.34,0.0,0,0.0
1908994237517712047,289,4,0.5294603461325169,0.0661729552242905,0.40436668956279753,0.46328739090822635,10,4.632873909082264
1909074162473604092,346,0,0.743714889317751,0.09569560661166907,0.16058952912315727,0.6480192827060819,10,6.480192827060819
1909287983024247265,140,2,0.9498704969882965,0.005301125114783645,0.044828321784734726,0.9445693718735129,2,1.8891387437470257
1909447416707280969,114,1,0.33,0.33,0.34,0.0,1,0.0
1909671781803892700,198,1,0.9506630301475525,0.004617495462298393,0.04471944645047188,0.9460455346852541,1,0.9460455346852541
1909727176849449042,367,1,0.6525724613666535,0.16679632334038616,0.180631219483912,0.4857761380262673,2,0.9715522760525346
1909802794404214423,377,6,0.3580115570127964,0.10903286991175265,0.5329555808752775,0.24897868710104376,8,1.99182949680835
1910233589372237205,147,1,0.173949733376503,0.09768261760473251,0.7283676266670227,0.07626711577177048,1,0.07626711577177048
1910417933202690671,131,0,0.33,0.33,0.34,0.0,0,0.0
1910428094515503221,605,0,0.33,0.33,0.34,0.0,0,0.0
1910450551749973341,816,10,0.48940081583129036,0.06952838084039589,0.4410707967314455,0.41987243499089444,9,3.77885191491805
1910480621176788785,234,4,0.7151099152565003,0.13471534519270062,0.15017472865432502,0.5803945700637996,5,2.901972850318998
1910529052763056864,146,0,0.33,0.33,0.34,0.0,0,0.0
1910618150701969507,162,0,0.039758313447237015,0.12465019524097443,0.8355914354324341,-0.08489188179373741,1,-0.08489188179373741
1910932304273010495,84,1,0.9848878383636475,0.004534947220236063,0.010577197186648846,0.9803528911434114,1,0.9803528911434114
1910998649932900932,683,21,0.9851387788852056,0.004679105555017789,0.010182119808935871,0.9804596733301878,24,23.531032159924507
1911109673102061501,250,6,0.5744190554320813,0.06758918469668262,0.3579917516704235,0.5068298707353986,18,9.122937673237175
1911785141416735942,164,1,0.9849895536899567,0.00403098831884563,0.010979434940963984,0.980958565371111,2,1.961917130742222
1911879584517945905,3760,1,0.6559676673077047,0.053934128098189836,0.29009821150141457,0.6020335392095149,24,14.448804941028357
1911929788845381794,255,1,0.9515668451786041,0.004538124427199364,0.043895021080970764,0.9470287207514048,2,1.8940574415028095
1912011675709885960,147,0,0.33,0.33,0.34,0.0,0,0.0
1912082296656119438,315,0,0.33,0.33,0.34,0.0,0,0.0
1912124277203650369,809,10,0.8845701813697815,0.030710421075734,0.08471939720523854,0.8538597602940475,24,20.49263424705714
1912647105694216805,410,9,0.48950919188997327,0.12662497839945203,0.383865826916607,0.3628842134905212,17,6.1690316293388605
1912764564433677092,530,0,0.33,0.33,0.34,0.0,1,0.0
1912788455382171121,307,3,0.2315872749313712,0.06856189819518477,0.699850857257843,0.16302537673618644,4,0.6521015069447458
1912822129041110844,102,0,0.33,0.33,0.34,0.0,0,0.0
1913253764724605220,156,3,0.1912301853299141,0.1318034129217267,0.6769663790861765,0.05942677240818739,6,0.35656063444912434
1913264567958839757,518,22,0.6406392462220457,0.072128867834496,0.28723188994038434,0.5685103783875497,18,10.233186810975894
1913274567625565505,1538,9,0.65200593566522,0.04617267491528765,0.301821382434573,0.6058332607499324,16,9.693332171998918
1913290341629429421,193,0,0.33,0.33,0.34,0.0,0,0.0
1913301121426875978,1851,21,0.1933899698617018,0.4310819701048667,0.37552806114696935,-0.23769200024316492,23,-5.466916005592793
1913359984676472652,119,0,0.9522174199422201,0.0067428890615701675,0.04103967221453786,0.9454745308806499,6,5.672847185283899
1913837435595443193,68,0,0.644763150215149,0.16709390791133047,0.18814293116331102,0.47766924230381846,2,0.9553384846076369
1913955997253598436,352,0,0.7426112349828085,0.11645532365888357,0.14093344042698544,0.6261559113239249,3,1.8784677339717746
1913965848533895240,482,27,0.949751236240069,0.018697851363491887,0.03155091826571152,0.9310533848765772,24,22.345281237037852
1914048397259332060,767,1,0.7857131220400333,0.020780283864587544,0.19350661132484676,0.7649328381754458,15,11.473992572631687
1914162535538332162,484,2,0.4203463132916527,0.3492337808055295,0.2304199081252922,0.07111253248612312,11,0.7822378573473543
1914582248272515798,191,3,0.47491548518339793,0.2175722578292092,0.30751224488019946,0.25734322735418874,3,0.7720296820625663
1914647556973961362,57,0,0.8427349627017975,0.022578064003027976,0.13468696177005768,0.8201568986987695,2,1.640313797397539
1914766650108947199,192,4,0.968977860042027,0.007768786612099835,0.023253334952252253,0.9612090734299272,7,6.728463514009491
1914831469629785683,192,0,0.33,0.33,0.34,0.0,0,0.0
1914858099659960849,198,1,0.5112616512924433,0.028663237113505602,0.4600751167163253,0.4825984141789377,8,3.8607873134315014
1914872984600804800,174,1,0.7919056606292725,0.08739917123923079,0.12069515189155937,0.7045064893900417,4,2.8180259575601667
1915008203524030321,1536,0,0.33,0.33,0.34,0.0,0,0.0
1915062997525738404,465,2,0.6333890488147735,0.1155071704890579,0.25110379825159906,0.5178818783257156,10,5.178818783257157
1915227733740650367,165,3,0.7900792700052262,0.08923024274874479,0.12069049574434758,0.7008490272564813,4,2.8033961090259254
1915251231144708859,43,1,0.4420398855209351,0.17606872968375684,0.381891382932663,0.26597115583717823,2,0.5319423116743565
1915383475033082988,1190,6,0.833181588367412,0.03876962766002276,0.1280487822937338,0.7944119607073892,19,15.093827253440395
1915521196607244861,510,0,0.7416590452194214,0.03204506263136864,0.22629590332508087,0.7096139825880527,1,0.7096139825880527
1915557447297288674,352,2,0.7491556810140609,0.04961398839205504,0.20123034968599676,0.6995416926220059,10,6.995416926220059
1915580624098414268,267,10,0.8752779124180475,0.024584615743674695,0.10013747499812216,0.8506932966743729,21,17.86455923016183
1915627682872346045,2008,1,0.9321362248334016,0.022940517103468835,0.044923253829844974,0.909195707729933,22,20.002305570058525
1916109342710890252,536,24,0.8952290073037148,0.017459175545567026,0.08731182320043444,0.8777698317581477,30,26.333094952744432
1916113402745534528,388,13,0.86750294816494,0.05485396168706939,0.07764308403618633,0.8126489864778705,20,16.25297972955741
1916152874460326399,116,0,0.33,0.33,0.34,0.0,0,0.0
1916427226251557315,488,0,0.33,0.33,0.34,0.0,0,0.0
1916448296235334562,660,3,0.17044952477773895,0.3870461486603903,0.4425043292343616,-0.21659662388265133,23,-4.981722349300981
1916656802024779640,461,15,0.8448665020987391,0.028908059738265972,0.12622543680481613,0.8159584423604732,24,19.583002616651356
1916810741772571960,697,23,0.8394139732668796,0.023817409408899648,0.13676861053332687,0.8155965638579801,24,19.57431753259152
1916849598376476907,1544,2,0.872819400335613,0.041508222940671996,0.08567238808952665,0.8313111773949411,19,15.79491237050388
1916896302596102742,383,9,0.7053749120483795,0.06221269334006744,0.23241239367052913,0.6431622187083121,24,15.435893248999491
1916906618302465695,855,8,0.36006337648581555,0.2464971703959062,0.3934394650938718,0.1135662060899093,23,2.612022740067914
1917011095387541058,430,9,0.7210635707053271,0.05074178490279751,0.2281946497681466,0.6703217858025297,11,7.373539643827826
1917524908943643078,164,0,0.33,0.33,0.34,0.0,0,0.0
1917715044796430806,633,14,0.8700173400243123,0.0586573182195425,0.0713253425632914,0.8113600218047698,15,12.170400327071548
1917730413447662005,190,5,0.5448853611201048,0.11988542663653128,0.3352292051420293,0.42499993448357354,22,9.349998558638617
1917740856518195893,589,0,0.9788152277469635,0.005988581950077787,0.015196186975420764,0.9728266457968857,24,23.347839499125257
1917840700114199241,121,7,0.650101030866305,0.12301551760174334,0.22688343531141678,0.5270855132645617,6,3.16251307958737
1917947787178352715,700,2,0.7514212187131246,0.11489234753573935,0.13368644446134567,0.6365288711773852,3,1.9095866135321558
1918369443067706869,380,0,0.5853344404271671,0.04571137778527502,0.36895420189414707,0.5396230626418921,7,3.7773614384932443
1918407276654397350,457,30,0.27286873035753767,0.3642235149132709,0.36290774138023457,-0.0913547845557332,24,-2.192514829337597
1918477930745425150,270,12,0.9327842827141285,0.025834712631767617,0.041381002034759154,0.9069495700823609,16,14.511193121317774
1918831173006759886,132,0,0.8205921382953724,0.01623689658784618,0.16317096694062153,0.8043552417075261,6,4.826131450245157
1919051928487975554,224,0,0.33,0.33,0.34,0.0,0,0.0
1919260463024418528,367,0,0.17829754948616028,0.1599690467119217,0.6617334485054016,0.018328502774238586,1,0.018328502774238586
1919619259651318253,499,0,0.8904414421319962,0.0467977567948401,0.06276079141069205,0.8436436853371561,8,6.7491494826972485
1919798004538303912,432,7,0.8172428428630033,0.05383384297291438,0.12892330690752715,0.763408999890089,24,18.321815997362137
1919829621906472793,199,11,0.8316139201142572,0.05084845892915672,0.11753762946548788,0.7807654611851004,11,8.588420073036104
1920000635232043497,608,9,0.446748189275915,0.09375074567950586,0.4595010696588592,0.3529974435964091,11,3.8829718795605004
1920034262334223699,779,3,0.7137280292510987,0.13672989222034812,0.14954207415133716,0.5769981370307505,5,2.8849906851537526
1920108965984286773,382,12,0.6400067645907402,0.09913767411746086,0.2608555637598038,0.5408690904732794,10,5.408690904732794
1920180348869086011,144,0,0.33,0.33,0.34,0.0,0,0.0
1920263228007168622,355,2,0.5918662419584062,0.08331688261590899,0.324816877676381,0.5085493593424972,9,4.576944234082475
1920502911717475210,140,9,0.8117861917614937,0.05490116331726313,0.13331264340784402,0.7568850284442306,8,6.0550802275538445
1920565631344550681,619,8,0.8509589294716715,0.021817870337981733,0.12722319442778826,0.8291410591336899,24,19.899385419208556
1920583424872318856,681,0,0.9725825091203054,0.007431776670273393,0.01998572094210734,0.965150732450032,24,23.163617578800768
1920609357978321963,277,0,0.33,0.33,0.34,0.0,0,0.0
1920685609173775998,827,11,0.8510361438741286,0.05896692431687067,0.08999692055551956,0.792069219557258,24,19.00966126937419
1920881027518283915,743,3,0.7199716655697141,0.05965435124667628,0.22037398684237686,0.6603173143230379,7,4.622221200261265
1921012264027107057,652,0,0.33,0.33,0.34,0.0,0,0.0
1921105548066900742,222,5,0.31119584788878757,0.054457095451653004,0.6343470513820648,0.25673875243713457,6,1.5404325146228075
1921139416895995272,159,2,0.9188631176948547,0.00518563506193459,0.07595123536884785,0.9136774826329201,4,3.6547099305316806
1921655976596025268,419,20,0.9195740056037903,0.03472032190826924,0.04570567305483249,0.8848536836955211,23,20.351634724996984
1921778351498243522,1009,3,0.8369251971443493,0.07372451420718183,0.0893502893469607,0.7632006829371676,24,18.316816390492022
1921892239425045170,206,1,0.8299634456634521,0.021603252738714218,0.14843327924609184,0.8083601929247379,2,1.6167203858494759
1921918895166526287,371,15,0.7936570221185684,0.09947808451407279,0.10686490361190713,0.6941789376044957,24,16.660294502507895
1921956657810693030,228,9,0.8556450692244939,0.04228975695203103,0.10206518037599469,0.8133553122724628,21,17.08046155772172
1921968087893504966,510,1,0.7757409682807822,0.10155398409697226,0.12270504476036877,0.6741869841838101,24,16.18048762041144
1922111652310080558,28,0,0.33,0.33,0.34,0.0,0,0.0
1922127063809082450,714,0,0.33,0.33,0.34,0.0,0,0.0
1922664576292014287,159,4,0.9700190126895905,0.006482999888248742,0.023497951682657003,0.9635360128013417,4,3.854144051205367
1922709130343331472,3050,21,0.4680887086987496,0.1824054417870939,0.34950585491582753,0.2856832669116557,20,5.713665338233113
1923154932842529395,235,3,0.727570911248525,0.021343749909040827,0.2510853425289194,0.7062271613394842,6,4.237362968036905
1923196217577686233,127,0,0.6486482346057892,0.16832399415783586,0.1830277829244733,0.48032424044795335,10,4.803242404479533
1923387021809975183,112,0,0.33,0.33,0.34,0.0,0,0.0
1923400607788463041,139,2,0.32531523376703264,0.1352664814144373,0.539418271780014,0.19004875235259533,4,0.7601950094103813
1923445623198387805,598,0,0.9200176429748534,0.024570155410328882,0.05541219908278436,0.8954474875645246,24,21.49073970154859
1923486746329156903,733,2,0.938176033930345,0.020830131545239553,0.04099382795224136,0.9173459023851055,22,20.18160985247232
1923530103812273754,532,17,0.7871192909514203,0.03965716038885363,0.1732235611230135,0.7474621305625666,17,12.706856219563633
1923542094463386245,233,6,0.7890983116775752,0.05643681719293818,0.1544648727942258,0.7326614944846369,20,14.653229889692739
1923681690364844248,163,1,0.8890224695205688,0.011755963787436485,0.09922151267528534,0.8772665057331324,1,0.8772665057331324
1924004613755128627,208,20,0.193534338273108,0.1701311314950387,0.6363345402280489,0.023403206778069337,15,0.35104810167104006
1924041307303647447,389,3,0.7006621807813644,0.12913494277745485,0.17020289576612413,0.5715272380039096,4,2.2861089520156384
1924230847037362863,260,5,0.36521444653471313,0.2804346295446158,0.35435090839862826,0.08477981699009736,3,0.2543394509702921
1924325557451778857,454,0,0.8023342777575765,0.016897883831656406,0.18076783664790647,0.7854363939259201,14,10.996109514962882
1924402443647851839,426,5,0.9030888876070579,0.019055194955629608,0.07785591460453968,0.8840336926514283,24,21.21680862363428
1924406440458976332,793,4,0.8326016934996558,0.036269850958848285,0.13112846953350873,0.7963318425408077,21,16.72296869335696
1924629975613774224,71,0,0.6371932709217072,0.16877145688980819,0.19403525449335576,0.468421814031899,2,0.936843628063798
1924703720144424645,166,3,0.8435253609929766,0.06241978560840445,0.0940548800410969,0.7811055753845721,7,5.467739027692005
1924819846563095507,716,21,0.7953131515497253,0.027278589502509155,0.1774082589255912,0.7680345620472162,21,16.12872580299154
1924877025095436548,506,2,0.6187654316425324,0.05414120722562075,0.3270933724939823,0.5646242244169116,5,2.823121122084558
1924921138090279684,168,0,0.33,0.33,0.34,0.0,0,0.0
1925426927204770481,124,0,0.8549031714598337,0.026167262500772875,0.11892956774681807,0.8287359089590609,6,4.9724154537543654
1925554545203674086,103,0,0.9677033424377441,0.006979651749134064,0.025316983461380005,0.9607236906886101,2,1.9214473813772202
1925585797954645668,99,4,0.8823868036270142,0.009486037772148848,0.10812719725072384,0.8729007658548653,2,1.7458015317097306
1925658419742853626,374,0,0.33,0.33,0.34,0.0,0,0.0
1925670588351073806,78,0,0.4242338538169861,0.041165295988321304,0.5346008539199829,0.3830685578286648,1,0.3830685578286648
1925841372925921777,46,1,0.9493752717971802,0.009522205218672752,0.041102442890405655,0.9398530665785074,1,0.9398530665785074
1925936482981572905,75,1,0.5541978999972343,0.02342526731081307,0.4223769009113312,0.5307726326864213,2,1.0615452653728426
1926154701839488722,75,0,0.33,0.33,0.34,0.0,0,0.0
1926172008888806825,17,0,0.7996162176132202,0.025687580928206444,0.1746961921453476,0.7739286366850138,1,0.7739286366850138
1926179031913590907,154,2,0.5624256879091263,0.06796395417768508,0.3696103161200881,0.4944617337314412,4,1.9778469349257648
1926182952455241088,1463,18,0.7283547543674708,0.11104540814980865,0.16059984878897665,0.6173093462176621,25,15.432733655441552
1926192586251327987,236,0,0.33,0.33,0.34,0.0,0,0.0
1926312269894062924,595,7,0.1796436065009662,0.07489646414649628,0.7454599455176365,0.10474714235446993,21,2.1996899894438684
1926348878426580738,738,5,0.8942661711147853,0.012554502014869027,0.09317933861166239,0.8817116690999163,7,6.171981683699414
1926355230287503157,69,1,0.29132506251335144,0.04253997281193733,0.6661349534988403,0.2487850897014141,1,0.2487850897014141
1926514019037723518,332,5,0.7237157007171349,0.05981905749914321,0.2164652364497835,0.6638966432179917,11,7.302863075397909
1926527643059252355,441,0,0.33,0.33,0.34,0.0,0,0.0
1926564350508773327,672,2,0.985193133354187,0.004045430570840836,0.010761462152004242,0.9811477027833462,1,0.9811477027833462
1926771244537933887,426,5,0.8781786879897118,0.04650556292268448,0.0753157424228266,0.8316731250670273,8,6.653385000536218
1926861093272086217,45,0,0.18920537173748017,0.19441251918673516,0.6163821053504944,-0.00520714744925499,2,-0.01041429489850998
1926955878806099751,290,14,0.9371692538261414,0.006324731577478815,0.056505994114559144,0.9308445222486625,16,14.8935123559786
1927033811113532340,560,0,0.33,0.33,0.34,0.0,0,0.0
1927073772360343501,83,1,0.6455952612062296,0.23905950986469784,0.11534524367501338,0.4065357513415317,3,1.219607254024595
1927162608803073369,405,2,0.931175456494093,0.02544237066002097,0.04338215938536451,0.905733085834072,16,14.491729373345152
1927163301332439698,490,11,0.8778287619352341,0.010301819032368561,0.11186940502375364,0.8675269429028655,12,10.410323314834386
1927193281972945920,395,1,0.6112297481298447,0.1162370220742499,0.27253322742879393,0.4949927260555948,6,2.9699563563335687
1927246320238827133,696,0,0.7606142020225525,0.11359429869179925,0.12579150564968586,0.6470199033307532,3,1.9410597099922597
1927284250127104782,480,1,0.8166321443083385,0.08774746442213655,0.09562039596494287,0.728884679886202,24,17.49323231726885
1927581088437722248,73,2,0.9764692485332489,0.0032032072776928544,0.020327487494796515,0.973266041255556,2,1.946532082511112
1927628553488435073,161,6,0.40797192970911667,0.2385033157467842,0.3535247421264649,0.1694686139623324,3,0.5084058418869972
1927749281696046284,155,2,0.05543989408761263,0.5490151643753052,0.39554496109485626,-0.49357527028769255,2,-0.9871505405753851
1927883836587439533,247,21,0.41122297651093936,0.06368144703826503,0.5250955707919986,0.34754152947267436,23,7.99345517787151
1928019476855816410,338,0,0.684085288473538,0.05559928621032408,0.2603154134750366,0.6284860022632139,7,4.399402015842497
1928021468772653970,1097,7,0.7836145168667038,0.09363417532799456,0.12275130467178923,0.6899803415387092,24,16.559528196929023
1928517530089278377,474,4,0.9480980515480042,0.0060719633242115375,0.045829979982227084,0.9420260882237926,10,9.420260882237926
1928617293999681332,411,10,0.5943097230046988,0.12377763508508603,0.281912624835968,0.4705320879196127,12,5.646385055035353
1928670457903332327,324,0,0.6264564883708954,0.08889025692362339,0.2846532550547272,0.537566231447272,4,2.150264925789088
1928689176754854790,780,3,0.6356994393856629,0.03636294142424089,0.327937625112093,0.5993364979614221,23,13.784739453112708
1928937532114789602,659,0,0.9626593788464864,0.006087953069557746,0.031252652717133365,0.9565714257769287,3,2.869714277330786
1929091848871525899,252,0,0.33,0.33,0.34,0.0,0,0.0
1929219399023501725,467,21,0.9350105005761852,0.007893463662501586,0.05709605093073586,0.9271170369136835,23,21.323691849014722
1929301267306260324,281,0,0.8715589642524719,0.002832150785252452,0.12560886144638062,0.8687268134672195,1,0.8687268134672195
1929523953173528532,392,1,0.33,0.33,0.34,0.0,1,0.0
1929684754182404030,370,7,0.906414870172739,0.02299863346464311,0.07058650895487517,0.8834162367080959,24,21.201989680994302
1929869022172525854,14,0,0.10513889789581299,0.1844947338104248,0.7103663682937622,-0.07935583591461182,2,-0.15871167182922363
1930046767161032205,475,0,0.33,0.33,0.34,0.0,0,0.0
1930152452968379463,597,1,0.843129390614728,0.04260330520803109,0.11426730532199143,0.800526085406697,24,19.21262604976073
1930425375154986301,141,2,0.9733573252504523,0.008836821441284635,0.017805855340239676,0.9645205038091675,11,10.609725541900843
1930458958762424346,490,0,0.33,0.33,0.34,0.0,0,0.0
1930720128668814324,3885,10,0.8658954371511935,0.021894438645103948,0.11221013773698359,0.8440009985060897,24,20.256023964146152
1930955046579460296,842,6,0.9774218757947286,0.005095524356390039,0.017482621036469935,0.9723263514383386,15,14.584895271575078
1931111234297858753,169,2,0.5604546070098877,0.023783408803865314,0.4157619858160615,0.5366711982060224,2,1.0733423964120448
1931114132813592210,160,0,0.9844561815261841,0.003662115428596735,0.011881779879331589,0.9807940660975873,1,0.9807940660975873
1931145340524691337,417,7,0.4356645431843671,0.12153902478516102,0.44279644676230173,0.31412551839920605,11,3.4553807023912664
1931306181586898837,605,23,0.6805908164506157,0.12914821896236392,0.19026096635265277,0.5514425974882519,24,13.234622339718044
1931430061623547757,106,0,0.33,0.33,0.34,0.0,0,0.0
1931455735050722777,585,5,0.603449484705925,0.060353797115385535,0.33619673568755387,0.5430956875905395,5,2.7154784379526973
1931622695553046001,423,1,0.8521333797027667,0.027108524408734718,0.12075808611931278,0.825024855294032,24,19.80059652705677
1931682099908249514,1159,23,0.8888365217240957,0.019123094672910297,0.09204038945958018,0.8697134270511854,26,22.61254910333082
1931783240852921640,531,22,0.9766505459944407,0.0060487254134689765,0.01730073691578582,0.9706018205809718,24,23.29444369394332
1932018528798655661,94,4,0.8044743500649929,0.04990195145364851,0.14562370791099966,0.7545723986113444,8,6.036579188890755
1932319145228044687,40,0,0.33,0.33,0.34,0.0,1,0.0
1932360077149195569,638,0,0.5231770654874188,0.0967930948661108,0.38002983783371747,0.42638397062130806,28,11.938751177396625
1932688555676450004,311,9,0.9346062242984772,0.009837984712794423,0.05555580463260412,0.9247682395856828,10,9.247682395856827
1932750742113185574,85,1,0.6429884219169617,0.16963954312726856,0.1873720084130764,0.4733488787896931,2,0.9466977575793862
1932757406090121188,164,6,0.7760332946976026,0.012727542857949933,0.21123915693412224,0.7633057518396527,6,4.579834511037916
1932830498691217387,647,1,0.9463197638591131,0.007372571233039101,0.046307669506253056,0.938947192626074,24,22.534732623025775
1932857838967776059,306,9,0.6588167720288038,0.09994143548421562,0.24124179039150476,0.5588753365445882,12,6.7065040385350585
1932873243027600051,551,1,0.5455836020197188,0.10006223537027836,0.35435416766575406,0.44552136664944036,7,3.1186495665460825
1933522674858184291,1384,13,0.9564001709222794,0.00717871367232874,0.03642111625522375,0.9492214572499507,20,18.984429144999012
1933537257965722135,445,2,0.625370979309082,0.017219950910657644,0.35740911215543747,0.6081510283984244,2,1.2163020567968488
1933577376945271585,270,4,0.5235013516992331,0.06963143438566477,0.4068672306789085,0.4538699173135683,8,3.6309593385085464
1933592154309188527,249,24,0.9215178576608499,0.00943767975938196,0.06904446279319625,0.9120801779014679,24,21.88992426963523
1933933128768680967,243,0,0.7533610717455547,0.11309904587144654,0.13353987663984299,0.6402620258741081,3,1.9207860776223242
1933933372407417624,502,1,0.8041808381676674,0.007328212804471453,0.1884909567112724,0.7968526253631959,6,4.781115752179176
1934017234152190293,418,0,0.33,0.33,0.34,0.0,0,0.0
1934110318935791075,202,0,0.33,0.33,0.34,0.0,0,0.0
1934282020991276427,105,2,0.9295592308044434,0.00825100252404809,0.062189770862460136,0.9213082282803953,2,1.8426164565607905
1934794364593257596,702,0,0.7347842904499599,0.06122762954926917,0.2039880771402802,0.6735566609006908,7,4.714896626304835
1935078954882277844,121,0,0.7377447541554769,0.11510026064390938,0.1471549999465545,0.6226444935115675,3,1.8679334805347025
1935471664846521003,366,0,0.9169196518262227,0.02094786277234865,0.062132483858925606,0.8959717890538741,24,21.503322937292978
1935671857299886826,241,22,0.875169026743282,0.03801952702882277,0.08681145709685305,0.8371494997144592,22,18.417288993718103
1935743486046589804,452,2,0.9779869914054871,0.00616557733155787,0.015847416128963232,0.9718214140739292,2,1.9436428281478584
1935745820418931421,383,3,0.8813101372122766,0.048985709213496494,0.06970416587544605,0.8323244279987799,24,19.97578627197072
1935877059486333419,196,0,0.33,0.33,0.34,0.0,0,0.0
1936026897089440809,802,10,0.9447489460309346,0.007589874401067694,0.04766117772087455,0.937159071629867,15,14.057386074448004
1936311637968879079,448,12,0.9609488073517295,0.008039642125368118,0.031011558904805604,0.9529091652263614,17,16.199455808848143
1936363975509114810,350,28,0.43409466772125316,0.04809335946965103,0.5178119854894109,0.38600130825160217,26,10.036034014541656
1936476633625456573,148,3,0.4185486286878586,0.07120049931108952,0.5102508813142776,0.34734812937676907,2,0.6946962587535381
1936521905416072724,72,0,0.33,0.33,0.34,0.0,0,0.0
1936562389149099581,112,0,0.33,0.33,0.34,0.0,0,0.0
1936688444709528626,393,20,0.9071165800529221,0.05515686118626036,0.03772655873171365,0.8519597188666618,24,20.447033252799883
1936834297084530388,382,0,0.6482347929477692,0.16779475119896234,0.18397047191858293,0.48044004174880683,2,0.9608800834976137
1936843469632880310,751,0,0.33,0.33,0.34,0.0,0,0.0
1937114412008953256,197,13,0.8899559003512064,0.05001899859805902,0.06002509179959695,0.8399369017531474,15,12.599053526297212
1937144959603230052,287,1,0.3156508304923773,0.11130863437894732,0.5730405440926551,0.20434219611342996,4,0.8173687844537199
1937206166459520172,569,0,0.9422454592585563,0.0212994505581446,0.036455080074568595,0.9209460087004118,24,22.102704208809882
1937626536082750112,349,0,0.20213227594892183,0.0761975290273161,0.7216701875440776,0.12593474692160575,24,3.022433926118538
1937775380496754441,111,0,0.33,0.33,0.34,0.0,0,0.0
1937804271804096877,328,5,0.3465208715448777,0.12159120136251052,0.5318879187107086,0.22492967018236718,6,1.349578021094203
1938002484711952722,220,1,0.33,0.33,0.34,0.0,1,0.0
1938198017744472166,338,0,0.33,0.33,0.34,0.0,0,0.0
1938198046912147439,278,32,0.39950908932548307,0.2539061683910684,0.34658473796712663,0.14560292093441463,26,3.7856759442947805
1938470514326935515,190,2,0.7561043857038021,0.07049253439414316,0.17340306101366879,0.685611851309659,8,5.484894810477272
1938698164673906108,466,20,0.8988285183906555,0.015424146328587084,0.08574733664281667,0.8834043720620685,20,17.66808744124137
1939014348481488056,180,0,0.8230294130210366,0.09562452024381075,0.08134605296488319,0.7274048927772258,7,5.091834249440581
1939324131788273448,201,10,0.8184800386109522,0.06098336243602847,0.120536595227729,0.7574966761749238,14,10.604953466448933
1939358344095704808,230,18,0.8900373817573896,0.051049213020808316,0.05891340261833234,0.8389881687365811,22,18.457739712204784
1939502098161024276,138,0,0.9505363404750824,0.006279073655605316,0.043184615671634674,0.9442572668194771,2,1.8885145336389542
1939645571469705463,885,4,0.8136959140440997,0.06376769426607472,0.12253639197743992,0.7499282197780249,17,12.748779736226425
1939679467694462054,74,0,0.9731639623641968,0.006678450386971235,0.020157642662525177,0.9664855119772255,1,0.9664855119772255
1939799201342796943,16,0,0.33,0.33,0.34,0.0,0,0.0
1940585762819079860,365,0,0.33,0.33,0.34,0.0,0,0.0
1940596478302457920,168,0,0.6413868948817253,0.08866136837750674,0.26995174437761305,0.5527255265042186,5,2.763627632521093
1940722625870617326,164,3,0.9316532611846924,0.008936945581808686,0.059409777633845806,0.9227163156028837,2,1.8454326312057674
1940803792514931164,488,0,0.7903650687634945,0.055359637453886015,0.15427528217434885,0.7350054313096085,14,10.290076038334519
1940875975948631942,534,6,0.46949066353695734,0.09338416264525483,0.4371251873884882,0.3761065008917025,7,2.6327455062419176
1940989922991380272,1133,3,0.9094663196260279,0.03641696157187901,0.05411671662195163,0.8730493580541488,22,19.207085877191275
1941095357007505161,245,8,0.9060004260323264,0.035426926961676646,0.058572622960941366,0.8705734990706498,11,9.576308489777148
1941358813715916468,13,0,0.33,0.33,0.34,0.0,0,0.0
1941360795096768399,13,0,0.33,0.33,0.34,0.0,0,0.0
1941534883534309767,155,0,0.4352544844150543,0.015377516858279705,0.5493679642677307,0.4198769675567746,1,0.4198769675567746
1941554142318641923,120,1,0.6654047560691834,0.08759016553405673,0.24700507897883656,0.5778145905351266,4,2.3112583621405065
1941677320672559235,1012,4,0.7555381178756555,0.06735169060776632,0.1771101856182019,0.6881864272678891,15,10.322796409018338
1941889095174635196,274,0,0.9261661171913147,0.009262684732675552,0.06457114964723587,0.9169034324586391,1,0.9169034324586391
1941950172318979819,92,0,0.8127396446466446,0.08636977382004261,0.10089059736579657,0.726369870826602,4,2.905479483306408
1942046824642763743,68,1,0.6404250049591065,0.16796115991659463,0.19161381021142007,0.4724638450425118,2,0.9449276900850236
1942106346472174652,1048,27,0.8326728877850942,0.043782449253790434,0.12354466045541423,0.7888904385313037,21,16.566699209157377
1942244592192347787,145,0,0.4980160892009735,0.03360818326473236,0.46837571263313293,0.46440790593624115,1,0.46440790593624115
1942367342551292880,169,1,0.7767419856786728,0.08874553981469945,0.1345124764274806,0.6879964458639733,4,2.7519857834558934
1942782741427166903,46,0,0.33,0.33,0.34,0.0,0,0.0
1942972583319158470,117,0,0.33,0.33,0.34,0.0,0,0.0
1943078347542616691,557,6,0.8439552301168441,0.04029694117450466,0.11574782502216598,0.8036582889423395,24,19.28779893461615
1943088021496050373,228,7,0.5588219591443028,0.20075423395793354,0.24042379299444813,0.35806772518636926,7,2.5064740763045847
1943094191257083546,812,0,0.7646990078439315,0.11835052509908565,0.11695047566201539,0.6463484827448459,24,15.512363585876301
1943202131310712334,150,6,0.9803383588790894,0.00485301879234612,0.014808626845479012,0.9754853400867433,5,4.877426700433716
1943737948186175700,183,0,0.33,0.33,0.34,0.0,0,0.0
1943743882564401575,305,26,0.978528094291687,0.004624895018059761,0.0168470177333802,0.9739031992736272,20,19.478063985472545
1943820244566174542,233,10,0.6160830508768559,0.1998454054668546,0.18407153983786703,0.4162376454100013,10,4.162376454100013
1943950417700358116,205,0,0.8344493464877208,0.10702261039321977,0.05852803605652991,0.727426736094501,21,15.275961457984522
1944459000305338028,445,12,0.8439160180943353,0.010211049163314913,0.1458729367171015,0.8337049689310204,14,11.671869565034285
1944478357597719406,107,5,0.9228390455245972,0.004097931319847703,0.07306304927915334,0.9187411142047495,5,4.593705571023747
1944490342107998874,528,1,0.9631675432125727,0.008399548586263942,0.028432912038018305,0.9547679946263088,24,22.91443187103141
1945234631034740179,494,0,0.596799379107025,0.06052748351461358,0.34267315020991695,0.5362718955924114,18,9.652894120663404
1945264632411666097,336,2,0.5512400949001313,0.1746051571890712,0.27415474325418476,0.37663493771106005,2,0.7532698754221201
1945441239293931878,641,36,0.20362121195904911,0.4160021871819627,0.38037658858299256,-0.21238097522291355,20,-4.247619504458271
1945489466433390691,401,2,0.7621473328272502,0.11385212587813537,0.1240005434677005,0.6482952069491148,3,1.9448856208473444
1945712759819879368,204,0,0.8940523797646165,0.03424087532039266,0.07170674527878873,0.8598115044442238,16,13.756984071107581
1945889606173445037,255,13,0.7880007943936757,0.050882972277966995,0.16111623741952436,0.7371178221157086,14,10.319649509619921
1945931305514589783,1950,0,0.8773427697067911,0.009646721184253693,0.11301049780608578,0.8676960485225375,22,19.089313067495823
1945946044139328102,313,4,0.953000396490097,0.006562184076756239,0.04043744667433202,0.9464382124133408,4,3.7857528496533632
1945970283315747288,131,2,0.6103435456752777,0.02055153235172232,0.3691049258535107,0.5897920133235554,3,1.7693760399706662
1946368599943220249,218,8,0.8790248200297356,0.006187305122148245,0.11478787343949079,0.8728375149075873,10,8.728375149075873
1946520256235642240,23,0,0.33,0.33,0.34,0.0,0,0.0
1946553890904339030,1317,14,0.14936215352944351,0.48179422971623187,0.3688436254113912,-0.33243207618678833,22,-7.313505676109343
1946579596895865540,533,0,0.7630321979522705,0.023010486736893654,0.21395732462406158,0.7400217112153769,1,0.7400217112153769
1946763285508498106,3622,10,0.2817379477094202,0.2547529938948505,0.4635090547800064,0.02698495381456964,17,0.4587442148476839
1946912789110786242,72,0,0.33,0.33,0.34,0.0,0,0.0
1946927905499936411,234,9,0.4753546507822143,0.03911738615069124,0.48552795747915906,0.436237264631523,9,3.9261353816837072
1947077935661110010,803,10,0.8739155197143554,0.03426973672428479,0.09181475194326293,0.8396457829900706,12,10.075749395880848
1947206699878376569,141,3,0.8626021085466657,0.05009855111063059,0.08729932352900506,0.8125035574360352,7,5.687524902052246
1947329379555472465,484,6,0.7245716877778371,0.06946705431832621,0.2059612760258218,0.6551046334595109,6,3.9306278007570654
1947379264065565860,114,2,0.7587208648522695,0.016216746841867764,0.22506237775087357,0.7425041180104017,3,2.227512354031205
1947941370435385192,216,0,0.33,0.33,0.34,0.0,2,0.0
1947960709842524892,413,19,0.9689195156097412,0.006705897860229015,0.02437458214858039,0.9622136177495122,22,21.16869959048927
1948342587018457352,418,0,0.33,0.33,0.34,0.0,0,0.0
1948724568676047947,271,17,0.9358450210662115,0.022358452199204338,0.04179653302101153,0.9134865688670072,21,19.18321794620715
1948797907255803296,178,12,0.8039753031103235,0.06222327099328764,0.13380143533215713,0.7417520321170358,19,14.093288610223679
1948811173218581399,2291,20,0.3424409935995936,0.29752788693077215,0.3600311070891178,0.04491310666882149,23,1.0330014533828944
1948851024157898547,87,1,0.5575553774833679,0.024456599727272987,0.41798800230026245,0.5330987777560949,1,0.5330987777560949
1949100030547825765,77,2,0.33,0.33,0.34,0.0,2,0.0
1949273548948059931,432,7,0.8148684203624725,0.01262867784438034,0.17250288060555855,0.8022397425180922,6,4.813438455108553
1949275039578706257,329,2,0.7222385853528976,0.021296694641932845,0.25646475423127413,0.7009418907109648,2,1.4018837814219296
1949281056911041457,211,2,0.8840170303980509,0.018168645910918713,0.09781431282560031,0.8658483844871322,3,2.5975451534613967
1949384946573549358,384,11,0.8036100675378527,0.05485786667825388,0.14153207235304374,0.7487522008595988,14,10.482530812034383
1949549041320068143,535,1,0.7711644619703293,0.09279399123624898,0.13604156451765448,0.6783704707340803,8,5.426963765872642
1949635137907388903,381,6,0.6874896980383817,0.2226438507273355,0.08986643660704002,0.46484584731104617,17,7.902379404287785
1949955570626970494,835,0,0.6734213953216871,0.052303338423371315,0.2742752768099308,0.6211180568983158,3,1.8633541706949472
1950316324652953524,140,5,0.5290410077571869,0.117369389757514,0.35358961117764315,0.4116716179996729,6,2.4700297079980373
1950316555170625154,441,21,0.8800371707479159,0.04986023798158082,0.0701025824326401,0.8301769327663351,24,19.924246386392042
1950332709180093546,842,53,0.2714795962643499,0.42238164819893426,0.30613875917469463,-0.15090205193458436,24,-3.6216492464300245
1950543208647989717,1129,48,0.19606464124406162,0.35406484040877095,0.44987051028920255,-0.1580001991647093,23,-3.6340045807883143
1950553514614881119,199,0,0.6581769066055616,0.1089924168948912,0.23283069065047635,0.5491844897106704,9,4.942660407396033
1950797011461975697,321,0,0.5812504929304123,0.09007459219312296,0.3286749346088618,0.49117590073728934,4,1.9647036029491574
1950908972090761591,415,4,0.939967584284869,0.022898999441584408,0.037133410833776,0.9170685848432847,22,20.175508866552263
1951001368707634399,239,0,0.6781226230561733,0.1138423541453667,0.20803502951562405,0.5642802689108066,20,11.285605378216133
1951005292317858536,1249,0,0.785315544334325,0.05424396869430149,0.1604404945383695,0.7310715756400235,22,16.083574664080516
1951005522266186898,749,4,0.5013640677928924,0.15237793929254015,0.34625797227025035,0.3489861285003523,3,1.046958385501057
1951027542412729480,1986,31,0.2054730759561062,0.3646654251040044,0.4298615022206848,-0.15919234914789823,22,-3.502231681253761
1951067497806759446,139,0,0.979496975739797,0.004934564543267091,0.015568455991645655,0.9745624111965299,3,2.9236872335895896
1951183221614416210,26,0,0.11588319391012192,0.21709118783473969,0.667025625705719,-0.10120799392461777,1,-0.10120799392461777
1951223501989883188,387,0,0.7573343372344971,0.11387740057582657,0.12878825303167105,0.6434569366586705,3,1.9303708099760115
1951443073846448394,58,0,0.33,0.33,0.34,0.0,0,0.0
1951548040365818481,289,4,0.9327181379000345,0.008241588637853662,0.059040285336474575,0.9244765492621809,6,5.5468592955730855
1951621703861092013,462,0,0.9268296910415995,0.026151266940446064,0.04701903734017503,0.9006784241011535,22,19.81492533022538
1951755433682523043,329,4,0.8849390503019094,0.01035283503588289,0.10470813573338092,0.8745862152660265,10,8.745862152660266
1952270742138520446,90,0,0.33,0.33,0.34,0.0,0,0.0
1952357304301234928,237,8,0.9001109246909618,0.02868187200200434,0.07120720068768908,0.8714290526889575,24,20.91429726453498
1952453795992810518,2019,17,0.2052574800653383,0.49350599718901017,0.3012365185158948,-0.2882485171236719,24,-6.917964410968125
1952477058350992063,373,13,0.8233774146636327,0.05641586527042091,0.12020671210313837,0.7669615493932118,15,11.504423240898177
1952594988328515107,72,0,0.7154927104711533,0.054111421263466276,0.23039587618162236,0.661381289207687,3,1.984143867623061
1952663633431425122,248,0,0.35286288257688286,0.07367434846780574,0.5734627862429867,0.2791885341090771,24,6.7005248186178505
1953036047807386516,476,3,0.8925474683443705,0.005772816172490518,0.10167970259984334,0.88677465217188,3,2.66032395651564
1953135839979776785,1714,0,0.9019095100056042,0.03722026693719355,0.06087023080411283,0.8646892430684106,22,19.023163347505033
1953154944420903517,255,10,0.6176167759299278,0.2258876942176945,0.15649552804346267,0.3917290817122333,13,5.092478062259033
1953268641702367849,249,0,0.33,0.33,0.34,0.0,0,0.0
1953280968007032320,210,0,0.33,0.33,0.34,0.0,0,0.0
1953353311076125157,450,1,0.6531615340709687,0.1678788538184017,0.17895962771028281,0.48528268025256693,2,0.9705653605051339
1953487619167202023,133,2,0.8018679213523865,0.09112613832578063,0.10700593776069582,0.7107417830266058,4,2.8429671321064234
1953825869248325197,182,1,0.12696465849876404,0.08389703184366226,0.7891383171081543,0.043067626655101776,1,0.043067626655101776
1953915922466412238,161,10,0.6525254874570029,0.14495858713186213,0.20251592155279857,0.5075669003251407,14,7.10593660455197
1953949049531230825,409,6,0.7634037415559094,0.0713292530470062,0.1652669973935311,0.6920744885089031,24,16.609787724213675
1954084781050637367,609,2,0.9397317351897557,0.018717207302494595,0.041551053957082335,0.9210145278872611,24,22.104348669294268
1954271537940313498,220,38,0.8752547048032284,0.010871813748963177,0.1138734876876697,0.8643828910542652,20,17.287657821085304
1955137226137745149,87,0,0.6546474182605744,0.16808196526020766,0.17727060111239554,0.4865654530003667,2,0.9731309060007334
1955201472564173972,287,7,0.8016326045617461,0.019935787131544203,0.17843160568736494,0.7816968174302019,8,6.253574539441615
1955283729241001132,641,0,0.770716754719615,0.02382132923230529,0.20546189043670893,0.7468954254873097,8,5.9751634038984776
1955986203473137407,140,1,0.9303374687830607,0.01245987011740605,0.057202670723199844,0.9178775986656547,3,2.753632795996964
1956082659436275475,331,26,0.8592590150378999,0.023137543028930112,0.1176034396159507,0.8361214720089698,21,17.558550912188366
1956150972887892182,769,14,0.7738290276025471,0.07921382293105125,0.14695714902524884,0.6946152046714958,19,13.197688888758421
1956155915406470249,312,0,0.5720120940208435,0.0793536831010133,0.3486342370808125,0.4926584109198302,10,4.926584109198302
1956284518186850193,521,2,0.9083691196782249,0.011231361943784924,0.0803995110715429,0.8971377577344399,21,18.839892912423238
1956526182406858896,13,0,0.33,0.33,0.34,0.0,0,0.0
1956527420087286484,19,0,0.33,0.33,0.34,0.0,0,0.0
1956619527085182057,101,2,0.8662442266941071,0.025270959362387657,0.10848482884466648,0.8409732673317194,2,1.6819465346634388
1956857394394880619,131,3,0.7900198802351952,0.0768771673552692,0.13310295362025498,0.7131427128799259,5,3.56571356439963
1957129050272346719,73,1,0.654553838968277,0.16899504648521543,0.17645111314952375,0.48555879248306155,2,0.9711175849661231
1957300132265580056,217,1,0.9771834164857864,0.0067993541597388685,0.01601723189620922,0.9703840623260476,24,23.28921749582514
1957376160501758035,181,8,0.2320219906916221,0.08940252703769754,0.6785754881302516,0.14261946365392456,24,3.4228671276941895
1957406899415847723,198,18,0.8467569191889329,0.06672222217756578,0.0865208645706827,0.7800346970113672,22,17.160763334250078
1957467326014209993,91,1,0.173949733376503,0.09768261760473251,0.7283676266670227,0.07626711577177048,1,0.07626711577177048
1957495026549225596,133,1,0.759531622727712,0.11391144398599863,0.12655694166819256,0.6456201787417134,3,1.93686053622514
1957585514320206785,870,11,0.8406938618669907,0.02845009687007405,0.1308560250326991,0.8122437649969166,24,19.493850359926
1957643083543666765,181,1,0.8168567737936974,0.0620191049145069,0.1211241248715669,0.7548376688791905,8,6.038701351033524
1957738252593496650,24,0,0.33,0.33,0.34,0.0,0,0.0
1958235024886590957,1090,0,0.31049031693310963,0.06522961836751728,0.6242800536787226,0.24526069856559238,21,5.15047466987744
1958250425817601667,1912,16,0.8201446419085064,0.0692398752598092,0.11061549361950407,0.7509047666486973,24,18.021714399568737
1958252902737157601,559,0,0.8322351659461855,0.04145106178165103,0.126313770506531,0.7907841041645346,24,18.97881849994883
1958291788909769730,93,0,0.4344914858043194,0.11274390526115895,0.45276464432477953,0.32174758054316044,4,1.2869903221726418
1958340624182478247,152,2,0.17220882326364517,0.06019376963376999,0.7675973773002625,0.11201505362987518,2,0.22403010725975037
1958424694315491951,613,0,0.9580058579643568,0.01176079134650839,0.030233345770587523,0.9462450666178484,24,22.70988159882836
1958927141829353727,1719,3,0.9214071372151375,0.033442312369976815,0.04515054578737667,0.8879648248451607,24,21.311155796283856
1958980152562496215,115,1,0.22807101905345917,0.15387751162052155,0.6180514097213745,0.07419350743293762,1,0.07419350743293762
1959128905642389620,996,0,0.33,0.33,0.34,0.0,0,0.0
1959154452174893113,578,7,0.9126483436141696,0.010029652167022937,0.07732198986091784,0.9026186914471466,21,18.95499252039008
1959263740620833220,359,0,0.33,0.33,0.34,0.0,0,0.0
1959406634996357960,203,2,0.6096260780049488,0.20709968725646224,0.18327424105412016,0.40252639074848656,24,9.660633377963677
1959570623585067600,373,7,0.8900025200564414,0.012804597936337814,0.09719287202460691,0.8771979221201036,16,14.035166753921658
1959751712852207089,592,1,0.8226287007533634,0.06060477980334933,0.11676652840726698,0.7620239209500141,24,18.28857410280034
1960075423112322646,284,10,0.8992917065186934,0.03603984514336017,0.0646684179217978,0.8632518613753333,11,9.495770475128666
1960412444471948543,314,12,0.7173047617307076,0.060235444558067966,0.22245978808746886,0.6570693171726396,13,8.541901123244315
1960424578552933682,169,7,0.8682563522126939,0.04216722703435355,0.0895764203907715,0.8260891251783404,9,7.434802126605064
1960455315812106853,363,0,0.33,0.33,0.34,0.0,0,0.0
1960549308923513904,78,0,0.33,0.33,0.34,0.0,0,0.0
1960550010647196855,804,4,0.9243322014808655,0.005586873693391681,0.07008091639727354,0.9187453277874738,5,4.593726638937369
1960975902296795664,68,0,0.9798406958580017,0.004218588583171368,0.015940779820084572,0.9756221072748303,1,0.9756221072748303
1961197213640186929,403,12,0.7959174654881159,0.0876145590065668,0.11646796037132541,0.7083029064815491,12,8.49963487777859
1961205936693710665,420,0,0.33,0.33,0.34,0.0,0,0.0
1961214512174630607,324,0,0.9481826424598694,0.005936529487371445,0.04588085040450096,0.9422461129724979,1,0.9422461129724979
1961391766290467688,336,0,0.647510590950648,0.14215946731778484,0.21032993730778496,0.5053511236328632,6,3.032106741797179
1961413183354684515,124,7,0.804207868874073,0.00801671976223588,0.18777542877942324,0.7961911491118372,5,3.9809557455591857
1961834329736550653,1567,0,0.33,0.33,0.34,0.0,0,0.0
1961899641080189910,84,6,0.9735584855079651,0.007172556860106332,0.01926895563623735,0.9663859286478588,7,6.764701500535011
1962120046295415387,212,0,0.33,0.33,0.34,0.0,0,0.0
1962303936393390365,213,0,0.33,0.33,0.34,0.0,0,0.0
1962382370262801992,436,0,0.8719626357005192,0.03346500075923709,0.09457235497923998,0.8384976349412822,13,10.900469254236668
1962516957592872013,1319,19,0.8472128144900003,0.025729393884151557,0.12705779790257413,0.8214834206058489,24,19.715602094540372
1962530974437140693,84,0,0.603800163269043,0.14752815583720805,0.24867168322205546,0.45627200743183494,3,1.3688160222955048
1962667635455969780,350,11,0.8254343804258567,0.017014467318613943,0.15755114604074222,0.8084199131072427,13,10.509458870394155
1963004971038579148,425,10,0.7267680097222329,0.07424990831315517,0.19898208019509914,0.6525181014090776,10,6.525181014090776
1963138623962128707,131,2,0.647781320810318,0.1703276161197573,0.18189103722572328,0.4774537046905607,4,1.9098148187622428
1963351271540958309,213,9,0.9114964448809623,0.027624887212645267,0.06087866009492428,0.8838715576683172,20,17.677431153366342
1963417772642002226,806,0,0.8988523458441099,0.03305356000782922,0.06809409849423294,0.8657987858362807,24,20.779170860070735
1963535513189196505,392,2,0.8742159903825572,0.048251783630500235,0.07753221574239433,0.8259642067520568,24,19.823140962049365
1963540815989351029,1636,17,0.6524976009937624,0.08314076523606977,0.2643616437818855,0.5693568357576927,24,13.664564058184624
1963550327076718880,1102,18,0.8557738635316491,0.05904518596905595,0.08518094985901069,0.7967286775625931,24,19.121488261502236
1963576288259007811,360,3,0.7083468379577001,0.09189617170176158,0.19975699588966866,0.6164506662559385,12,7.397407995071262
1963744763955214736,179,35,0.8529810736204188,0.03894890260184184,0.10807003625358146,0.8140321710185768,24,19.536772104445845
1964156183528686524,413,0,0.33,0.33,0.34,0.0,0,0.0
1964560096218567096,118,1,0.6919759766260783,0.11332145517071089,0.19470257503290975,0.5786545214553674,3,1.7359635643661022
1964641638942661475,417,0,0.33,0.33,0.34,0.0,0,0.0
1964667214598732315,266,0,0.8690453398227692,0.06004391508487364,0.07091075386231145,0.8090014247378955,6,4.854008548427373
1964689881808644623,112,0,0.33,0.33,0.34,0.0,0,0.0
1964808192723879277,179,2,0.23676896840333939,0.07841816172003746,0.6848129332065582,0.15835080668330193,2,0.31670161336660385
1964827041867902360,158,0,0.8024487388134003,0.08682558148168028,0.11072569088079036,0.71562315733172,4,2.86249262932688
1965241412560903613,117,0,0.33,0.33,0.34,0.0,0,0.0
1965271344406821491,305,1,0.24432329647243023,0.059380847960710526,0.6962958574295044,0.1849424485117197,2,0.3698848970234394
1965381409385527843,338,3,0.9487118571996689,0.0056053535954561085,0.04568279953673482,0.9431065036042128,4,3.772426014416851
1965454311842161771,106,4,0.7827947735786438,0.027478522388264537,0.18972670892253518,0.7553162511903793,4,3.021265004761517
1965970493393022182,146,2,0.4575024589896202,0.0549778581596911,0.4875196859240532,0.40252460082992914,5,2.0126230041496456
1966557515950065806,184,2,0.5187014546245337,0.16429350385442376,0.3170050345361233,0.3544079507701099,2,0.7088159015402198
1966838888661408178,385,19,0.8601599801214119,0.0616599816993173,0.0781800276590021,0.7984999984220945,19,15.171499970019795
1966904414057661364,634,16,0.8699626618375381,0.010092418863981342,0.1199449310079217,0.8598702429735567,24,20.636885831365362
1967037351448375758,678,3,0.806537766456604,0.08549587118206546,0.10796638488769532,0.7210418952745385,4,2.884167581098154
1967491027308708358,303,0,0.33,0.33,0.34,0.0,0,0.0
1967537505349022406,384,15,0.8709940158379704,0.04454774682410062,0.08445823850208208,0.82644626901387,19,15.70247911126353
1967674123912759732,1321,0,0.8170415996963327,0.025607871507421477,0.15735052899203517,0.7914337281889113,22,17.41154202015605
1967692270922378397,307,5,0.8306007415598089,0.06532873982394284,0.10407051167366181,0.7652720017358661,11,8.417992019094527
1967999577048452999,777,21,0.8940783868665281,0.00824576488736531,0.09767584184832546,0.8858326219791628,23,20.374150305520743
1968392967907515066,1177,7,0.9501259842744241,0.0076354688320022365,0.042238540625056394,0.9424905154424218,26,24.504753401502967
1968417708849820201,138,1,0.9735011458396912,0.006854248233139515,0.019644593819975853,0.9666468976065516,1,0.9666468976065516
1968449082763886919,209,0,0.5294449753761292,0.16626542785018683,0.3042896047830582,0.36317954752594234,5,1.8158977376297116
1968555518134146742,725,0,0.8864506185054779,0.010622159345075488,0.10292726894840598,0.8758284591604024,2,1.7516569183208048
1968940595372112282,108,0,0.33,0.33,0.34,0.0,0,0.0
1968993096876347047,634,3,0.9693470001220703,0.00658026896417141,0.024072717875242233,0.9627667311578989,1,0.9627667311578989
1969075449250617223,347,0,0.9018604514809946,0.041602084112431235,0.0565374578970174,0.8602583673685634,24,20.64620081684552
1969091525338291021,104,0,0.33,0.33,0.34,0.0,0,0.0
1969820668952182965,1697,0,0.33,0.33,0.34,0.0,0,0.0
1969868757569774692,407,6,0.7272598052566702,0.07093649623195895,0.20180371827022595,0.6563233090247113,11,7.2195563992718235
1970105052693752666,116,0,0.5582514557242394,0.16800901874589425,0.2737395176912348,0.3902424369783451,6,2.3414546218700707
1970174947247922140,233,1,0.8462421927452087,0.0706784763224423,0.08307932823151351,0.7755637164227664,5,3.8778185821138322
1970898393410561402,177,0,0.5085762511892244,0.29329259929480034,0.1981311482936144,0.2152836518944241,8,1.7222692151553929
1971208203904933783,461,20,0.9262869601899927,0.013948071144775233,0.05976496518335559,0.9123388890452175,22,20.071455558994785
1971210626911940670,511,12,0.7433721890300512,0.04459832218087589,0.21202949362030873,0.6987738668491753,24,16.77057280438021
1971307867160727025,1357,13,0.7245381280508908,0.060458412055688145,0.21500345435840165,0.6640797159952027,22,14.60975375189446
1971376477517755263,1137,7,0.7369692691280083,0.14001388944516127,0.12301682487468829,0.5969553796828471,11,6.5665091765113175
1971790271016726712,18,0,0.33,0.33,0.34,0.0,1,0.0
1971968209775175033,264,9,0.6820220686329735,0.08731583912960357,0.23066210532767906,0.59470622950337,9,5.35235606553033
1972262740177381772,385,0,0.8451703462600708,0.07054248813912273,0.0842871725857258,0.774627858120948,5,3.8731392906047404
1972610720022731842,690,19,0.8304964096347491,0.0771577883263429,0.09234580148454934,0.7533386213084062,21,15.82011104747653
1972952878129714289,1208,33,0.2960603563246938,0.35443255516157174,0.34950710710138083,-0.05837219883687794,24,-1.4009327720850706
1972961552782662640,1770,17,0.5341062510920608,0.13211552665811843,0.33377822092369847,0.40199072443394235,23,9.245786661980674
1973355450128864954,227,5,0.7229474499041126,0.13574390847723755,0.14130863087517875,0.587203541426875,21,12.331274369964376
1973363402822766852,480,3,0.5013836733500163,0.2263392637918393,0.2722770547866821,0.275044409558177,3,0.825133228674531
1973390768719908771,384,13,0.8346311017183157,0.060809576191867776,0.10455931044828434,0.7738215255264479,13,10.059679831843823
1974014044743271652,389,4,0.173949733376503,0.09768261760473251,0.7283676266670227,0.07626711577177048,1,0.07626711577177048
1974105164715236352,341,20,0.7852667939256538,0.04445205645275895,0.17028115583922376,0.7408147374728948,22,16.297924224403687
1974111548788113101,227,20,0.8732548066431826,0.05579105421054093,0.070954143633558,0.8174637524326417,22,17.984202553518116
1974370903995216227,453,1,0.9020034984025088,0.03704174283468588,0.06095475709065796,0.864961755567823,22,19.029158622492105
1974507515615168707,135,0,0.33,0.33,0.34,0.0,0,0.0
1974560814648248972,426,0,0.33,0.33,0.34,0.0,0,0.0
1974727704570141676,95,4,0.5849105935096741,0.20082218810170888,0.21426721224188805,0.3840884054079652,5,1.920442027039826
1974864239977930993,97,6,0.9690015514691671,0.0058069115815063315,0.02519151382148266,0.9631946398876607,3,2.8895839196629822
1974889602120884050,744,0,0.8970268182456493,0.02651909498187403,0.07645409181714058,0.8705077232637753,24,20.892185358330607
1974916628908852232,150,8,0.6142487243882248,0.038388836629954834,0.3473624359550221,0.5758598877582699,7,4.031019214307889
1974929361068884426,2011,75,0.23773312269399566,0.4486620194575794,0.31360486384658587,-0.21092889676358373,21,-4.429506832035258
1974961342429102835,1690,4,0.8937127541253963,0.05560361352089482,0.05068363961996511,0.8381091406045016,24,20.114619374508038
1974966582178544366,484,0,0.7856204107652108,0.08233404752158095,0.1320455426396802,0.7032863632436298,24,16.878872717847116
1974991035557800418,1036,6,0.9193919572376069,0.03595746150417697,0.04465057733335666,0.88343449573343,21,18.55212441040203
1975104844432092604,430,0,0.33,0.33,0.34,0.0,0,0.0
1975548722450035239,568,1,0.6085245311260223,0.07462220592424273,0.3168532829731703,0.5339023252017796,2,1.0678046504035592
1975605437081633971,470,21,0.9225063809752464,0.032591652982324984,0.044901976413093514,0.8899147279929215,24,21.357953471830115
1975751782680411944,1842,19,0.13679456177660648,0.45135620716740105,0.41184924721717836,-0.31456164539079456,17,-5.3475479716435075
1975854453882187240,31,0,0.33,0.33,0.34,0.0,0,0.0
1976111373263840018,231,15,0.9489687927391218,0.010153491849727605,0.04087772418785354,0.9388153008893942,23,21.592751920456067
1976309388354009455,1669,1,0.9338633027672767,0.023864369147534797,0.0422723338380456,0.9099989336197419,24,21.839974406873807
1976543845181537561,50,0,0.33,0.33,0.34,0.0,0,0.0
1976610838903902190,197,0,0.33,0.33,0.34,0.0,0,0.0
1977009543275683478,220,8,0.7382692063649495,0.15480185499911506,0.10692893602823218,0.5834673513658345,15,8.752010270487517
1977013531397851675,1660,2,0.8354637065529823,0.054960612948440644,0.10957568939464789,0.7805030936045417,24,18.732074246509
1977021115747118804,225,0,0.33,0.33,0.34,0.0,0,0.0
1977030405593146577,573,0,0.9488141130484067,0.018270213736149555,0.03291566409027347,0.9305438993122572,26,24.194141382118687
1977178339181548198,642,6,0.7412978705515464,0.07682142038752014,0.18188069480005653,0.6644764501640262,24,15.94743480393663
1977184839715817638,258,2,0.33,0.33,0.34,0.0,1,0.0
1977291635763082100,902,13,0.9714075301004492,0.007256976652728475,0.021335496931620266,0.9641505534477208,23,22.17546272929758
1977731077322974145,1743,11,0.8600634532389434,0.051568597224743475,0.08836794212622488,0.8084948560141999,23,18.595381688326597
1977737397585317252,793,11,0.9532489622556246,0.018112654132195392,0.028638391403051525,0.9351363081234292,26,24.31354401120916
1977860153789309596,325,4,0.716636796746403,0.1616316255265847,0.12173158734291793,0.5550051712198183,10,5.550051712198183
1977865520267343576,456,0,0.33,0.33,0.34,0.0,1,0.0
1977971123136098107,264,4,0.9128439873456955,0.00897459196858108,0.07818140788003802,0.9038693953771144,4,3.6154775815084577
1977990246218170129,47,0,0.33,0.33,0.34,0.0,0,0.0
1978044497694642361,1251,17,0.35392589382989253,0.348191295798625,0.2978828190267086,0.005734598031267524,23,0.13189575471915305
1978213042336334925,328,4,0.9255329236530121,0.022326700529970583,0.052140361193035334,0.9032062231230417,21,18.967330685583875
1978277074150019946,191,0,0.9678971359604284,0.009083916843672725,0.023018970595378625,0.9588132191167557,19,18.217451163218357
1978362693299501315,794,9,0.23989410787820817,0.21085660621523858,0.54924924492836,0.02903750166296959,2,0.05807500332593918
1978444590744466826,25,0,0.33,0.33,0.34,0.0,0,0.0
1978459729386711636,224,17,0.9377339340069077,0.008490270141258159,0.053775802085345444,0.9292436638656496,22,20.44336060504429
1978529910260970654,52,1,0.6554649621248245,0.07055019814288244,0.273984816391021,0.5849147639819421,2,1.1698295279638842
1978664556370356293,399,2,0.051728349179029465,0.03401624411344528,0.9142554402351379,0.017712105065584183,1,0.017712105065584183
1978782164713255969,215,0,0.6466622505187989,0.10188452322098115,0.2514532278900345,0.5447777272978177,15,8.171665909467265
1979008310183154615,110,0,0.9800806045532227,0.0022564155515283346,0.017662931233644485,0.9778241890016943,1,0.9778241890016943
1979009301625099584,312,0,0.45831956522805356,0.26108810000919874,0.28059234400945054,0.1972314652188548,7,1.3806202565319836
1979173579568489119,64,0,0.33,0.33,0.34,0.0,0,0.0
1979957893177707773,279,22,0.8204954444903593,0.027482606978155674,0.1520219400510765,0.7930128375122037,26,20.618333775317296
1979958879802495412,132,0,0.33,0.33,0.34,0.0,0,0.0
1980108181388492514,263,5,0.8334469795227051,0.01277149748057127,0.15378154665231705,0.8206754820421338,5,4.103377410210669
1980191561216097577,247,10,0.8727063510034766,0.015794390479901006,0.11149926643286433,0.8569119605235755,14,11.996767447330058
1980215347382659690,1601,0,0.9704579472541809,0.008326995745301246,0.02121507916599512,0.9621309515088796,5,4.810654757544398
1980391631303538808,404,18,0.9450947599609693,0.019707576431683266,0.03519766083763292,0.9253871835292861,24,22.209292404702865
1980670537755724214,177,0,0.33,0.33,0.34,0.0,0,0.0
1980884193387089403,26,0,0.33,0.33,0.34,0.0,0,0.0
1981225571456428451,252,0,0.33,0.33,0.34,0.0,0,0.0
1981277768437269107,284,0,0.4878828981642922,0.1257040537451394,0.3864130453548084,0.36217884441915277,24,8.692292266059667
1981734008627025760,101,1,0.9250952005386353,0.018780339509248734,0.05612447112798691,0.9063148610293865,1,0.9063148610293865
1981810440590895072,206,0,0.882126645081573,0.019124460277251072,0.09874889171785778,0.863002184804322,9,7.767019663238898
1981986460941627948,189,1,0.3834659680724144,0.0641582679003477,0.5523757576942444,0.31930770017206667,5,1.5965385008603334
1982028900370179985,444,23,0.8644291540980339,0.020020415605977178,0.11555042278021574,0.8444087384920568,25,21.110218462301418
1982281720867958108,395,17,0.582334609044095,0.17268786955935259,0.24497752523825814,0.4096467394847423,24,9.831521747633815
1982307966103210718,1323,10,0.8108487069358428,0.0543079012814754,0.1348433859134093,0.7565408056543674,24,18.15697933570482
1983184463417637769,443,13,0.8073295518068166,0.060329678259933225,0.1323407788703648,0.7469998735468835,13,9.710998356109485
1983299668306982677,221,10,0.6979318665266037,0.04281557476334274,0.2592525550313294,0.6551162917632609,10,6.55116291763261
1983307646637077480,424,6,0.7372655498236418,0.06266402388224379,0.20007044858764858,0.674601525941398,8,5.396812207531184
1983536632044925267,404,10,0.7080358744209463,0.12582902304150842,0.16613510507751597,0.5822068513794378,11,6.404275365173817
1983727539500468535,207,16,0.17207840749195644,0.12113322516105006,0.7067883818490165,0.05094518233090639,7,0.35661627631634474
1983844832916808578,632,1,0.6999866178035736,0.10932319366931915,0.1906901842430234,0.5906634241342544,10,5.9066342413425446
1983984614986725331,19,0,0.18503279050191246,0.24726205130418144,0.5677051234245301,-0.06222926080226898,3,-0.18668778240680695
1984310761740047265,583,0,0.9213353792826334,0.01188783006121715,0.06677676178514957,0.9094475492214164,3,2.728342647664249
1984397962865167819,328,18,0.6523041477086752,0.12165793444920818,0.22603791734608622,0.5306462132594669,23,12.20486290496774
1984401000942077414,288,3,0.6359682247973979,0.15836020335555076,0.20567156970500947,0.4776080214418471,10,4.776080214418471
1984491280910212738,167,2,0.9690970806848436,0.008961320632979983,0.021941604669250193,0.9601357600518635,21,20.162850961089134
1984578166204003461,559,19,0.7762263466182509,0.04843965540836124,0.17533401563175416,0.7277866912098896,19,13.827947132987902
1985039894053785687,446,13,0.5576827864646912,0.20778103952948004,0.2345361807346344,0.34990174693521114,10,3.499017469352111
1985228307482215960,587,2,0.9353333044176301,0.041477727761957794,0.023188957866902154,0.8938555766556723,24,21.452533839736134
1985302603596266761,287,0,0.7501052652512278,0.06570279956396137,0.18419192028364967,0.6844024656872664,7,4.790817259810865
1985890120076549103,1663,3,0.9295625693599382,0.02232798145928731,0.04810945418663323,0.907234587900651,24,21.773630109615624
1986037577953680312,46,0,0.33,0.33,0.34,0.0,0,0.0
1986537661262876032,192,7,0.7558529249259404,0.014735035797847169,0.22941201712403977,0.7411178891280932,7,5.1878252238966525
1986556623595202943,849,0,0.9192825346253812,0.03043981212734555,0.05027764589370539,0.8888427224980356,24,21.332225339952856
1986574113557536588,514,2,0.5148703595250845,0.174614708503553,0.31051493614291154,0.3402556510215315,24,8.166135624516755
1986667243270011679,173,0,0.95310953590605,0.010630720540777676,0.036259751223648586,0.9424788153652722,18,16.9646186765749
1986692855166721739,29,0,0.33,0.33,0.34,0.0,0,0.0
1986934558085131795,378,2,0.561014240582784,0.13118898866077264,0.3077967974543572,0.4298252519220114,6,2.5789515115320683
1987042961690909097,88,4,0.6577810356020928,0.16629458779701964,0.17592437793966384,0.4914864478050731,8,3.931891582440585
1987165583971571795,144,0,0.33,0.33,0.34,0.0,0,0.0
1987393493995122381,231,0,0.9770866473515828,0.007021479479347666,0.01589186688264211,0.9700651678722352,30,29.101955036167055
1987395731648051192,984,18,0.9006909521775587,0.03170324830704236,0.06760580586003406,0.8689877038705163,28,24.331655708374456
1987611665172261498,327,2,0.6667477357983589,0.07211846558749677,0.2611337842717767,0.5946292702108622,5,2.973146351054311
1987816035294448914,179,0,0.33,0.33,0.34,0.0,0,0.0
1987856133192336523,183,5,0.7952173411846161,0.042458413634449244,0.1623242249712348,0.7527589275501668,5,3.7637946377508342
1987881519503693907,3257,0,0.8290656044162237,0.04446804376927993,0.12646635916657173,0.7845975606469437,26,20.399536576820537
1987901075897746369,668,1,0.9395785182714462,0.00917131178236256,0.051250176038593054,0.9304072064890837,24,22.329772955738008
1988000006486803562,1756,0,0.8946500416902394,0.04460947059775488,0.06074047434215362,0.8500405710924847,26,22.1010548484046
1988000701464305095,462,0,0.33,0.33,0.34,0.0,0,0.0
1988052198157006510,278,0,0.4472968289256096,0.21486119666136802,0.33784198023378853,0.23243563226424158,4,0.9297425290569663
1988062317569705446,239,0,0.5390172905921936,0.15479474288225176,0.30618795683979994,0.38422254770994185,10,3.8422254770994186
1988181101658628507,964,0,0.33,0.33,0.34,0.0,0,0.0
1988348279386490654,288,0,0.33,0.33,0.34,0.0,0,0.0
1988660763062201960,281,0,0.5547407368818918,0.18512357181559005,0.2601356928547223,0.3696171650663018,3,1.1088514951989055
1988690810358963862,176,2,0.7960606118043264,0.015202858304190967,0.18873651046305895,0.7808577535001354,9,7.027719781501219
1988909828860292668,211,1,0.8567798066139222,0.06038151610332231,0.08283868294830124,0.7963982905105998,6,4.778389743063599
1989352598012017010,156,2,0.8073491793870926,0.0861165259371046,0.10653430797625334,0.721232653449988,8,5.769861227599904
1989377780176912521,304,0,0.33,0.33,0.34,0.0,0,0.0
1989478067722963063,405,11,0.6443492019405732,0.03048461589675683,0.32516616640182644,0.6138645860438163,13,7.9802396185696125
1989487223830461937,95,0,0.7589600936571758,0.1152627376280725,0.12577718283981085,0.6436973560291032,3,1.9310920680873096
1989607458359882593,807,0,0.8704073151946069,0.046534266614277536,0.08305842920206487,0.8238730485803293,24,19.772953165927902
1989621673051247891,297,8,0.8618189858065711,0.013213528734114435,0.12496750056743622,0.8486054570724567,9,7.63744911365211
1989763003663771158,253,0,0.7865721607208253,0.05924812257555979,0.15417972861123938,0.7273240381452654,7,5.091268267016858
1990068423140467974,417,11,0.7273264804565245,0.08112047432042245,0.19155304518424804,0.646206006136102,18,11.631708110449836
1990194024786792438,384,1,0.5468199634552002,0.17636463042348624,0.27681540518999104,0.37045533303171396,2,0.7409106660634279
1990802225476611139,192,0,0.5166895314625332,0.23469467742900765,0.2486157947672265,0.2819948540335255,7,1.9739639782346783
1990868233688061080,96,5,0.8761880336488996,0.05209031926201923,0.07172165400747743,0.8240977143868804,7,5.768684000708163
1990926552010970859,25,1,0.9747567176818848,0.004613397642970085,0.020629949867725372,0.9701433200389147,1,0.9701433200389147
1991008798680220775,865,10,0.9523865121343861,0.018649799685277368,0.028963676822250307,0.9337367124491088,23,21.475944386329502
1991887952682454684,28,0,0.10612597316503525,0.024264147505164146,0.8696098327636719,0.0818618256598711,1,0.0818618256598711
1991937910659837309,359,20,0.9632260973254839,0.00969245537999086,0.02708143601194024,0.9535336419454931,24,22.884807406691834
1991966587988590984,215,1,0.8824419007982527,0.04164294086396695,0.07591515148590719,0.8407989599342857,14,11.77118543908
1992004103563389806,17,0,0.33,0.33,0.34,0.0,0,0.0
1992004298263174862,17,0,0.33,0.33,0.34,0.0,0,0.0
1992238953450040202,2580,0,0.886604773104191,0.04939222951885313,0.06400298980996012,0.8372125435853377,24,20.093101046048105
1992287080227994768,342,0,0.33,0.33,0.34,0.0,0,0.0
1992320964993823752,86,0,0.6912684468428294,0.15019319236278536,0.1585383618809283,0.541075254480044,6,3.2464515268802643
1992381252073862707,394,22,0.9421080412964026,0.009086511253068844,0.04880545610406747,0.9330215300433338,24,22.39251672104001
1992406730515942683,25,0,0.9837722182273865,0.004410996567457914,0.011816834099590778,0.9793612216599286,1,0.9793612216599286
1992618530302137239,15,0,0.33,0.33,0.34,0.0,0,0.0
1993087845707103048,466,0,0.8048918813777467,0.08835158733806263,0.10675652550222973,0.716540294039684,24,17.196967056952417
1993752865650644252,569,0,0.9660952041546503,0.008290962946678823,0.02561383230689292,0.9578042412079716,24,22.987301788991317
1993824479465305439,122,1,0.5537074208259583,0.00994524173438549,0.4363473057746887,0.5437621790915728,1,0.5437621790915728
1994214219210589372,672,2,0.7440411001443863,0.0351633217651397,0.22079557878896594,0.7088777783792466,8,5.671022227033973
1994388408780454371,182,1,0.9630225002765656,0.0062170366290956736,0.030760494992136955,0.9568054636474699,2,1.9136109272949398
1994435133217717443,327,18,0.8218308693102814,0.07529043221761557,0.10287869842977009,0.7465404370926659,22,16.42388961603865
1994674292171888496,803,7,0.7370810319359103,0.05514585172447065,0.20777311110092947,0.6819351802114397,24,16.366444325074553
1994944282104243022,174,1,0.896509552368751,0.032529793781443286,0.07096064356943736,0.8639797585873077,13,11.231736861635
1995122587688118057,18,2,0.9481055438518524,0.009326944127678871,0.042567525058984756,0.9387785997241735,2,1.877557199448347
1995179038808736941,564,1,0.8472101683461147,0.07443894988857211,0.07835087649119289,0.7727712184575427,23,17.77373802452348
1995179118408639579,30,0,0.33,0.33,0.34,0.0,0,0.0
1995255585152379531,1785,1,0.8876356180508931,0.04857426268708271,0.06379010731975238,0.8390613553638104,24,20.13747252873145
1995352237091486631,67,2,0.9624946117401123,0.006989188259467483,0.030516200233250856,0.9555054234806448,2,1.9110108469612896
1995693893349527031,100,0,0.33,0.33,0.34,0.0,0,0.0
1995724787352566435,167,0,0.33,0.33,0.34,0.0,0,0.0
1995898517991521813,114,0,0.715738439001143,0.08638308453373611,0.19787849066779017,0.6293553544674069,4,2.5174214178696275
1996553378550043731,182,1,0.6526546882770279,0.09848059796474197,0.2488647164251994,0.5541740903122858,11,6.095914993435144
1996577593339581129,31,1,0.9505020976066589,0.0065926252864301205,0.04290526732802391,0.9439094723202288,1,0.9439094723202288
1996595388336946990,104,0,0.33,0.33,0.34,0.0,0,0.0
1996618678193247310,36,0,0.33,0.33,0.34,0.0,0,0.0
1996952778781568234,57,0,0.713968813419342,0.0046540116891264915,0.2813771665096283,0.7093148017302155,1,0.7093148017302155
1997025324570900464,276,1,0.94720508903265,0.008790048770606518,0.04400486033409834,0.9384150402620435,16,15.014640644192696
1997108043335502570,580,3,0.6649679895490408,0.035945165320299566,0.2990868727210909,0.6290228242287412,4,2.516091296914965
1997420770616586930,170,1,0.8541145433698382,0.0696552966481873,0.07623014707650458,0.7844592467216509,7,5.491214727051556
1997547895103989505,545,4,0.8606514469658335,0.04631377961641799,0.09303478358468663,0.8143376673494155,24,19.544104016385972
1998055102715295803,32,2,0.9448441863059998,0.009295776719227433,0.04586005583405495,0.9355484095867723,2,1.8710968191735446
1998169383281092768,410,0,0.33,0.33,0.34,0.0,1,0.0
1999098780581900483,406,3,0.7552449812207903,0.05548752638710929,0.189267522942807,0.699757454833681,7,4.898302183835767
1999210019253483021,268,4,0.7261523050069809,0.09420855149393902,0.17963912737555804,0.6319437535130419,4,2.5277750140521675
1999233742288652416,133,8,0.4609056583046913,0.10136701133684256,0.4377273179311305,0.35953864696784876,8,2.87630917574279
1999378818172048544,281,0,0.9413364082574844,0.006847837183158845,0.05181574169546366,0.9344885710743256,8,7.475908568594605
1999435265172687942,36,3,0.9740695357322693,0.0063335698408385115,0.019596874713897705,0.9677359658914307,3,2.9032078976742923
1999445570309497068,449,0,0.9449737543861071,0.011020516831194982,0.044005725804405905,0.9339532375549121,24,22.41487770131789
1999531705208643007,1595,13,0.7375340097684127,0.0742434551466543,0.18822253282826681,0.6632905546217583,13,8.622777210082859
1999576961302691493,2010,5,0.6424154597148299,0.09510699001916995,0.2624775565524275,0.5473084696956599,24,13.13540327269584
1999655638392686767,634,21,0.873692258568037,0.02499662737362087,0.10131112905928776,0.8486956311944163,21,17.82260825508274
2000018564102487635,43,0,0.33,0.33,0.34,0.0,0,0.0
2000044362377178699,662,1,0.9438059628009796,0.012385004200041294,0.0438090655952692,0.9314209586009383,2,1.8628419172018766
2000061015198460249,950,5,0.5829568218439818,0.06573756993748248,0.3513056074269116,0.5172192519064993,10,5.172192519064993
2000158866909890694,27,1,0.9811153411865234,0.006092763505876064,0.012791910208761692,0.9750225776806474,1,0.9750225776806474
2000169171752590043,808,0,0.33,0.33,0.34,0.0,0,0.0
2000178730522006746,649,8,0.8234068921208382,0.05020959575427696,0.1263835039176047,0.7731972963665612,8,6.18557837093249
2000260407402689833,26,2,0.9247747361660004,0.007167268544435501,0.0680579780600965,0.9176074676215649,2,1.8352149352431297
2000416153243050106,870,16,0.9144649221499761,0.03254096030878524,0.052994117657653994,0.8819239618411908,24,21.16617508418858
2000761779186347639,249,1,0.9711555043856303,0.0045299216484030085,0.02431457241376241,0.9666255827372273,3,2.899876748211682
2000898103772664294,313,15,0.897815485421349,0.04437193754348247,0.05781257556970505,0.8534435478778666,17,14.508540313923731
2001017541778469513,421,0,0.33,0.33,0.34,0.0,1,0.0
2001089209289824725,211,2,0.5541164229313532,0.023452010626594227,0.4224316229422887,0.530664412304759,3,1.591993236914277
2001105140974977095,1014,0,0.33,0.33,0.34,0.0,0,0.0
2001141155449937623,636,0,0.7739112234301865,0.08038188945269213,0.14570689575125775,0.6935293339774944,24,16.644704015459865
2001696291247109169,585,12,0.832487628320232,0.055200601613032634,0.11231178326532246,0.7772870267071994,16,12.43659242731519
2001699705378475363,294,0,0.33,0.33,0.34,0.0,0,0.0
2001743149308257357,137,1,0.5824525444582105,0.110651900973171,0.30689554711803796,0.4718006434850395,4,1.887202573940158
2001878538269406227,114,2,0.9842963218688965,0.0024292703019455075,0.013274431228637695,0.981867051566951,2,1.963734103133902
2001909949765789032,2003,1,0.8811180862411856,0.025026119340133546,0.09385578591066102,0.8560919669010522,24,20.54620720562525
2001981602292323416,97,1,0.9815266728401184,0.005347293335944414,0.013126044534146786,0.976179379504174,1,0.976179379504174
2002162743855151674,99,0,0.33,0.33,0.34,0.0,0,0.0
2002464182083014908,482,15,0.8725400765736898,0.04687551143579185,0.08058439685652653,0.8256645651378979,15,12.384968477068469
2002552307077655766,339,0,0.33,0.33,0.34,0.0,0,0.0
2002896320486098426,188,0,0.9460112204154333,0.011340720093964288,0.04264807087990145,0.9346705003214689,12,11.216046003857628
2002983204362301437,85,0,0.5481411069631577,0.27492661238648,0.17693226132541895,0.2732144945766777,2,0.5464289891533554
2003062049667723047,111,0,0.33,0.33,0.34,0.0,0,0.0
2003228306434029298,26,0,0.9869731068611145,0.0035367970122024417,0.00949008110910654,0.9834363098489121,2,1.9668726196978241
2003252583779838476,257,1,0.8224919843673706,0.082782074881431,0.09472593274540626,0.7397099094859396,13,9.616228823317215
2003651735188636892,19,0,0.9834144711494446,0.005951283033937216,0.010634197853505611,0.9774631881155074,1,0.9774631881155074
2003790633860731930,757,0,0.8359119079663203,0.04319540050668786,0.12089269964024425,0.7927165074596325,26,20.610629193950444
2003796653686301566,370,7,0.7962102658654514,0.040751799046503084,0.163037944389017,0.7554584668189483,19,14.353710869560018
2004107726086659812,419,15,0.9375426183640957,0.026894235294894316,0.03556314286310226,0.9106483830692014,16,14.570374129107222
2005206068065481041,104,7,0.16648174239943425,0.08047209656486909,0.7530461660027504,0.08600964583456516,24,2.064231500029564
2005367961751111081,1852,0,0.8201913635681072,0.03279848245127748,0.14701015417464078,0.7873928811168298,24,18.897429146803916
2005501909078854001,452,11,0.8221982725066218,0.0639947515167296,0.11380696433511649,0.7582035209898922,22,16.680477461777627
2005522405444242380,434,20,0.8847315363656906,0.05153828179175478,0.06373018733624901,0.8331932545739359,21,17.497058346052654
2005529111254498721,435,0,0.23450553506612778,0.1721134907193482,0.5933810007572174,0.062392044346779585,2,0.12478408869355917
2005807861855667343,117,0,0.8728672192777907,0.033229229617198666,0.09390351563159909,0.839637989660592,14,11.754931855248287
2006009014198089271,286,8,0.6863776715472341,0.0199250097211916,0.29369733028579503,0.6664526618260425,8,5.33162129460834
2006075035933872007,1150,11,0.8364279035727183,0.04752872021209139,0.116043375468192,0.7888991833606269,24,18.933580400655046
2006354270630513239,29,0,0.33,0.33,0.34,0.0,1,0.0
2007180826434272177,303,16,0.8774007461865743,0.049864251715441545,0.07273501948267222,0.8275364944711328,15,12.413047417066991
2007247665352760238,719,0,0.33,0.33,0.34,0.0,0,0.0
2007265448210595612,66,3,0.169168150027593,0.14801616653800012,0.6828156797091166,0.02115198348959287,3,0.06345595046877861
2007313720372746462,215,1,0.9721664786338806,0.004707983694970608,0.02312556467950344,0.96745849493891,1,0.96745849493891
2007808610202359806,154,0,0.6533180260658265,0.16737130816094578,0.1793106832355261,0.48594671790488064,4,1.9437868716195226
2007938512285781341,156,1,0.13365931808948517,0.08878346532583237,0.7775571942329407,0.0448758527636528,1,0.0448758527636528
2008055422863565749,184,10,0.7653242215514183,0.017802480352111162,0.2168732937425375,0.7475217411993071,10,7.475217411993071
2008147753561447648,560,2,0.9442805995543798,0.008709605948145812,0.04700978569841633,0.935570993606234,24,22.453703846549615
2008618543674994178,394,0,0.9711342056592306,0.008240914040167505,0.020624876973063994,0.962893291619063,24,23.109438998857513
2008762232612581491,404,14,0.5711416640328734,0.062040656923659544,0.36681766534322185,0.5091010071092138,19,9.672919135075063
2008991290381687802,1607,1,0.7960214580053632,0.054130876342003996,0.1498476671766151,0.7418905816633593,22,16.321592796593904
2009004667041058479,17,0,0.33,0.33,0.34,0.0,0,0.0
2009196216300022804,204,0,0.8387310402393341,0.05639078329969198,0.10487817238643767,0.7823402569396422,10,7.823402569396421
2009198804948803644,96,2,0.45662889719009403,0.16924605142325164,0.37412504673004154,0.28738284576684237,2,0.5747656915336847
2009572645477248465,324,12,0.7769698705456474,0.04207980020395057,0.1809503372724761,0.7348900703416968,11,8.083790773758665
2009729355051606990,440,0,0.33,0.33,0.34,0.0,0,0.0
2009767943017464177,911,0,0.9566474245942157,0.007162929907360155,0.03618965771697138,0.9494844946868556,23,21.838143377797678
2009872892623381844,46,0,0.33,0.33,0.34,0.0,0,0.0
2009954143640655229,632,3,0.7347461869716645,0.10736432743817567,0.15788947292417288,0.6273818595334888,10,6.2738185953348875
2010124467933780206,1748,11,0.7817333518217007,0.07534949030765954,0.14291715438788136,0.7063838615140412,24,16.95321267633699
2010343965207643208,164,1,0.9116662442684174,0.005721941706724465,0.08261184487491846,0.9059443025616929,2,1.8118886051233858
2010611286135808462,1162,8,0.7940858094181333,0.06259294355421194,0.14332127553277782,0.7314928658639214,14,10.2409001220949
2010763588009277674,217,0,0.7857280626893044,0.006691400986164808,0.20758054368197917,0.7790366617031396,5,3.8951833085156977
2010881209555879132,162,0,0.6692881137132645,0.008176508941687644,0.3225353639572859,0.6611116047715768,2,1.3222232095431536
2011059303051284354,2012,1,0.861304711314539,0.025489188135834413,0.1132060925460731,0.8358155231787047,24,20.059572556288913
2011186476804589959,722,4,0.7106279525756836,0.07154174976423383,0.21783032662421467,0.6390862028114498,5,3.195431014057249
2011420021105637429,341,11,0.8600078504426139,0.05544398577617748,0.0845481482813401,0.8045638646664364,14,11.26389410533011
2011811220918801989,1772,2,0.7106053609400987,0.08313186348241289,0.206262771692127,0.6274734974576859,24,15.059363938984461
2011904309159432734,76,0,0.7414675354957581,0.01132191251963377,0.2472105771303177,0.7301456229761243,1,0.7301456229761243
2011938188139759919,18,0,0.26396080404520034,0.16187877263873815,0.574160423874855,0.10208203140646219,5,0.510410157032311
2011981965800075823,120,0,0.33,0.33,0.34,0.0,0,0.0
2012488111313656878,167,0,0.9785385429859161,0.004866365110501647,0.01659511448815465,0.9736721778754145,2,1.947344355750829
2012600893857564378,41,1,0.9837243556976318,0.002240200759842992,0.014035440050065517,0.9814841549377888,1,0.9814841549377888
2012683360727588489,739,5,0.7162163281440735,0.053559489604085686,0.23022417752870492,0.6626568385399878,7,4.638597869779915
2012726981709237016,101,0,0.33,0.33,0.34,0.0,0,0.0
2013062961187550022,311,0,0.6366570973396302,0.16832367164082826,0.19501925081014634,0.4683334256988019,2,0.9366668513976038
2013244010106998147,1889,0,0.8174258888168976,0.08379342609085143,0.09878067586857539,0.7336324627260462,26,19.074444030877203
2013266701685903158,87,0,0.33,0.33,0.34,0.0,0,0.0
2013359093233801050,417,3,0.6868909564614296,0.08780869475915097,0.22530036795884373,0.5990822617022786,4,2.3963290468091145
2013366352803162306,89,0,0.383467564980189,0.014016780847062668,0.6025156304240227,0.3694507841331263,3,1.108352352399379
2013612264669790293,1316,17,0.8503739809741576,0.03450524135337522,0.11512078535587837,0.8158687396207824,24,19.58084975089878
2013833377161027412,110,8,0.614001255646348,0.20786695007793607,0.1781318146251142,0.40613430556841196,10,4.0613430556841195
2013965915741493655,14,0,0.33,0.33,0.34,0.0,0,0.0
2014305896009556257,280,2,0.49868518948554996,0.16949558952823282,0.33181920468807224,0.3291895999573171,2,0.6583791999146342
2014660177994872987,14,1,0.9636275172233582,0.009358521550893784,0.02701394446194172,0.9542689956724644,1,0.9542689956724644
2015136423211998857,331,0,0.8653257848156823,0.06182408917540064,0.0728501241074668,0.8035016956402816,18,14.46303052152507
2015486045335999805,1229,0,0.9748320121031541,0.007024421987947649,0.01814355577628773,0.9678075901152065,26,25.162997342995368
2015598512619863428,19,0,0.33,0.33,0.34,0.0,0,0.0
2016319177958100667,292,3,0.7871684357523918,0.03584827037993819,0.1769832981750369,0.7513201653724536,5,3.756600826862268
2016750641204310691,23,0,0.33,0.33,0.34,0.0,0,0.0
2016752142052224030,26,0,0.33,0.33,0.34,0.0,0,0.0
2016804894517759630,231,5,0.9088713704455983,0.036403591441498566,0.05472503451461142,0.8724677790040997,11,9.597145569045097
2016906624417376765,47,1,0.9470388889312744,0.004035665187984705,0.04892547056078911,0.9430032237432897,1,0.9430032237432897
2017081923800943398,744,0,0.906838560005029,0.03450733379926533,0.058654110173229135,0.8723312262057638,24,20.93594942893833
2017364521072637075,443,0,0.7787957325577736,0.039020356815308334,0.18218391928821803,0.7397753757424652,5,3.6988768787123263
2017604043481549792,124,0,0.8106310260295868,0.08620675558224321,0.1031622295640409,0.7244242704473436,4,2.8976970817893744
2017898380450010292,578,0,0.500215693176724,0.2371180441925147,0.26266626760751627,0.26309764898420934,24,6.314343575621024
2017949082588399729,462,0,0.33,0.33,0.34,0.0,0,0.0
2018115113172617749,77,4,0.3264268720149994,0.1889024879410863,0.48467063724994663,0.1375243840739131,4,0.5500975362956524
2018271993924823095,384,5,0.902358639770084,0.0412259975158506,0.05641536405930917,0.8611326422542334,9,7.7501937802881
2018543522537496908,1025,17,0.9536907853682836,0.019010362823416168,0.02729885591194034,0.9346804225448674,24,22.432330141076818
2018825309639262896,205,4,0.8054457058509191,0.017287118864866596,0.17726719115550318,0.7881585869860525,6,4.728951521916315
2018886173468041657,182,5,0.9087786749818108,0.02385054805654694,0.0673707733845169,0.8849281269252639,22,19.468418792355806
2019000460878380427,115,1,0.7019883251190185,0.12103423473735651,0.1769774146874746,0.580954090381662,3,1.7428622711449862
2019179186345807928,24,0,0.33,0.33,0.34,0.0,0,0.0
2019187088196744578,366,13,0.9262995137770971,0.03132601417368278,0.042374466752323016,0.8949734996034143,12,10.739681995240971
2019326389951186985,39,1,0.9848026633262634,0.0037394757382571697,0.01145788561552763,0.9810631875880063,1,0.9810631875880063
2019327288251853499,314,0,0.9173727755113081,0.035654431138695646,0.046972762129523546,0.8817183443726125,11,9.698901788098738
2019471550399672887,576,14,0.8754496749242147,0.041930262706656424,0.08262005190468497,0.8335194122175582,18,15.003349419916049
2019682756304373234,256,3,0.6318875634670258,0.16969791609793902,0.198414536267519,0.46218964736908674,2,0.9243792947381735
2019782449182947611,154,0,0.7342092328721826,0.10012476105327633,0.1656660106676546,0.6340844718189064,11,6.97492919000797
2020229203266893944,102,7,0.8482342045647757,0.05402176367118955,0.09774400921272382,0.7942124408935862,7,5.559487086255103
2020282107440667597,1071,28,0.6936229808239833,0.05560568945887296,0.2507713290692672,0.6380172913651103,23,14.674397701397538
2020398198945808441,19,1,0.33,0.33,0.34,0.0,1,0.0
2020436674279680272,159,6,0.9568668603897095,0.010157105838879943,0.03297601602971554,0.9467097545508295,5,4.733548772754148
2020462692225126559,21,0,0.33,0.33,0.34,0.0,0,0.0
2020569967807860287,471,5,0.870671499237418,0.031075822884216907,0.09825267457216978,0.8395956763532013,20,16.791913527064025
2020624998637890296,249,15,0.8969009674730755,0.012124485458203015,0.09097454546108133,0.8847764820148725,21,18.580306122312322
2020690621156654710,26,2,0.6514922463893891,0.16952093966305257,0.17898681674152614,0.4819713067263365,2,0.963942613452673
2020974785319770303,42,2,0.3439900670051575,0.0963982850164175,0.5596116535663604,0.24759178198873996,5,1.2379589099436998
2021204670390864005,20,2,0.6555167222023011,0.168400701796636,0.17608256226405503,0.48711602040566504,2,0.9742320408113301
2021390752862183974,64,0,0.6339672589302063,0.16886321172118188,0.1971694976836443,0.46510404720902443,2,0.9302080944180489
2021820614982441254,310,16,0.4261275334904591,0.09503828000160865,0.478834193230917,0.3310892534888505,24,7.946142083732411
2021935221797931285,120,0,0.7039207763671875,0.13864398940280082,0.15743524307757617,0.5652767869643867,5,2.8263839348219335
2022035566142244158,50,1,0.9555341899394989,0.00674933532718569,0.03771648555994034,0.9487848546123132,2,1.8975697092246264
2022093523092069359,1195,0,0.9044785779714584,0.024714708228129895,0.07080672336587061,0.8797638697433285,24,21.114332873839885
2022165150999725347,20,0,0.33,0.33,0.34,0.0,0,0.0
2022243582581969454,143,3,0.5407825024922689,0.2218927059136331,0.23732477560639384,0.31888979657863575,3,0.9566693897359073
2022547254644255384,101,1,0.9730319778124491,0.004501796405141552,0.02246625752498706,0.9685301814073076,3,2.9055905442219228
2022796989721495989,160,1,0.40590804719055695,0.3397242122717823,0.25436774096451703,0.06618383491877466,12,0.794206019025296
2022959281644606307,1008,3,0.7657343759256251,0.10809127691147083,0.1261743508608026,0.6576430990141543,17,11.179932683240622
2023140664665000785,61,2,0.2849315162499746,0.1402385004858176,0.5748300043741862,0.14469301576415697,3,0.43407904729247093
2023512550969064696,192,8,0.7678375678592259,0.08064723882410262,0.15151519517931675,0.6871903290351232,9,6.184712961316109
2023669626931707591,169,16,0.88381329814593,0.0367393346518899,0.07944736180827022,0.8470739634940401,24,20.32977512385696
2023892279227446827,189,6,0.8542864012718201,0.04195375725034286,0.103759840821678,0.8123326440214772,11,8.93565908423625
2024241775439077694,392,13,0.8679356362138476,0.012273357615673117,0.11979101105992283,0.8556622785981745,14,11.979271900374442
2024501028052924668,343,7,0.861708482950926,0.04792808005042995,0.09036343220621347,0.8137804029004959,24,19.5307296696119
2024855381570727378,261,0,0.33,0.33,0.34,0.0,0,0.0
2024911200919361564,52,2,0.8796393573284149,0.0034876170102506876,0.1168730640783906,0.8761517403181642,2,1.7523034806363285
2025012932087049385,114,5,0.975504736105601,0.006018524252188702,0.018476755047837894,0.9694862118534123,6,5.816917271120474
2025160277323758030,162,0,0.634230475872755,0.03332883527036756,0.33244068594649434,0.6009016406023875,4,2.40360656240955
2025334486606201557,564,0,0.5050397634506225,0.05308809685520828,0.4418721554800868,0.4519516665954143,10,4.519516665954143
2025715527314781978,237,0,0.33,0.33,0.34,0.0,1,0.0
2025959565016036426,127,5,0.6577111471870116,0.16479517924200213,0.17749367949153697,0.49291596794500947,7,3.4504117756150663
2026082491391142285,22,0,0.9606338143348694,0.006842537317425013,0.03252364322543144,0.9537912770174444,1,0.9537912770174444
2026459800157666356,215,0,0.33,0.33,0.34,0.0,0,0.0
2026557046790526951,1240,2,0.4642075554529826,0.1356838275430103,0.4001086242993673,0.32852372790997225,3,0.9855711837299168
2026961258504008359,69,0,0.14845038950443268,0.0994618684053421,0.7520877718925476,0.048988521099090576,1,0.048988521099090576
2027171554437305946,80,6,0.717745504464422,0.06198780992600535,0.2202666825162513,0.6557576945384166,7,4.590303861768916
2027463697526746901,107,4,0.43663207903504375,0.20381947416812182,0.35954844051040713,0.2328126048669219,4,0.9312504194676876
2027771681468449475,1433,0,0.9134418382247289,0.03515276236537223,0.051405398400966085,0.8782890758593567,24,21.07893782062456
2027785797977231395,21,2,0.7443579435348511,0.008418771205469966,0.24722330830991268,0.7359391723293811,2,1.4718783446587622
2028026181273526706,29,0,0.33,0.33,0.34,0.0,0,0.0
2028041344093571398,1068,3,0.8917057471275329,0.03934384047589265,0.06895042095892132,0.8523619066516404,20,17.047238133032806
2028242465802294572,266,3,0.8360769757926464,0.04196551063051447,0.1219575030412525,0.7941114651621319,20,15.882229303242639
2028435009765001236,625,4,0.8585698639005421,0.054160807895008475,0.0872693257946521,0.8044090560055338,20,16.088181120110676
2028941418110955938,532,1,0.6632736737281084,0.07006718371645548,0.26665914956945924,0.5932064900116529,8,4.7456519200932235
2029160883942751027,618,0,0.8766447902470826,0.023216269946036244,0.10013894298889985,0.8534285203010464,24,20.482284487225115
2029798698858364619,222,3,0.9444772452116013,0.010225107107544318,0.04529764025937766,0.9342521381040569,8,7.4740171048324555
2030066515521094158,502,18,0.8763757712311215,0.008587056977881325,0.11503717624064949,0.8677887142532401,18,15.620196856558323
2030268344137091446,23,1,0.9395951628684998,0.009446535259485245,0.0509583055973053,0.9301486276090145,1,0.9301486276090145
2030834730836024927,30,2,0.7050198769569397,0.12913716271519662,0.1658429367343585,0.5758827142417431,3,1.7276481427252293
2031652737179029432,655,2,0.656591215133667,0.16676898832432926,0.176639760453254,0.48982222680933774,2,0.9796444536186755
2032796295886132279,206,0,0.9788690209388733,0.002524951472878456,0.018606029450893402,0.9763440694659948,1,0.9763440694659948
2032871040464835391,289,0,0.4996283601088958,0.10903346231715245,0.3913381763886322,0.3905948977917433,11,4.296543875709176
2033113806654072997,253,6,0.5557087458372116,0.1980418030107394,0.24624945471435788,0.3576669428264722,10,3.5766694282647222
2033304992140838188,202,0,0.7474888022740682,0.11270586476350825,0.13980531324942908,0.6347829375105599,3,1.9043488125316799
2033521071441612328,198,0,0.97614985704422,0.006473342422395945,0.017376776784658432,0.969676514621824,1,0.969676514621824
2033605914157694679,8,0,0.33,0.33,0.34,0.0,0,0.0
2033662418514053663,94,0,0.6088706701993942,0.00590081000700593,0.38522856030613184,0.6029698601923883,2,1.2059397203847766
2033712832746844408,1159,0,0.9410613524286371,0.011397973438234706,0.04754068719615277,0.9296633789904023,19,17.663604200817645
2034031614875707505,90,3,0.3588889141877492,0.047098364060123764,0.594012717405955,0.31179055012762547,3,0.9353716503828764
2034247339406702777,48,0,0.33,0.33,0.34,0.0,0,0.0
2034300442281562586,80,3,0.945339560508728,0.004449301864951849,0.05021113017573953,0.9408902586437762,2,1.8817805172875524
2034327436795099248,15,1,0.9643890261650085,0.006998103577643633,0.028612786903977394,0.9573909225873649,1,0.9573909225873649
2035311381464596030,676,1,0.7386969923973083,0.06106891110539436,0.20023411512374878,0.677628081291914,1,0.677628081291914
2035433245734429572,302,0,0.9726732969284058,0.0031479180324822664,0.02417881414294243,0.9695253788959235,1,0.9695253788959235
2035881927025697933,703,2,0.33,0.33,0.34,0.0,2,0.0
2038591836582324619,195,0,0.33,0.33,0.34,0.0,0,0.0
2038677348290770711,435,0,0.808883048593998,0.012431006412953138,0.17868591658771038,0.7964520421810448,4,3.1858081687241793
2038812733864075560,32,0,0.9755951166152954,0.006464218720793724,0.017940649762749672,0.9691308978945017,1,0.9691308978945017
2039010952872372980,163,3,0.8874503483091082,0.050600478581285906,0.06194916156785829,0.8368498697278223,7,5.857949088094756
2039605930490111628,253,1,0.5368091560964999,0.1671760518492564,0.2960148008410698,0.3696331042472435,23,8.5015613976866
2042692943592314864,102,6,0.7914876474652972,0.09781742842202741,0.11069493798272952,0.6936702190432698,7,4.855691533302888
